$$HAR,0:0:0,0,0,0,0,0,0,73878,3499,100000,0,0
$$HAR,0:0:2,0,0,0,0,0,9999,98149,2458,52114,0,0
$$HAR,0:0:5,0,0,0,0,0,9999,98151,2458,51538,0,0
$$HAR,0:0:8,0,0,0,0,0,9999,98149,2459,50794,0,0
$$HAR,0:0:11,0,0,0,0,0,9999,98149,2460,50255,0,0
$$HAR,0:0:14,0,0,0,0,0,9999,98151,2461,50079,0,0
$$HAR,0:0:17,0,0,0,0,0,9999,98149,2461,50293,0,0
$$HAR,0:0:20,0,0,0,0,0,9999,98149,2462,50469,0,0
$$HAR,0:0:23,0,0,0,0,0,9999,98151,2463,50504,0,0
$$HAR,0:0:26,0,0,0,0,0,9999,98149,2463,50498,0,0
$$HAR,0:0:29,0,0,0,0,0,9999,98149,2464,50459,0,0
$$HAR,0:0:32,0,0,0,0,0,9999,98151,2465,50545,0,0
$$HAR,0:0:35,0,0,0,0,0,9999,98149,2465,50733,0,0
$$HAR,0:0:38,0,0,0,0,0,9999,98153,2466,50909,0,0
$$HAR,0:0:41,0,0,0,0,0,9999,98151,2467,50834,0,0
$$HAR,0:0:44,0,0,0,0,0,9999,98151,2468,50527,0,0
$$HAR,0:0:47,0,0,0,0,0,9999,98153,2469,50160,0,0
$$HAR,0:0:50,0,0,0,0,0,9999,98151,2470,49871,0,0
$$HAR,0:0:53,0,0,0,0,0,9999,98151,2470,49683,0,0
$$HAR,0:0:56,0,0,0,0,0,9999,98153,2471,49490,0,0
$$HAR,0:0:59,0,0,0,0,0,9999,98153,2471,49340,0,0
$$HAR,0:1:2,0,0,0,0,0,9999,98151,2471,49358,0,0
$$HAR,0:1:5,0,0,0,0,0,9999,98151,2471,49439,0,0
$$HAR,0:1:8,0,0,0,0,0,9999,98151,2472,49468,0,0
$$HAR,0:1:11,0,0,0,0,0,9999,98151,2472,49387,0,0
$$HAR,0:1:14,0,0,0,0,0,9999,98151,2472,49281,0,0
$$HAR,0:1:17,0,0,0,0,0,9999,98151,2472,49200,0,0
$$HAR,0:1:20,0,0,0,0,0,9999,98151,2471,49109,0,0
$$HAR,0:1:23,0,0,0,0,0,9999,98151,2471,49021,0,0
$$HAR,0:1:26,0,0,0,0,0,9999,98153,2471,48955,0,0
$$HAR,0:1:29,0,0,0,0,0,9999,98151,2470,48904,0,0
$$HAR,0:1:32,0,0,0,0,0,9999,98151,2469,48880,0,0
$$HAR,0:1:35,0,0,0,0,0,9999,98153,2469,48867,0,0
$$HAR,0:1:38,0,0,0,0,0,9999,98151,2468,48839,0,0
$$HAR,0:1:41,0,0,0,0,0,9999,98151,2467,48819,0,0
$$HAR,0:1:44,0,0,0,0,0,9999,98153,2466,48863,0,0
$$HAR,0:1:47,0,0,0,0,0,9999,98149,2466,49136,0,0
$$HAR,0:1:50,0,0,0,0,0,9999,98149,2465,49374,0,0
$$HAR,0:1:53,0,0,0,0,0,9999,98147,2464,49414,0,0
$$HAR,0:1:56,0,0,0,0,0,9999,98149,2463,49402,0,0
$$HAR,0:1:59,0,0,0,0,0,9999,98149,2462,49323,0,0
$$HAR,0:0:0,0,0,0,0,0,0,73878,3499,100000,0,0
$$HAR,0:0:2,0,0,0,0,0,9999,98149,2457,49300,0,0
$$HAR,0:0:5,0,0,0,0,0,9999,98149,2457,49338,0,0
$$HAR,0:0:8,0,0,0,0,0,9999,98149,2457,49420,0,0
$$HAR,0:0:11,0,0,0,0,0,9999,98149,2457,49525,0,0
$$HAR,0:0:14,0,0,0,0,0,9999,98151,2456,49582,0,0
$$HAR,0:0:17,0,0,0,0,0,9999,98149,2456,49525,0,0
$$HAR,0:0:20,0,0,0,0,0,9999,98151,2456,49912,0,0
$$HAR,0:0:23,0,0,0,0,0,9999,98151,2455,50122,0,0
$$HAR,0:0:26,0,0,0,0,0,9999,98153,2454,49975,0,0
$$HAR,0:0:29,0,0,0,0,0,9999,98151,2454,49775,0,0
$$HAR,0:0:32,0,0,0,0,0,9999,98153,2453,49590,0,0
$$HAR,0:0:35,0,0,0,0,0,9999,98151,2452,49490,0,0
$$HAR,0:0:38,0,0,0,0,0,9999,98153,2452,49458,0,0
$$HAR,0:0:41,0,0,0,0,0,9999,98153,2451,49437,0,0
$$HAR,0:0:44,0,0,0,0,0,9999,98155,2451,49425,0,0
$$HAR,0:0:47,0,0,0,0,0,9999,98149,2450,49417,0,0
$$HAR,0:0:50,0,0,0,0,0,9999,98151,2450,49431,0,0
$$HAR,0:0:53,0,0,0,0,0,9999,98151,2450,49437,0,0
$$HAR,0:0:56,0,0,0,0,0,9999,98153,2449,49437,0,0
$$HAR,0:0:59,0,0,0,0,0,9999,98153,2449,49573,0,0
$$HAR,0:1:2,0,0,0,0,0,9999,98151,2448,49545,0,0
$$HAR,0:1:5,0,0,0,0,0,9999,98151,2448,49439,0,0
$$HAR,0:1:8,0,0,0,0,0,9999,98153,2447,49410,0,0
$$HAR,0:1:11,0,0,0,0,0,9999,98151,2446,49577,0,0
$$HAR,0:1:14,0,0,0,0,0,9999,98151,2446,49819,0,0
$$HAR,0:1:17,0,0,0,0,0,9999,98153,2445,50027,0,0
$$HAR,0:1:20,0,0,0,0,0,9999,98155,2444,50173,0,0
$$HAR,0:1:23,0,0,0,0,0,9999,98153,2444,50261,0,0
$$HAR,0:1:26,0,0,0,0,0,9999,98153,2444,50400,0,0
$$HAR,0:1:29,0,0,0,0,0,9999,98153,2443,50531,0,1
$$HAR,0:1:32,0,0,0,0,0,9999,98153,2443,50676,0,0
$$HAR,0:1:35,0,0,0,0,0,9999,98155,2443,50745,0,0
$$HAR,0:1:38,0,0,0,0,0,9999,98155,2443,50694,0,0
$$HAR,0:1:41,0,0,0,0,0,9999,98155,2442,50565,0,0
$$HAR,0:1:44,0,0,0,0,0,9999,98153,2442,50665,0,0
$$HAR,0:1:47,0,0,0,0,0,9999,98153,2442,50704,0,0
$$HAR,0:1:50,0,0,0,0,0,9999,98153,2442,50541,0,0
$$HAR,0:1:53,0,0,0,0,0,9999,98153,2442,50377,0,0
$$HAR,0:1:56,0,0,0,0,0,9999,98153,2442,50332,0,0
$$HAR,0:1:59,0,0,0,0,0,9999,98153,2442,50596,0,0
$$HAR,0:2:2,0,0,0,0,0,9999,98153,2442,50868,0,0
$$HAR,0:2:5,0,0,0,0,0,9999,98153,2442,50942,0,0
$$HAR,0:2:8,0,0,0,0,0,9999,98155,2443,50964,0,0
$$HAR,0:2:11,0,0,0,0,0,9999,98155,2443,52033,0,0
$$HAR,0:2:14,0,0,0,0,0,9999,98155,2444,53825,0,0
$$HAR,0:2:17,0,0,0,0,0,9999,98155,2445,53978,0,0
$$HAR,0:2:20,0,0,0,0,0,9999,98155,2445,53147,0,0
$$HAR,0:2:23,0,0,0,0,0,9999,98153,2446,52542,0,0
$$HAR,0:2:26,0,0,0,0,0,9999,98155,2447,52235,0,0
$$HAR,0:2:29,0,0,0,0,0,9999,98155,2448,52056,0,0
$$HAR,0:2:32,0,0,0,0,0,9999,98155,2448,51910,0,0
$$HAR,0:2:35,0,0,0,0,0,9999,98155,2449,51572,0,0
$$HAR,0:2:38,0,0,0,0,0,9999,98155,2450,51244,0,0
$$HAR,0:2:41,0,0,0,0,0,9999,98153,2450,50885,0,0
$$HAR,0:2:44,0,0,0,0,0,9999,98153,2450,50482,0,0
$$HAR,0:2:47,0,0,0,0,0,9999,98159,2450,50262,0,0
$$HAR,0:2:50,0,0,0,0,0,9999,98157,2451,50174,0,0
$$HAR,0:2:53,0,0,0,0,0,9999,98157,2451,50113,0,0
$$HAR,0:2:56,0,0,0,0,0,9999,98157,2451,49999,0,0
$$HAR,0:2:59,0,0,0,0,0,9999,98157,2451,49824,0,0
$$HAR,0:3:2,0,0,0,0,0,9999,98157,2450,49681,0,0
$$HAR,0:3:5,0,0,0,0,0,9999,98153,2450,49567,0,0
$$HAR,0:3:8,0,0,0,0,0,9999,98153,2450,49480,0,0
$$HAR,0:3:11,0,0,0,0,0,9999,98153,2450,49449,0,0
$$HAR,0:3:14,0,0,0,0,0,9999,98153,2450,49480,0,0
$$HAR,0:3:17,0,0,0,0,0,9999,98153,2450,49531,0,0
$$HAR,0:3:20,0,0,0,0,0,9999,98155,2449,49525,0,0
$$HAR,0:3:23,0,0,0,0,0,9999,98155,2449,49474,0,0
$$HAR,0:3:26,0,0,0,0,0,9999,98155,2449,49417,0,0
$$HAR,0:3:29,0,0,0,0,0,9999,98155,2449,49386,0,0
$$HAR,0:3:32,0,0,0,0,0,9999,98155,2449,49381,0,0
$$HAR,0:3:35,0,0,0,0,0,9999,98155,2449,49368,0,0
$$HAR,0:3:38,0,0,0,0,0,9999,98155,2449,49368,0,0
$$HAR,0:3:41,0,0,0,0,0,9999,98157,2448,49364,0,0
$$HAR,0:3:44,0,0,0,0,0,9999,98153,2448,49346,0,0
$$HAR,0:3:47,0,0,0,0,0,9999,98153,2448,49321,0,0
$$HAR,0:3:50,0,0,0,0,0,9999,98153,2448,49301,0,0
$$HAR,0:3:53,0,0,0,0,0,9999,98155,2447,49299,0,0
$$HAR,0:3:56,0,0,0,0,0,9999,98155,2447,49305,0,0
$$HAR,0:3:59,0,0,0,0,0,9999,98155,2447,49335,0,0
$$HAR,0:4:2,0,0,0,0,0,9999,98155,2446,49364,0,0
$$HAR,0:4:5,0,0,0,0,0,9999,98155,2446,49725,0,0
$$HAR,0:4:8,0,0,0,0,0,9999,98155,2447,50174,0,0
$$HAR,0:4:11,0,0,0,0,0,9999,98155,2447,50664,0,0
$$HAR,0:4:14,0,0,0,0,0,9999,98155,2447,51022,0,0
$$HAR,0:4:17,0,0,0,0,0,9999,98153,2447,50864,0,0
$$HAR,0:0:0,0,0,0,0,0,0,73878,3499,100000,0,0
$$HAR,0:0:2,0,0,0,0,0,9999,98155,2423,52515,0,0
$$HAR,0:0:5,0,0,0,0,0,9999,98155,2424,52610,0,0
$$HAR,0:0:8,0,0,0,0,0,9999,98155,2425,54233,0,0
$$HAR,0:0:11,0,0,0,0,0,9999,98155,2426,55256,0,0
$$HAR,0:0:14,0,0,0,0,0,9999,98157,2427,54777,0,0
$$HAR,0:0:17,0,0,0,0,0,9999,98155,2428,54130,0,0
$$HAR,0:0:20,0,0,0,0,0,9999,98157,2429,53166,0,0
$$HAR,0:0:23,0,0,0,0,0,9999,98157,2429,52244,0,0
$$HAR,0:0:26,0,0,0,0,0,9999,98155,2430,51636,0,0
$$HAR,0:0:29,0,0,0,0,0,9999,98155,2430,51303,0,0
$$HAR,0:0:32,0,0,0,0,0,9999,98155,2430,51006,0,0
$$HAR,0:0:35,0,0,0,0,0,9999,98155,2430,50678,0,0
$$HAR,0:0:38,0,0,0,0,0,9999,98155,2430,50415,0,0
$$HAR,0:0:41,0,0,0,0,0,9999,98155,2430,50246,0,0
$$HAR,0:0:44,0,0,0,0,0,9999,98155,2430,50121,0,0
$$HAR,0:0:47,0,0,0,0,0,9999,98155,2430,50052,0,0
$$HAR,0:0:50,0,0,0,0,0,9999,98155,2429,49995,0,0
$$HAR,0:0:53,0,0,0,0,0,9999,98155,2429,49964,0,0
$$HAR,0:0:56,0,0,0,0,0,9999,98155,2429,49976,0,0
$$HAR,0:0:59,0,0,0,0,0,9999,98155,2429,49982,0,0
$$HAR,0:1:2,0,0,0,0,0,9999,98155,2429,50009,0,0
$$HAR,0:1:5,0,0,0,0,0,9999,98155,2429,50064,0,0
$$HAR,0:1:8,0,0,0,0,0,9999,98155,2429,50215,0,0
$$HAR,0:1:11,0,0,0,0,0,9999,98155,2429,50421,0,0
$$HAR,0:1:14,0,0,0,0,0,9999,98157,2429,50548,0,0
$$HAR,0:1:17,0,0,0,0,0,9999,98157,2429,50603,0,0
$$HAR,0:1:20,0,0,0,0,0,9999,98155,2428,50617,0,0
$$HAR,0:1:23,0,0,0,0,0,9999,98155,2428,50635,0,0
$$HAR,0:1:26,0,0,0,0,0,9999,98155,2428,50705,0,0
$$HAR,0:1:29,0,0,0,0,0,9999,98153,2428,50785,0,0
$$HAR,0:1:32,0,0,0,0,0,9999,98155,2428,50848,0,0
$$HAR,0:1:35,0,0,0,0,0,9999,98153,2428,50866,0,0
$$HAR,0:1:38,0,0,0,0,0,9999,98153,2428,50754,0,0
$$HAR,0:1:41,0,0,0,0,0,9999,98153,2428,50560,0,0
$$HAR,0:1:44,0,0,0,0,0,9999,98153,2428,50408,0,0
$$HAR,0:1:47,0,0,0,0,0,9999,98153,2428,50333,0,0
$$HAR,0:1:50,0,0,0,0,0,9999,98153,2428,50296,0,0
$$HAR,0:1:53,0,0,0,0,0,9999,98153,2428,50308,0,0
$$HAR,0:1:56,0,0,0,0,0,9999,98153,2428,50327,0,0
$$HAR,0:1:59,0,0,0,0,0,9999,98153,2428,50351,0,0
$$HAR,0:2:2,0,0,0,0,0,9999,98155,2429,50441,0,0
$$HAR,0:2:5,0,0,0,0,0,9999,98155,2429,50490,0,0
$$HAR,0:2:8,0,0,0,0,0,9999,98155,2429,50497,0,0
$$HAR,0:2:11,0,0,0,0,0,9999,98155,2429,50421,0,0
$$HAR,0:2:14,0,0,0,0,0,9999,98153,2429,50333,0,0
$$HAR,0:2:17,0,0,0,0,0,9999,98153,2430,50327,0,0
$$HAR,0:2:20,0,0,0,0,0,9999,98153,2430,50339,0,0
$$HAR,0:2:23,0,0,0,0,0,9999,98151,2430,50347,0,0
$$HAR,0:2:26,0,0,0,0,0,9999,98153,2431,50327,0,0
$$HAR,0:2:29,0,0,0,0,0,9999,98153,2431,50339,0,0
$$HAR,0:2:32,0,0,0,0,0,9999,98153,2432,50413,0,0
$$HAR,0:2:35,0,0,0,0,0,9999,98151,2432,50544,0,0
$$HAR,0:2:38,0,0,0,0,0,9999,98155,2433,51350,0,0
$$HAR,0:2:41,0,0,0,0,0,9999,98153,2433,51792,0,0
$$HAR,0:2:44,0,0,0,0,0,9999,98153,2434,51663,0,0
$$HAR,0:2:47,0,0,0,0,0,9999,98151,2434,51562,0,0
$$HAR,0:2:50,0,0,0,0,0,9999,98157,2435,51497,0,0
$$HAR,0:2:53,0,0,0,0,0,9999,98155,2435,51218,0,0
$$HAR,0:2:56,0,0,0,0,0,9999,98155,2435,50797,0,0
$$HAR,0:2:59,0,0,0,0,0,9999,98155,2435,50426,0,0
$$HAR,0:3:2,0,0,0,0,0,9999,98155,2436,50185,0,0
$$HAR,0:3:5,0,0,0,0,0,9999,98155,2436,50097,0,0
$$HAR,0:3:8,0,0,0,0,0,9999,98153,2436,50134,0,0
$$HAR,0:3:11,0,0,0,0,0,9999,98153,2436,50091,0,0
$$HAR,0:3:14,0,0,0,0,0,9999,98153,2436,50091,0,0
$$HAR,0:3:17,0,0,0,0,0,9999,98153,2436,50067,0,0
$$HAR,0:3:20,0,0,0,0,0,9999,98153,2436,50140,0,0
$$HAR,0:3:23,0,0,0,0,0,9999,98153,2436,50366,0,0
$$HAR,0:3:26,0,0,0,0,0,9999,98153,2436,50681,0,0
$$HAR,0:0:0,0,0,0,0,0,0,73878,3499,100000,0,0
$$HAR,0:0:2,0,0,0,0,0,9999,98153,2432,52864,0,0
$$HAR,0:0:5,0,0,0,0,0,9999,98151,2432,52806,0,0
$$HAR,0:0:8,0,0,0,0,0,9999,98153,2433,52216,0,0
$$HAR,0:0:11,0,0,0,0,0,9999,98151,2433,51627,0,0
$$HAR,0:0:14,0,0,0,0,0,9999,98151,2434,51100,0,0
$$HAR,0:0:17,0,0,0,0,0,9999,98155,2434,50736,0,0
$$HAR,0:0:20,0,0,0,0,0,9999,98155,2435,50526,0,0
$$HAR,0:0:23,0,0,0,0,0,9999,98153,2435,50665,0,0
$$HAR,0:0:26,0,0,0,0,0,9999,98153,2436,50769,0,0
$$HAR,0:0:29,0,0,0,0,0,9999,98153,2436,50669,0,0
$$HAR,0:0:32,0,0,0,0,0,9999,98153,2436,50554,0,0
$$HAR,0:0:35,0,0,0,0,0,9999,98153,2436,50442,0,0
$$HAR,0:0:38,0,0,0,0,0,9999,98153,2436,50366,0,0
$$HAR,0:0:41,0,0,0,0,0,9999,98151,2436,50391,0,0
$$HAR,0:0:44,0,0,0,0,0,9999,98151,2436,50336,0,0
$$HAR,0:0:47,0,0,0,0,0,9999,98151,2436,50373,0,0
$$HAR,0:0:50,0,0,0,0,0,9999,98153,2436,50454,0,0
$$HAR,0:0:53,0,0,0,0,0,9999,98153,2436,50473,0,0
$$HAR,0:0:56,0,0,0,0,0,9999,98153,2436,50518,0,0
$$HAR,0:0:59,0,0,0,0,0,9999,98153,2436,50524,0,1
$$HAR,0:1:2,0,0,0,0,0,9999,98153,2436,50518,0,0
$$HAR,0:1:5,0,0,0,0,0,9999,98153,2436,50530,0,0
$$HAR,0:1:8,0,0,0,0,0,9999,98155,2436,50573,0,0
$$HAR,0:1:11,0,0,0,0,0,9999,98155,2436,50624,0,0
$$HAR,0:1:14,0,0,0,0,0,9999,98155,2437,50669,0,0
$$HAR,0:1:17,0,0,0,0,0,9999,98155,2437,50687,0,0
$$HAR,0:1:20,0,0,0,0,0,9999,98155,2437,50706,0,0
$$HAR,0:1:23,0,0,0,0,0,9999,98155,2437,50706,0,0
$$HAR,0:1:26,0,0,0,0,0,9999,98155,2438,50696,0,0
$$HAR,0:1:29,0,0,0,0,0,9999,98155,2438,50704,0,0
$$HAR,0:1:32,0,0,0,0,0,9999,98153,2438,50696,0,0
$$HAR,0:1:35,0,0,0,0,0,9999,98155,2438,50696,0,0
$$HAR,0:1:38,0,0,0,0,0,9999,98155,2439,50683,0,0
$$HAR,0:1:41,0,0,0,0,0,9999,98155,2439,50689,0,0
$$HAR,0:1:44,0,0,0,0,0,9999,98153,2439,50710,0,0
$$HAR,0:1:47,0,0,0,0,0,9999,98153,2440,50723,0,0
$$HAR,0:1:50,0,0,0,0,0,9999,98155,2441,50735,0,0
$$HAR,0:1:53,0,0,0,0,0,9999,98153,2441,50753,0,0
$$HAR,0:1:56,0,0,0,0,0,9999,98153,2442,50760,0,0
$$HAR,0:1:59,0,0,0,0,0,9999,98153,2442,50760,0,0
$$HAR,0:2:2,0,0,0,0,0,9999,98153,2443,50739,0,0
$$HAR,0:2:5,0,0,0,0,0,9999,98151,2444,50719,0,0
$$HAR,0:2:8,0,0,0,0,0,9999,98153,2445,50717,0,1
$$HAR,0:2:11,0,0,0,0,0,9999,98151,2446,50692,0,0
$$HAR,0:2:14,0,0,0,0,0,9999,98153,2447,50688,0,0
$$HAR,0:2:17,0,0,0,0,0,9999,98151,2447,50670,0,0
$$HAR,0:2:20,0,0,0,0,0,9999,98149,2448,50660,0,0
$$HAR,0:2:23,0,0,0,0,0,9999,98151,2449,50639,0,0
$$HAR,0:2:26,0,0,0,0,0,9999,98149,2450,50627,0,0
$$HAR,0:2:29,0,0,0,0,0,9999,98153,2451,50627,0,0
$$HAR,0:2:32,0,0,0,0,0,9999,98151,2452,50617,0,0
$$HAR,0:2:35,0,0,0,0,0,9999,98153,2453,50611,0,0
$$HAR,0:2:38,0,0,0,0,0,9999,98151,2454,50615,0,0
$$HAR,0:2:41,0,0,0,0,0,9999,98151,2455,50630,0,0
$$HAR,0:2:44,0,0,0,0,0,9999,98151,2456,50659,0,0
$$HAR,0:2:47,0,0,0,0,0,9999,98151,2457,50671,0,0
$$HAR,0:2:50,0,0,0,0,0,9999,98149,2458,50663,0,0
$$HAR,0:2:53,0,0,0,0,0,9999,98151,2459,50645,0,0
$$HAR,0:2:56,0,0,0,0,0,9999,98149,2460,50625,0,0
$$HAR,0:2:59,0,0,0,0,0,9999,98151,2461,50600,0,0
$$HAR,0:3:2,0,0,0,0,0,9999,98151,2462,50588,0,0
$$HAR,0:3:5,0,0,0,0,0,9999,98149,2463,50572,0,0
$$HAR,0:3:8,0,0,0,0,0,9999,98151,2465,50539,0,0
$$HAR,0:3:11,0,0,0,0,0,9999,98149,2466,50527,0,0
$$HAR,0:3:14,0,0,0,0,0,9999,98153,2467,50527,0,0
$$HAR,0:3:17,0,0,0,0,0,9999,98153,2468,50545,0,0
$$HAR,0:3:20,0,0,0,0,0,9999,98153,2469,50568,0,0
$$HAR,0:3:23,0,0,0,0,0,9999,98151,2470,50568,0,0
$$HAR,0:3:26,0,0,0,0,0,9999,98153,2471,50568,0,0
$$HAR,0:3:29,0,0,0,0,0,9999,98155,2472,50570,0,0
$$HAR,0:3:32,0,0,0,0,0,9999,98153,2473,50564,0,0
$$HAR,0:3:35,0,0,0,0,0,9999,98153,2474,50556,0,0
$$HAR,0:3:38,0,0,0,0,0,9999,98153,2475,50540,0,0
$$HAR,0:3:41,0,0,0,0,0,9999,98153,2477,50512,0,0
$$HAR,0:3:44,0,0,0,0,0,9999,98151,2478,50477,0,0
$$HAR,0:3:47,0,0,0,0,0,9999,98153,2479,50453,0,0
$$HAR,0:3:50,0,0,0,0,0,9999,98153,2480,50453,0,0
$$HAR,0:3:53,0,0,0,0,0,9999,98153,2481,50428,0,0
$$HAR,0:3:56,0,0,0,0,0,9999,98157,2482,50404,0,0
$$HAR,0:3:59,0,0,0,0,0,9999,98155,2483,50382,0,0
$$HAR,0:4:2,0,0,0,0,0,9999,98155,2485,50359,0,0
$$HAR,0:4:5,0,0,0,0,0,9999,98153,2486,50339,0,0
$$HAR,0:4:8,0,0,0,0,0,9999,98155,2487,50323,0,0
$$HAR,0:4:11,0,0,0,0,0,9999,98153,2488,50298,0,0
$$HAR,0:4:14,0,0,0,0,0,9999,98155,2489,50270,0,0
$$HAR,0:4:17,0,0,0,0,0,9999,98155,2490,50245,0,0
$$HAR,0:4:20,0,0,0,0,0,9999,98153,2492,50223,0,0
$$HAR,0:4:23,0,0,0,0,0,9999,98153,2493,50191,0,0
$$HAR,0:4:26,0,0,0,0,0,9999,98155,2494,50154,0,0
$$HAR,0:4:29,0,0,0,0,0,9999,98153,2496,50132,0,0
$$HAR,0:4:32,0,0,0,0,0,9999,98153,2497,50095,0,0
$$HAR,0:4:35,0,0,0,0,0,9999,98155,2498,50055,0,0
$$HAR,0:4:38,0,0,0,0,0,9999,98153,2500,50037,0,0
$$HAR,0:4:41,0,0,0,0,0,9999,98155,2501,50012,0,0
$$HAR,0:4:44,0,0,0,0,0,9999,98157,2502,49979,0,0
$$HAR,0:4:47,0,0,0,0,0,9999,98155,2503,49959,0,0
$$HAR,0:4:50,0,0,0,0,0,9999,98155,2505,49939,0,0
$$HAR,0:4:53,0,0,0,0,0,9999,98153,2506,49909,0,0
$$HAR,0:4:56,0,0,0,0,0,9999,98155,2507,49893,0,0
$$HAR,0:4:59,0,0,0,0,0,9999,98155,2508,49868,0,0
$$HAR,0:5:2,0,0,0,0,0,9999,98153,2510,49840,0,0
$$HAR,0:5:5,0,0,0,0,0,9999,98153,2511,49815,0,0
$$HAR,0:5:8,0,0,0,0,0,9999,98155,2512,49804,0,0
$$HAR,0:5:11,0,0,0,0,0,9999,98153,2514,49769,0,0
$$HAR,0:5:14,0,0,0,0,0,9999,98153,2515,49751,0,0
$$HAR,0:5:17,0,0,0,0,0,9999,98155,2516,49735,0,0
$$HAR,0:5:20,0,0,0,0,0,9999,98153,2517,49717,0,0
$$HAR,0:5:23,0,0,0,0,0,9999,98155,2518,49715,0,0
$$HAR,0:5:26,0,0,0,0,0,9999,98153,2520,49709,0,0
$$HAR,0:5:29,0,0,0,0,0,9999,98153,2521,49676,0,0
$$HAR,0:5:32,0,0,0,0,0,9999,98153,2522,49646,0,0
$$HAR,0:5:35,0,0,0,0,0,9999,98151,2523,49624,0,0
$$HAR,0:5:38,0,0,0,0,0,9999,98151,2525,49605,0,0
$$HAR,0:5:41,0,0,0,0,0,9999,98145,2526,49569,0,0
$$HAR,0:5:44,0,0,0,0,0,9999,98137,2527,49541,0,0
$$HAR,0:5:47,0,0,0,0,0,9999,98129,2528,49508,0,0
$$HAR,0:5:50,0,0,0,0,0,9999,98119,2529,49470,0,0
$$HAR,0:5:53,0,0,0,0,0,9999,98115,2530,49447,0,0
$$HAR,0:5:56,0,0,0,0,0,9999,98110,2531,49429,0,0
$$HAR,0:5:59,0,0,0,0,0,9999,98110,2533,49413,0,0
$$HAR,0:6:2,0,0,0,0,0,9999,98108,2534,49391,0,0
$$HAR,0:6:5,0,0,0,0,0,9999,98106,2535,49379,0,0
$$HAR,0:6:8,0,0,0,0,0,9999,98106,2536,49371,0,0
$$HAR,0:6:11,0,0,0,0,0,9999,98104,2537,49357,0,0
$$HAR,0:6:14,0,0,0,0,0,9999,98106,2538,49365,0,0
$$HAR,0:6:17,0,0,0,0,0,9999,98102,2539,49365,0,0
$$HAR,0:6:20,0,0,0,0,0,9999,98104,2540,49349,0,0
$$HAR,0:6:23,0,0,0,0,0,9999,98102,2541,49310,0,0
$$HAR,0:6:26,0,0,0,0,0,9999,98102,2542,49255,0,0
$$HAR,0:6:29,0,0,0,0,0,9999,98102,2543,49209,0,0
$$HAR,0:6:32,0,0,0,0,0,9999,98102,2544,49146,0,0
$$HAR,0:6:35,0,0,0,0,0,9999,98100,2545,49078,0,0
$$HAR,0:6:38,0,0,0,0,0,9999,98102,2546,49047,0,0
$$HAR,0:6:41,0,0,0,0,0,9999,98100,2547,49019,0,0
$$HAR,0:6:44,0,0,0,0,0,9999,98104,2548,48970,0,0
$$HAR,0:6:47,0,0,0,0,0,9999,98102,2549,48916,0,0
$$HAR,0:6:50,0,0,0,0,0,9999,98102,2550,48884,0,0
$$HAR,0:6:53,0,0,0,0,0,9999,98102,2552,48849,0,1
$$HAR,0:6:56,0,0,0,0,0,9999,98102,2553,48829,0,0
$$HAR,0:6:59,0,0,0,0,0,9999,98100,2554,48827,0,0
$$HAR,0:7:2,0,0,0,0,0,9999,98102,2555,48817,0,0
$$HAR,0:7:5,0,0,0,0,0,9999,98102,2556,48783,0,0
$$HAR,0:7:8,0,0,0,0,0,9999,98100,2557,48746,0,0
$$HAR,0:7:11,0,0,0,0,0,9999,98102,2558,48742,0,0
$$HAR,0:7:14,0,0,0,0,0,9999,98100,2559,48718,0,0
$$HAR,0:7:17,0,0,0,0,0,9999,98102,2560,48690,0,0
$$HAR,0:7:20,0,0,0,0,0,9999,98102,2562,48660,0,0
$$HAR,12:6:25,0,0,0,0,0,9999,98104,2563,48642,0,0
$$HAR,12:6:28,0,0,0,0,0,9999,98106,2564,48604,0,0
$$HAR,12:6:31,0,0,0,0,0,9999,98104,2565,48596,0,0
$$HAR,12:6:34,0,0,0,0,0,9999,98106,2566,48602,0,0
$$HAR,12:6:37,0,0,0,0,0,9999,98104,2568,48636,0,0
$$HAR,12:6:40,0,0,0,0,0,9999,98106,2569,48677,0,0
$$HAR,12:6:43,0,0,0,0,0,9999,98106,2570,48693,0,0
$$HAR,12:6:43,0,0,0,0,0,9999,98106,2571,48673,0,0
$$HAR,12:6:49,420555560,-936671390,4991487,0,0,9999,98108,2572,48641,0,0
$$HAR,12:6:52,420564397,-936675307,5096994,0,0,9999,98106,2573,48608,0,0
$$HAR,12:6:55,420582631,-936683407,5315118,0,0,9999,98106,2574,48580,0,0
$$HAR,12:6:58,420592554,-936688142,5430342,0,0,9999,98106,2575,48560,0,0
$$HAR,12:7:1,420603512,-936692883,5556389,0,0,9999,98108,2576,48556,0,0
$$HAR,12:7:4,420622225,-936701654,5781574,0,0,9999,98106,2577,48574,0,0
$$HAR,12:7:7,420638864,-936709159,5978358,0,0,9999,98108,2578,48591,0,0
$$HAR,12:7:10,420271754,-936537629,238310,34077736,4816,7867,98108,2579,48647,3,0
$$HAR,12:7:13,420272080,-936537690,239509,34200652,422,7778,98111,2580,48704,3,0
$$HAR,12:7:16,420272610,-936537936,242533,34716504,2166,7691,98111,2581,48741,3,0
$$HAR,12:7:19,420272910,-936538019,245715,34716504,376,7605,98111,2582,48791,3,0
$$HAR,12:7:22,420267880,-936535742,159723,33133706,3323,8563,98110,2583,48826,3,0
$$HAR,12:7:25,420273998,-936538646,277413,33133706,950,7437,98111,2584,48838,3,0
$$HAR,12:7:28,420275960,-936540043,307644,33133706,641,7355,98111,2585,48854,3,0
$$HAR,12:7:31,420274613,-936539329,266212,1163790,1093,402,98110,2586,48846,3,0
$$HAR,12:7:34,420274813,-936539252,265760,1418270,628,402,98111,2586,48840,3,0
$$HAR,12:7:37,420274811,-936539068,272884,1418270,141,402,98110,2587,48838,3,0
$$HAR,12:7:40,420274758,-936538928,270063,12007650,922,226,98110,2588,48840,3,0
$$HAR,12:7:43,420274542,-936538761,270029,15722966,1182,235,98110,2589,48838,3,0
$$HAR,12:7:46,420274245,-936538527,269185,15325678,1550,215,98110,2590,48814,3,0
$$HAR,12:7:49,420273830,-936538411,268752,16878444,1361,179,98110,2591,48794,3,0
$$HAR,12:7:52,420273487,-936538343,267832,16383202,1297,179,98110,2592,48798,3,0
$$HAR,12:7:55,420273248,-936538330,264798,17628232,990,166,98108,2593,48762,3,0
$$HAR,12:7:58,420272922,-936538295,264476,17120126,1282,166,98110,2594,48740,3,0
$$HAR,12:8:1,420272618,-936538199,264062,16606768,1169,166,98108,2595,48750,3,0
$$HAR,12:8:4,420272387,-936538146,263846,16099766,115,155,98110,2596,48752,3,0
$$HAR,12:8:7,420272389,-936538107,263348,16099766,122,151,98108,2597,48764,3,0
$$HAR,12:8:10,420272393,-936538089,263344,16099766,134,143,98111,2598,48718,3,0
$$HAR,12:8:13,420272349,-936538079,264069,16099766,66,143,98110,2599,48700,3,1
$$HAR,12:8:16,420272378,-936538074,264612,16099766,104,143,98108,2599,48687,3,0
$$HAR,12:8:19,420272387,-936538087,264933,16099766,30,142,98110,2600,48718,3,0
$$HAR,12:8:22,420272386,-936538081,265184,16099766,18,142,98108,2601,48724,3,0
$$HAR,12:8:25,420272390,-936538082,265541,16099766,71,142,98108,2601,48724,3,0
$$HAR,12:8:28,420272379,-936538087,265582,16099766,245,142,98110,2602,48700,3,0
$$HAR,12:8:31,420272369,-936538075,265608,16099766,136,142,98108,2603,48678,3,0
$$HAR,12:8:34,420272188,-936538017,265273,16099766,211,152,98108,2603,48654,3,0
$$HAR,12:8:37,420272282,-936537985,265427,16099766,51,142,98110,2604,48629,3,0
$$HAR,12:8:40,420272342,-936537989,266291,16099766,51,162,98108,2604,48609,3,0
$$HAR,12:8:43,420272341,-936537988,266562,16099766,27,162,98108,2605,48591,3,0
$$HAR,12:8:46,420272331,-936537993,266530,16099766,86,161,98106,2605,48573,3,0
$$HAR,12:8:49,420272314,-936538006,266725,16099766,125,140,98108,2606,48567,3,0
$$HAR,12:8:52,420272327,-936537977,266598,16099766,108,140,98108,2606,48567,3,0
$$HAR,12:8:55,420272361,-936538025,266076,16099766,28,140,98108,2607,48563,3,0
$$HAR,12:8:58,420272389,-936538058,265842,16099766,19,140,98108,2607,48557,3,0
$$HAR,12:9:1,420272407,-936538079,265609,16099766,33,140,98108,2608,48551,3,0
$$HAR,12:9:4,420272407,-936538076,265716,16099766,24,140,98110,2608,48532,3,0
$$HAR,12:9:7,420272406,-936538049,265901,16099766,73,140,98108,2608,48532,3,0
$$HAR,12:9:10,420272403,-936538043,266084,19685856,180,140,98108,2609,48511,3,0
$$HAR,12:9:13,420272386,-936538041,266100,19685856,76,140,98108,2609,48505,3,0
$$HAR,12:9:16,420272368,-936538003,266175,19685856,28,140,98106,2610,48499,3,0
$$HAR,12:9:19,420272351,-936537979,266213,19685856,52,140,98108,2610,48487,3,0
$$HAR,12:9:22,420272324,-936538003,266676,19685856,62,140,98108,2610,48474,3,0
$$HAR,12:9:25,420272315,-936538003,266900,19685856,14,140,98108,2611,48468,3,0
$$HAR,12:9:28,420272313,-936538013,267014,19685856,44,140,98106,2611,48468,3,0
$$HAR,12:9:31,420272313,-936538027,267251,19685856,18,140,98106,2612,48456,3,0
$$HAR,12:9:34,420272311,-936538036,267350,19685856,267,139,98108,2612,48444,3,0
$$HAR,12:9:37,420272329,-936537860,267216,7975280,1009,139,98108,2613,48438,3,0
$$HAR,12:9:40,420272330,-936537507,267988,9458598,473,139,98106,2613,48430,3,0
$$HAR,12:9:43,420272282,-936537222,267572,10574262,487,139,98111,2614,48422,3,0
$$HAR,12:9:46,420272304,-936537200,267455,7818852,138,139,98110,2614,48416,3,0
$$HAR,12:9:49,420272309,-936537206,267178,7818852,54,139,98108,2615,48440,3,0
$$HAR,12:9:52,420272299,-936537217,267508,7818852,55,139,98108,2615,48447,3,0
$$HAR,12:9:55,420272279,-936537224,267470,7818852,55,139,98108,2616,48418,3,0
$$HAR,12:9:58,420272270,-936537268,267356,7818852,5,139,98108,2617,48388,3,0
$$HAR,12:10:1,420272110,-936537203,267804,16123824,711,139,98106,2617,48364,3,0
$$HAR,12:10:4,420271868,-936537158,267564,18148532,1153,139,98108,2618,48342,3,0
$$HAR,12:10:7,420271603,-936537111,267399,19196222,1480,139,98108,2618,48329,3,0
$$HAR,12:10:10,420271398,-936537082,267278,19196222,300,138,98106,2619,48338,3,0
$$HAR,12:10:13,420271309,-936537079,267151,19196222,202,178,98108,2620,48342,3,0
$$HAR,12:10:16,420271335,-936536959,266005,19196222,663,151,98106,2620,48336,3,0
$$HAR,12:10:19,420271378,-936536865,264962,16831354,332,139,98106,2621,48336,3,0
$$HAR,12:10:22,420271451,-936536730,265192,16831354,450,139,98108,2622,48330,3,0
$$HAR,12:10:25,420271571,-936536862,269533,16831354,258,147,98106,2623,48314,3,0
$$HAR,12:10:28,420271547,-936536934,271088,16831354,386,147,98106,2624,48295,3,0
$$HAR,12:10:31,420271474,-936536942,270838,16831354,160,144,98106,2624,48277,3,0
$$HAR,12:10:34,420271545,-936537000,272006,16831354,386,145,98106,2625,48266,3,0
$$HAR,12:10:37,420271571,-936536980,274164,16831354,279,143,98108,2626,48254,3,0
$$HAR,12:10:40,420271617,-936537047,273832,16831354,467,138,98106,2627,48238,3,0
$$HAR,12:10:43,420271798,-936536876,276751,10987732,2097,138,98106,2627,48226,3,0
$$HAR,12:10:46,420271952,-936536437,277315,10987732,1275,140,98106,2628,48238,3,0
$$HAR,12:10:49,420272187,-936536416,278337,10987732,1886,140,98104,2629,48234,3,0
$$HAR,12:10:52,420271662,-936536803,281049,10987732,4131,159,98102,2629,48216,3,0
$$HAR,12:10:55,420270783,-936537327,283288,10987732,3675,148,98106,2630,48214,3,0
$$HAR,12:10:58,420270122,-936538519,291314,18203612,4539,148,98104,2631,48214,3,0
$$HAR,12:11:1,420271033,-936537908,290771,1516257,9109,162,98104,2631,48200,3,0
$$HAR,12:11:4,420272026,-936536804,288799,3147018,4626,601,98106,2632,48197,3,0
$$HAR,12:11:7,420273911,-936532700,275633,7232392,14323,445,98104,2633,48192,3,0
$$HAR,12:11:10,420277250,-936528850,256787,4373334,15535,553,98106,2634,48188,3,0
$$HAR,12:11:13,420280283,-936525070,242790,4373334,15476,2548,98104,2635,48169,2,0
$$HAR,12:11:16,420283320,-936521219,226760,4373334,15476,9999,98102,2635,48133,0,0
$$HAR,12:11:19,420273652,-936524040,262185,6513253,1434,510,98104,2636,48089,3,0
$$HAR,12:11:22,420271280,-936530645,271279,6513253,1771,421,98104,2637,48014,3,0
$$HAR,12:11:25,420270211,-936532074,255908,6513253,1393,399,98102,2638,47980,3,0
$$HAR,12:11:28,420269441,-936532306,255381,6513253,2433,398,98104,2638,47956,3,0
$$HAR,12:11:31,420269838,-936531882,256850,6513253,2430,420,98104,2639,47924,3,0
$$HAR,12:11:34,420270545,-936531332,260884,6513253,1497,1096,98106,2640,47872,3,0
$$HAR,12:11:37,420273992,-936532110,269345,84619,7572,327,98104,2641,47780,3,0
$$HAR,12:11:40,420274402,-936531705,271109,84619,5155,380,98104,2642,47705,2,0
$$HAR,12:11:43,420274376,-936529665,258347,84619,5175,9999,98106,2642,47657,0,0
$$HAR,12:11:46,420275026,-936528006,258030,84619,5175,9999,98104,2643,47606,0,0
$$HAR,12:11:49,420275675,-936526346,257714,84619,5175,9999,98106,2644,47570,0,0
$$HAR,12:11:52,420276325,-936524686,257397,84619,0,9999,98104,2645,47554,0,0
$$HAR,12:11:55,420276325,-936524686,257397,84619,0,9999,98108,2646,47510,0,0
$$HAR,12:11:58,420276325,-936524686,257397,84619,0,9999,98106,2646,47474,0,0
$$HAR,12:12:1,420276325,-936524686,257397,84619,0,9999,98104,2647,47422,0,0
$$HAR,12:12:4,420276325,-936524686,257397,84619,0,9999,98106,2648,47378,0,0
$$HAR,12:12:7,420276325,-936524686,257397,84619,0,9999,98106,2649,47350,0,0
$$HAR,12:12:10,420276325,-936524686,257397,84619,0,9999,98104,2650,47335,0,0
$$HAR,12:12:13,420276325,-936524686,257397,84619,0,9999,98106,2650,47328,0,0
$$HAR,12:12:16,420276325,-936524686,257397,84619,0,9999,98104,2651,47315,0,0
$$HAR,12:12:19,420276325,-936524686,257397,84619,0,9999,98106,2652,47307,0,0
$$HAR,12:12:22,420276325,-936524686,257397,84619,0,9999,98104,2653,47307,0,0
$$HAR,12:12:25,420276325,-936524686,257397,84619,0,9999,98102,2653,47295,0,0
$$HAR,12:12:28,420276325,-936524686,257397,84619,0,9999,98104,2654,47273,0,0
$$HAR,12:12:31,420276325,-936524686,257397,84619,0,9999,98108,2655,47257,0,0
$$HAR,12:12:34,420276325,-936524686,257397,84619,0,9999,98115,2656,47236,0,0
$$HAR,12:12:37,420276325,-936524686,257397,84619,0,9999,98123,2657,47212,0,0
$$HAR,12:12:40,420276325,-936524686,257397,84619,0,9999,98133,2658,47204,0,0
$$HAR,12:12:43,420276325,-936524686,257397,84619,0,9999,98137,2658,47204,0,0
$$HAR,12:12:46,420276325,-936524686,257397,84619,0,9999,98141,2659,47190,0,0
$$HAR,12:12:49,420276325,-936524686,257397,84619,0,9999,98147,2660,47184,0,0
$$HAR,12:12:52,420276325,-936524686,257397,84619,0,9999,98149,2661,47166,0,0
$$HAR,12:12:55,420276325,-936524686,257397,84619,0,9999,98155,2662,47142,0,0
$$HAR,12:12:58,420276325,-936524686,257397,84619,0,9999,98155,2663,47102,0,0
$$HAR,12:13:1,420276325,-936524686,257397,84619,0,9999,98157,2663,47052,0,0
$$HAR,12:13:4,420276325,-936524686,257397,84619,0,9999,98159,2664,47002,0,0
$$HAR,12:13:7,420276325,-936524686,257397,84619,0,9999,98159,2665,46962,0,0
$$HAR,12:13:10,420276325,-936524686,257397,84619,0,9999,98157,2665,46920,0,0
$$HAR,12:13:13,420276325,-936524686,257397,84619,0,9999,98159,2666,46892,0,0
$$HAR,12:13:16,420276325,-936524686,257397,84619,0,9999,98159,2667,46870,0,0
$$HAR,12:13:19,420276325,-936524686,257397,84619,0,9999,98157,2667,46846,0,0
$$HAR,12:13:22,420276325,-936524686,257397,84619,0,9999,98159,2668,46828,0,0
$$HAR,12:13:25,420276325,-936524686,257397,84619,0,9999,98159,2669,46812,0,0
$$HAR,12:13:28,420276325,-936524686,257397,84619,0,9999,98157,2670,46788,0,0
$$HAR,12:13:31,420276325,-936524686,257397,84619,0,9999,98159,2670,46774,0,0
$$HAR,12:13:34,420276325,-936524686,257397,84619,0,9999,98159,2671,46762,0,0
$$HAR,12:13:37,420276325,-936524686,257397,84619,0,9999,98161,2672,46772,0,0
$$HAR,12:13:40,420276325,-936524686,257397,84619,0,9999,98159,2672,46760,0,0
$$HAR,12:13:43,420276325,-936524686,257397,84619,0,9999,98159,2673,46739,0,0
$$HAR,12:13:46,420276325,-936524686,257397,84619,0,9999,98161,2674,46711,0,0
$$HAR,12:13:49,420276325,-936524686,257397,84619,0,9999,98159,2675,46687,0,0
$$HAR,12:13:52,420276325,-936524686,257397,84619,0,9999,98159,2675,46656,0,0
$$HAR,12:13:55,420276325,-936524686,257397,84619,0,9999,98159,2676,46629,0,0
$$HAR,12:13:58,420276325,-936524686,257397,84619,0,9999,98159,2677,46617,0,0
$$HAR,12:14:1,420276325,-936524686,257397,84619,0,9999,98157,2678,46601,0,0
$$HAR,12:14:4,420276325,-936524686,257397,84619,0,9999,98159,2678,46601,0,0
$$HAR,12:14:7,420276325,-936524686,257397,84619,0,9999,98159,2679,46631,0,0
$$HAR,12:14:10,420276325,-936524686,257397,84619,0,9999,98157,2679,46625,0,0
$$HAR,12:14:13,420276325,-936524686,257397,84619,0,9999,98161,2680,46613,0,0
$$HAR,12:14:16,420276325,-936524686,257397,84619,0,9999,98161,2681,46595,0,0
$$HAR,12:14:19,420276325,-936524686,257397,84619,0,9999,98159,2681,46577,0,0
$$HAR,12:14:22,420276325,-936524686,257397,84619,0,9999,98161,2682,46569,0,0
$$HAR,12:14:25,420276325,-936524686,257397,84619,0,9999,98159,2683,46561,0,0
$$HAR,12:14:28,420276325,-936524686,257397,84619,0,9999,98157,2683,46549,0,0
$$HAR,12:14:31,420276325,-936524686,257397,84619,0,9999,98155,2684,46505,0,0
$$HAR,12:14:34,420276325,-936524686,257397,84619,0,9999,98157,2684,46247,0,0
$$HAR,12:14:37,420276325,-936524686,257397,84619,0,9999,98157,2684,46087,0,0
$$HAR,12:14:40,420276325,-936524686,257397,84619,0,9999,98155,2685,45982,0,0
$$HAR,0:0:0,0,0,0,0,0,0,73878,3499,100000,0,0
$$HAR,12:34:15,420273943,-936530772,258560,0,0,9999,98176,2302,54591,0,0
$$HAR,12:34:18,420273943,-936530772,258560,0,0,9999,98174,2303,54949,0,0
$$HAR,12:34:21,420273943,-936530772,258560,0,0,9999,98178,2304,54794,0,0
$$HAR,12:34:24,420273943,-936530772,258560,0,0,9999,98176,2305,54294,0,0
$$HAR,12:34:27,420273943,-936530772,258560,0,0,9999,98176,2305,53834,0,0
$$HAR,12:34:30,420273943,-936530772,258560,0,0,9999,98178,2306,53394,0,0
$$HAR,12:34:33,420273943,-936530772,258560,0,0,9999,98176,2306,53089,0,0
$$HAR,12:34:36,420273943,-936530772,258560,0,0,9999,98176,2306,52911,0,0
$$HAR,12:34:39,420273943,-936530772,258560,0,0,9999,98176,2307,52820,0,0
$$HAR,12:34:42,420273943,-936530772,258560,0,0,9999,98176,2307,52769,0,0
$$HAR,12:34:45,420273943,-936530772,258560,0,0,9999,98176,2307,52737,0,0
$$HAR,12:34:48,420273943,-936530772,258560,0,0,9999,98174,2307,52719,0,0
$$HAR,12:34:51,420273943,-936530772,258560,0,0,9999,98178,2307,52719,0,0
$$HAR,12:34:54,420273943,-936530772,258560,0,0,9999,98176,2307,52706,0,0
$$HAR,12:34:57,420273943,-936530772,258560,0,0,9999,98176,2308,52713,0,0
$$HAR,12:35:0,420273943,-936530772,258560,0,0,9999,98176,2308,52725,0,0
$$HAR,12:35:3,420273943,-936530772,258560,0,0,9999,98174,2308,52737,0,0
$$HAR,12:35:6,420273943,-936530772,258560,0,0,9999,98174,2309,52748,0,0
$$HAR,12:35:9,420273943,-936530772,258560,0,0,9999,98176,2309,52849,0,0
$$HAR,12:35:12,420273943,-936530772,258560,0,0,9999,98176,2310,52843,0,0
$$HAR,12:35:15,420273943,-936530772,258560,0,0,9999,98176,2310,52740,0,0
$$HAR,12:35:18,420273943,-936530772,258560,0,0,9999,98174,2310,52684,0,0
$$HAR,12:35:21,420273943,-936530772,258560,0,0,9999,98174,2311,52727,0,0
$$HAR,12:35:24,420273943,-936530772,258560,0,0,9999,98174,2311,52856,0,0
$$HAR,12:35:27,420273943,-936530772,258560,0,0,9999,98174,2311,52899,0,0
$$HAR,12:35:30,420273943,-936530772,258560,0,0,9999,98176,2312,53024,0,0
$$HAR,12:35:33,420273943,-936530772,258560,0,0,9999,98174,2312,53272,0,0
$$HAR,12:35:36,420273943,-936530772,258560,0,0,9999,98174,2312,53239,0,0
$$HAR,12:35:39,420273943,-936530772,258560,0,0,9999,98174,2312,53005,0,0
$$HAR,12:35:42,420273943,-936530772,258560,0,0,9999,98174,2312,52732,0,0
$$HAR,12:35:45,420273943,-936530772,258560,0,0,9999,98174,2312,52511,0,0
$$HAR,12:35:48,420273943,-936530772,258560,0,0,9999,98174,2312,52300,0,0
$$HAR,12:35:51,420273943,-936530772,258560,0,0,9999,98174,2312,52129,0,0
$$HAR,12:35:54,420273943,-936530772,258560,0,0,9999,98174,2312,51991,0,0
$$HAR,12:35:57,420273943,-936530772,258560,0,0,9999,98174,2312,51896,0,0
$$HAR,12:36:0,420273943,-936530772,258560,0,0,9999,98174,2312,51783,0,0
$$HAR,12:36:3,420273943,-936530772,258560,0,0,9999,98174,2312,51695,0,0
$$HAR,12:36:6,420273943,-936530772,258560,0,0,9999,98174,2312,51618,0,0
$$HAR,12:36:9,420273943,-936530772,258560,0,0,9999,98174,2312,51473,0,0
$$HAR,12:36:12,420273943,-936530772,258560,0,0,9999,98174,2312,51335,0,0
$$HAR,12:36:15,420273943,-936530772,258560,0,0,9999,98174,2312,51278,0,0
$$HAR,12:36:18,420273943,-936530772,258560,0,0,9999,98172,2313,51122,0,0
$$HAR,12:36:21,420273943,-936530772,258560,0,0,9999,98172,2313,50976,0,0
$$HAR,12:36:24,420273943,-936530772,258560,0,0,9999,98170,2313,50888,0,0
$$HAR,12:36:27,420273943,-936530772,258560,0,0,9999,98165,2314,50852,0,0
$$HAR,12:36:30,420273943,-936530772,258560,0,0,9999,98159,2314,50764,0,0
$$HAR,12:36:33,420273943,-936530772,258560,0,0,9999,98151,2315,50700,0,0
$$HAR,12:36:36,420273943,-936530772,258560,0,0,9999,98145,2316,50678,0,0
$$HAR,12:36:39,420273943,-936530772,258560,0,0,9999,98141,2317,50553,0,0
$$HAR,12:36:42,420273943,-936530772,258560,0,0,9999,98135,2318,50537,0,0
$$HAR,12:36:45,420273943,-936530772,258560,0,0,9999,98131,2319,50537,0,0
$$HAR,12:36:48,420273943,-936530772,258560,0,0,9999,98133,2319,50525,0,0
$$HAR,12:36:51,420273943,-936530772,258560,0,0,9999,98129,2320,50476,0,0
$$HAR,12:36:54,420273943,-936530772,258560,0,0,9999,98127,2320,50407,0,0
$$HAR,12:36:57,420273943,-936530772,258560,0,0,9999,98125,2320,50344,0,0
$$HAR,12:37:0,420273943,-936530772,258560,0,0,9999,98125,2320,50289,0,0
$$HAR,12:37:3,420273943,-936530772,258560,0,0,9999,98125,2320,50262,0,0
$$HAR,12:37:6,420273943,-936530772,258560,0,0,9999,98127,2319,50250,0,0
$$HAR,12:37:9,420273943,-936530772,258560,0,0,9999,98123,2318,50337,0,0
$$HAR,12:37:12,420273943,-936530772,258560,0,0,9999,98121,2317,50396,0,0
$$HAR,12:37:15,420273943,-936530772,258560,0,0,9999,98123,2316,50502,0,0
$$HAR,12:37:18,420273943,-936530772,258560,0,0,9999,98121,2314,50606,0,0
$$HAR,12:37:21,420273943,-936530772,258560,0,0,9999,98121,2313,50743,0,0
$$HAR,12:37:24,420273943,-936530772,258560,0,0,9999,98123,2311,50923,0,0
$$HAR,12:37:27,420273943,-936530772,258560,0,0,9999,98123,2310,50966,0,0
$$HAR,12:37:30,420273943,-936530772,258560,0,0,9999,98123,2307,50937,0,0
$$HAR,12:37:33,420273943,-936530772,258560,0,0,9999,98123,2305,50896,0,0
$$HAR,12:37:36,420273943,-936530772,258560,0,0,9999,98121,2301,50955,0,0
$$HAR,12:37:39,420273943,-936530772,258560,0,0,9999,98123,2296,51083,0,0
$$HAR,12:37:42,420273943,-936530772,258560,0,0,9999,98125,2291,51377,0,0
$$HAR,12:37:45,420273943,-936530772,258560,0,0,9999,98123,2285,52089,0,0
$$HAR,12:37:48,420273943,-936530772,258560,0,0,9999,98125,2280,53603,0,0
$$HAR,12:37:51,420273943,-936530772,258560,0,0,9999,98129,2273,55967,0,0
$$HAR,12:37:54,420273943,-936530772,258560,0,0,9999,98127,2265,58206,0,0
$$HAR,12:37:57,420273943,-936530772,258560,0,0,9999,98123,2256,59573,0,0
$$HAR,12:38:0,420273943,-936530772,258560,0,0,9999,98129,2248,60474,0,0
$$HAR,12:38:3,420273943,-936530772,258560,0,0,9999,98131,2239,61137,0,0
$$HAR,12:38:6,420273943,-936530772,258560,0,0,9999,98131,2231,61704,0,0
$$HAR,12:38:9,420272977,-936538343,258858,35936148,1111,267,98135,2223,62203,3,0
$$HAR,12:38:12,420273214,-936538277,262036,35003748,850,262,98135,2215,62560,3,0
$$HAR,12:38:15,420273498,-936538396,259981,35088940,800,262,98133,2206,62977,3,0
$$HAR,12:38:18,420273721,-936538455,258663,34863648,835,262,98135,2198,63403,3,0
$$HAR,12:38:21,420273910,-936538523,258587,34260924,106,237,98135,2190,63839,3,0
$$HAR,12:38:24,420273900,-936538535,258683,34260924,58,235,98137,2182,64228,3,0
$$HAR,12:38:27,420274100,-936538515,259301,1831131,833,235,98139,2175,64570,3,0
$$HAR,12:38:30,420274341,-936538299,259748,3303154,925,235,98137,2169,64899,3,0
$$HAR,12:38:33,420274601,-936538122,260435,3259451,839,235,98139,2162,65166,3,0
$$HAR,12:38:36,420274869,-936537968,260246,2452303,1092,228,98137,2155,65440,3,0
$$HAR,12:38:39,420275116,-936537797,260535,3901936,883,228,98141,2147,65654,3,0
$$HAR,12:38:42,420275346,-936537546,261122,4380058,1037,228,98137,2140,65896,3,0
$$HAR,12:38:45,420275488,-936537237,261674,6070712,488,195,98137,2133,66086,3,0
$$HAR,12:38:48,420275510,-936537174,261767,6070712,69,195,98137,2127,66278,3,0
$$HAR,12:38:51,420275513,-936537164,261653,6070712,149,195,98135,2123,66452,3,0
$$HAR,12:38:54,420275547,-936537133,263112,6070712,1688,214,98133,2120,66556,3,0
$$HAR,12:38:57,420275529,-936537291,264528,1581146,823,218,98135,2117,66617,3,0
$$HAR,12:39:0,420275863,-936537253,263352,219292,994,218,98135,2115,66741,3,0
$$HAR,12:39:3,420276139,-936537244,264134,788736,962,218,98137,2112,66859,3,0
$$HAR,12:39:6,420276399,-936537138,263877,2087363,602,218,98133,2109,67066,3,0
$$HAR,12:39:9,420276678,-936537048,263413,1416003,1217,159,98133,2105,67187,3,0
$$HAR,12:39:12,420277018,-936537002,263238,335029,1516,159,98131,2102,67233,3,0
$$HAR,12:39:15,420277362,-936537043,263458,34859284,1470,159,98133,2097,67258,3,0
$$HAR,12:39:18,420277691,-936537077,264464,35758864,940,124,98129,2092,67350,3,0
$$HAR,12:39:21,420277918,-936537110,263816,35074588,830,124,98129,2087,67486,3,0
$$HAR,12:39:24,420278242,-936537199,263622,34875492,1102,124,98131,2083,67490,3,0
$$HAR,12:39:27,420278558,-936537316,264231,34904820,1150,124,98133,2078,67338,3,0
$$HAR,12:39:30,420278862,-936537401,262712,34733820,1280,124,98129,2073,67176,3,0
$$HAR,12:39:33,420279166,-936537518,262912,34688380,1118,120,98131,2069,67207,3,0
$$HAR,12:39:36,420279471,-936537601,263771,35072532,824,120,98131,2065,67394,3,0
$$HAR,12:39:39,420279719,-936537646,263178,35282196,572,109,98129,2062,67618,3,0
$$HAR,12:39:42,420279872,-936537551,263386,2552985,174,109,98131,2061,67987,3,0
$$HAR,12:39:45,420279895,-936537514,265624,2552985,196,109,98131,2061,68212,3,0
$$HAR,12:39:48,420279907,-936537494,265860,2552985,29,101,98131,2061,68362,3,0
$$HAR,12:39:51,420279906,-936537471,266542,669620,412,99,98129,2062,68471,3,0
$$HAR,12:39:54,420279917,-936537507,266610,669620,147,109,98131,2063,68497,3,0
$$HAR,12:39:57,420279869,-936537549,266799,669620,149,120,98129,2064,68557,3,0
$$HAR,12:40:0,420279876,-936537549,266416,669620,126,120,98131,2067,68710,3,0
$$HAR,12:40:3,420279796,-936537575,266038,24446584,39,120,98129,2070,68749,3,0
$$HAR,12:40:6,420279806,-936537576,266322,24446584,36,113,98131,2075,68779,3,1
$$HAR,12:40:9,420279802,-936537585,266698,24446584,13,113,98135,2081,68633,3,0
$$HAR,12:40:12,420279795,-936537584,266867,24446584,60,130,98135,2086,68520,3,0
$$HAR,12:40:15,420279785,-936537578,267331,24446584,23,130,98133,2092,68388,3,0
$$HAR,12:40:18,420279780,-936537577,267299,24446584,89,130,98133,2098,68197,3,0
$$HAR,12:40:21,420279642,-936537516,271195,24446584,235,104,98149,2104,68251,3,0
$$HAR,12:40:24,420279406,-936537372,275884,11957664,420,104,98145,2111,67992,3,0
$$HAR,12:40:27,420279323,-936537337,277845,11957664,110,109,98143,2118,67848,3,0
$$HAR,12:40:30,420279252,-936537405,277153,11957664,185,109,98143,2126,67900,3,0
$$HAR,12:40:33,420279195,-936537380,276157,15833782,365,98,98141,2134,67815,3,0
$$HAR,12:40:36,420279167,-936537387,275387,16991304,10,98,98141,2142,67554,3,0
$$HAR,12:40:39,420279158,-936537371,275145,16991304,141,98,98139,2151,67327,3,0
$$HAR,12:40:42,420279263,-936537427,274407,16991304,88,105,98141,2159,67071,3,0
$$HAR,12:40:45,420279236,-936537479,275535,16991304,101,98,98137,2167,66721,3,0
$$HAR,12:40:48,420279286,-936537505,276203,16991304,109,98,98137,2173,66471,3,0
$$HAR,12:40:51,420279330,-936537537,275277,16991304,26,98,98137,2178,66213,3,0
$$HAR,12:40:54,420279366,-936537558,275412,16991304,110,98,98137,2181,66305,3,0
$$HAR,12:40:57,420279377,-936537490,275453,16991304,281,128,98133,2182,66150,3,0
$$HAR,12:41:0,420279567,-936537642,274374,16991304,68,100,98133,2183,66041,3,0
$$HAR,12:41:3,420279565,-936537658,272058,12803080,308,98,98135,2181,65724,3,0
$$HAR,12:41:6,420279536,-936537672,269896,18242342,440,105,98135,2178,65813,3,0
$$HAR,12:41:9,420279399,-936537726,269778,18679216,1218,105,98137,2177,65966,3,0
$$HAR,12:41:12,420279021,-936537752,269767,18291328,1226,105,98133,2175,65852,3,0
$$HAR,12:41:15,420278623,-936537748,270311,18338208,1409,118,98137,2174,66197,3,0
$$HAR,12:41:18,420278232,-936537809,268870,18461204,1412,147,98137,2171,66304,3,0
$$HAR,12:41:21,420277883,-936537863,269109,17933444,1187,147,98139,2168,66362,3,0
$$HAR,12:41:24,420277572,-936537751,268074,15959066,1293,129,98137,2165,66405,3,0
$$HAR,12:41:27,420277194,-936537581,268441,16943606,1295,108,98141,2162,66398,3,0
$$HAR,12:41:30,420276818,-936537630,267850,18169676,1292,118,98139,2156,66427,3,0
$$HAR,12:41:33,420276466,-936537714,267619,19170360,1428,118,98141,2152,66440,3,0
$$HAR,12:41:36,420276080,-936537743,267487,18251610,1381,129,98141,2146,66509,3,0
$$HAR,12:41:39,420275705,-936537812,267214,18858508,1526,129,98143,2141,66636,3,0
$$HAR,12:41:42,420275350,-936537846,267924,18143818,1367,129,98139,2137,66715,3,0
$$HAR,12:41:45,420274994,-936537850,267444,18206970,1389,129,98141,2133,66790,3,0
$$HAR,12:41:48,420274622,-936537868,267187,18235964,1391,109,98141,2131,66874,3,0
$$HAR,12:41:51,420274266,-936537924,267404,18863556,1378,129,98143,2128,66977,3,0
$$HAR,12:41:54,420273904,-936538040,266812,19383280,1308,129,98139,2125,67027,3,0
$$HAR,12:41:57,420273562,-936538190,266276,19683124,1320,147,98141,2122,67155,3,0
$$HAR,12:42:0,420273225,-936538423,266108,20548152,1376,147,98141,2118,67260,3,0
$$HAR,12:42:3,420272917,-936538641,264297,20509414,1261,170,98143,2115,67354,3,0
$$HAR,12:42:6,420272597,-936538849,264433,20291372,1412,170,98143,2111,67479,3,0
$$HAR,12:42:9,420272269,-936539061,263934,20175894,1405,117,98141,2108,67778,3,0
$$HAR,12:42:12,420271942,-936539197,263855,19959656,1213,107,98141,2103,67972,3,1
$$HAR,12:42:15,420271648,-936539306,263800,19220782,907,142,98141,2100,68113,3,0
$$HAR,12:42:18,420271371,-936539380,263289,19211812,875,133,98143,2096,68252,3,0
$$HAR,12:42:21,420271326,-936539451,267254,19211812,240,117,98139,2093,68410,3,0
$$HAR,12:42:24,420271518,-936539373,272886,12964146,133,117,98139,2091,68954,3,0
$$HAR,12:42:27,420271724,-936539357,277043,12964146,85,96,98137,2088,69375,3,0
$$HAR,12:42:30,420271932,-936539300,282777,12964146,94,103,98137,2087,69650,3,0
$$HAR,12:42:33,420271957,-936539265,283862,12964146,161,117,98137,2086,70065,3,0
$$HAR,12:42:33,420271957,-936539265,283862,12964146,161,117,98135,2085,70343,3,0
$$HAR,12:42:39,420272046,-936539235,289142,12964146,111,114,98135,2085,70494,3,0
$$HAR,12:42:42,420272080,-936539208,291922,12964146,49,114,98135,2085,70625,3,0
$$HAR,12:42:45,420272200,-936539175,295886,12964146,92,114,98135,2085,70702,3,0
$$HAR,12:42:48,420272252,-936539155,298428,12964146,116,106,98133,2086,70779,3,0
$$HAR,12:42:51,420272317,-936539102,301322,12964146,64,106,98135,2087,70859,3,0
$$HAR,12:42:54,420272375,-936539072,304369,12964146,150,123,98135,2087,70936,3,0
$$HAR,12:42:57,420272319,-936539095,301738,12964146,73,110,98133,2088,70955,3,0
$$HAR,12:43:0,420272296,-936539134,300318,12964146,53,125,98133,2089,71230,3,0
$$HAR,12:43:3,420272211,-936539117,297737,12964146,56,133,98135,2090,71466,3,0
$$HAR,12:43:6,420272119,-936539072,295145,12964146,38,133,98133,2092,71603,3,0
$$HAR,12:43:9,420272060,-936539099,292720,12964146,44,125,98135,2093,71721,3,0
$$HAR,12:43:12,420272007,-936539102,291363,12964146,52,125,98137,2095,71710,3,0
$$HAR,12:43:15,420271901,-936539079,289118,12964146,164,106,98137,2096,71820,3,0
$$HAR,12:43:18,420271829,-936539070,287457,12964146,53,133,98137,2098,71810,3,0
$$HAR,12:43:21,420271776,-936539037,286608,12964146,174,106,98135,2100,71793,3,0
$$HAR,12:43:24,420271733,-936539057,285427,12964146,77,133,98135,2102,71793,3,0
$$HAR,12:43:27,420271694,-936539065,284696,12964146,204,133,98133,2104,71866,3,0
$$HAR,12:43:30,420271640,-936539075,283799,12964146,38,113,98133,2106,72047,3,0
$$HAR,12:43:33,420271567,-936538977,285669,12964146,179,147,98135,2108,72147,3,0
$$HAR,12:43:36,420271597,-936539055,284797,12964146,27,145,98139,2110,72430,3,0
$$HAR,12:43:39,420271660,-936538974,283454,12964146,80,114,98137,2112,72547,3,0
$$HAR,12:43:42,420271934,-936538766,291473,12964146,5,110,98137,2115,72210,3,0
$$HAR,12:43:45,420271991,-936538737,295163,12964146,70,119,98137,2117,71582,3,0
$$HAR,12:43:48,420272080,-936538702,299323,12964146,24,119,98135,2120,71084,3,0
$$HAR,12:43:51,420272172,-936538631,305175,12964146,46,133,98137,2122,70718,3,0
$$HAR,12:43:54,420272302,-936538578,311980,12964146,72,114,98137,2124,70465,3,0
$$HAR,12:43:57,420272370,-936538519,317724,12964146,96,120,98139,2126,70303,3,0
$$HAR,12:44:0,420272430,-936538466,321839,12964146,49,114,98139,2128,70157,3,0
$$HAR,12:44:3,420272459,-936538432,325620,12964146,50,120,98139,2130,69988,3,0
$$HAR,12:44:6,420272481,-936538408,328500,12964146,40,131,98139,2133,69877,3,0
$$HAR,12:44:9,420272487,-936538382,330725,12964146,66,137,98137,2135,69784,3,0
$$HAR,12:44:12,420272471,-936538375,330368,12964146,110,120,98137,2137,69714,3,0
$$HAR,12:44:15,420272461,-936538384,329719,12964146,80,120,98139,2139,69703,3,0
$$HAR,12:44:18,420272442,-936538345,329621,12964146,24,127,98139,2140,69678,3,0
$$HAR,12:44:21,420272436,-936538304,330540,12964146,26,113,98137,2141,69597,3,0
$$HAR,12:44:24,420272419,-936538289,329227,12964146,37,116,98137,2141,69521,3,0
$$HAR,12:44:27,420272391,-936538272,328383,12964146,56,114,98137,2141,69611,3,0
$$HAR,12:44:30,420272366,-936538263,327599,12964146,17,101,98137,2141,69775,3,0
$$HAR,12:44:33,420272348,-936538364,323138,12964146,12,143,98137,2140,69858,3,0
$$HAR,12:44:36,420272313,-936538445,318715,12964146,112,133,98139,2140,69908,3,0
$$HAR,12:44:39,420272271,-936538536,314518,12964146,168,141,98137,2139,69917,3,0
$$HAR,12:44:42,420272218,-936538605,310912,12964146,38,109,98137,2139,69870,3,0
$$HAR,12:44:45,420272151,-936538651,307644,12964146,15,133,98137,2139,69773,3,0
$$HAR,12:44:48,420272075,-936538680,304382,12964146,128,154,98137,2139,69717,3,0
$$HAR,12:44:51,420272001,-936538710,301703,12964146,140,143,98137,2139,69656,3,0
$$HAR,12:44:54,420271946,-936538749,298477,12964146,66,191,98137,2139,69593,3,0
$$HAR,12:44:57,420271894,-936538780,295091,12964146,67,154,98141,2139,69539,3,0
$$HAR,12:45:0,420272010,-936538801,298220,12964146,37,119,98137,2139,69379,3,0
$$HAR,12:45:3,420272111,-936538802,301346,12964146,134,119,98137,2137,69177,3,0
$$HAR,12:45:6,420272177,-936538806,303453,12964146,55,114,98137,2135,69157,3,0
$$HAR,12:45:9,420272221,-936538823,304113,12964146,32,114,98137,2133,69203,3,0
$$HAR,12:45:12,420272156,-936538866,300708,12964146,15,141,98141,2131,69217,3,0
$$HAR,12:45:15,420272088,-936538903,298171,12964146,65,141,98139,2129,69074,3,0
$$HAR,12:45:18,420272085,-936538868,296355,12964146,90,114,98139,2126,68947,3,0
$$HAR,12:45:21,420272066,-936538849,294855,12964146,34,114,98135,2124,68842,3,0
$$HAR,12:45:24,420272054,-936538833,293697,12964146,56,115,98137,2121,68892,3,0
$$HAR,12:45:27,420272040,-936538824,292570,12964146,8,115,98137,2118,68921,3,0
$$HAR,12:45:30,420272056,-936538834,292940,12964146,238,141,98135,2116,68896,3,0
$$HAR,12:45:33,420272001,-936538855,290991,12964146,320,141,98137,2113,68947,3,0
$$HAR,12:45:36,420271980,-936538921,288535,12964146,132,134,98135,2109,69043,3,0
$$HAR,12:45:39,420271920,-936538906,287347,13656498,114,134,98137,2106,69245,3,0
$$HAR,12:45:42,420272024,-936538867,291552,13656498,101,113,98137,2104,69619,3,0
$$HAR,12:45:45,420272082,-936538851,293234,13656498,146,113,98137,2102,69875,3,0
$$HAR,12:45:48,420272331,-936538718,298946,8521354,328,113,98137,2100,70110,3,0
$$HAR,12:45:51,420272232,-936538695,298659,8521354,18,113,98137,2099,70583,3,0
$$HAR,12:45:54,420272178,-936538725,297112,8521354,45,111,98137,2098,70922,3,0
$$HAR,12:45:57,420272119,-936538801,293701,8521354,43,134,98139,2098,70983,3,0
$$HAR,12:46:0,420272060,-936538855,292032,8521354,87,115,98139,2098,70976,3,0
$$HAR,12:46:3,420271966,-936538983,289325,8521354,158,115,98139,2099,70942,3,0
$$HAR,12:46:6,420271843,-936538855,288722,10462146,179,116,98137,2099,70895,3,0
$$HAR,12:46:9,420271861,-936538886,286622,10462146,88,111,98137,2100,70780,3,0
$$HAR,12:46:12,420271834,-936538930,284584,10462146,99,111,98139,2100,70602,3,0
$$HAR,12:46:15,420271821,-936538971,282864,10462146,54,152,98137,2101,70374,3,0
$$HAR,12:46:18,420271779,-936539011,281126,10462146,149,143,98137,2101,70133,3,0
$$HAR,12:46:21,420271752,-936539028,279999,10462146,65,143,98137,2101,70076,3,0
$$HAR,12:46:24,420271743,-936539055,279131,10462146,75,152,98137,2101,70146,3,0
$$HAR,12:46:27,420271707,-936539079,277991,10462146,162,152,98137,2102,70187,3,0
$$HAR,12:46:30,420271740,-936539123,278271,4183504,65,143,98137,2101,70214,3,0
$$HAR,12:46:33,420271806,-936539133,279318,4183504,48,118,98137,2101,70187,3,0
$$HAR,12:46:36,420271843,-936539149,279609,4183504,71,143,98137,2101,70119,3,0
$$HAR,12:46:39,420271795,-936539168,278473,4183504,32,143,98135,2100,70083,3,0
$$HAR,12:46:42,420271766,-936539179,277615,4183504,41,143,98137,2099,70238,3,0
$$HAR,12:46:45,420271733,-936539185,276607,4183504,149,143,98137,2098,70238,3,0
$$HAR,12:46:48,420271706,-936539200,276107,4183504,45,143,98137,2097,70218,3,0
$$HAR,12:46:51,420271680,-936539191,275335,4183504,102,143,98139,2096,70377,3,0
$$HAR,12:46:54,420271649,-936539188,274501,4183504,82,143,98139,2096,70488,3,0
$$HAR,12:46:57,420271635,-936539179,273901,4183504,58,107,98139,2097,70500,3,0
$$HAR,12:47:0,420271629,-936539171,273174,4183504,19,145,98137,2097,70543,3,0
$$HAR,12:47:3,420271603,-936539179,272261,4183504,44,152,98137,2098,70542,3,0
$$HAR,12:47:6,420271589,-936539198,271458,4183504,37,152,98139,2099,70506,3,0
$$HAR,12:47:9,420271566,-936539208,270356,4183504,78,152,98139,2100,70478,3,0
$$HAR,12:47:12,420271546,-936539231,269215,4183504,40,152,98139,2102,70478,3,0
$$HAR,12:47:15,420271526,-936539262,267887,4183504,91,152,98137,2104,70500,3,0
$$HAR,12:47:18,420271513,-936539286,266788,4183504,70,152,98137,2106,70506,3,0
$$HAR,12:47:21,420271505,-936539300,265913,4183504,13,152,98137,2108,70484,3,0
$$HAR,12:47:24,420271494,-936539309,265225,4183504,13,152,98137,2109,70467,3,0
$$HAR,12:47:27,420271498,-936539324,264690,4183504,59,152,98139,2111,70473,3,0
$$HAR,12:47:30,420271484,-936539321,264032,4183504,54,152,98139,2112,70415,3,0
$$HAR,12:47:33,420271473,-936539307,263681,4183504,40,155,98137,2114,70219,3,0
$$HAR,12:47:36,420271459,-936539300,263346,4183504,17,155,98137,2115,70061,3,0
$$HAR,12:47:39,420271451,-936539307,262856,4183504,51,145,98137,2116,69929,3,0
$$HAR,12:47:42,420271447,-936539326,262187,4183504,15,145,98139,2116,69853,3,0
$$HAR,12:47:45,420271440,-936539335,261728,4183504,45,145,98139,2116,70040,3,0
$$HAR,12:47:48,420271443,-936539343,261054,4183504,42,145,98139,2117,70315,3,0
$$HAR,12:47:51,420271429,-936539343,260107,4183504,18,145,98139,2116,70563,3,0
$$HAR,12:47:54,420271422,-936539360,259280,4183504,20,145,98139,2116,70764,3,0
$$HAR,12:47:57,420271421,-936539370,258737,4183504,76,145,98139,2115,70711,3,0
$$HAR,12:48:0,420271402,-936539393,258126,4183504,100,120,98141,2114,70426,3,0
$$HAR,12:48:3,420271375,-936539401,257595,4183504,67,120,98141,2112,70207,3,0
$$HAR,12:48:6,420271346,-936539395,256967,4183504,25,122,98137,2109,70054,3,0
$$HAR,12:48:9,420271339,-936539401,256809,4183504,15,155,98139,2106,69946,3,0
$$HAR,12:48:12,420271340,-936539391,256909,4183504,71,122,98137,2103,69894,3,0
$$HAR,12:48:15,420271376,-936539378,257847,4183504,40,122,98139,2101,69842,3,0
$$HAR,12:48:18,420271445,-936539357,259295,4183504,49,120,98141,2098,69803,3,0
$$HAR,12:48:21,420271548,-936539338,261236,4183504,26,120,98139,2096,69854,3,0
$$HAR,12:48:24,420271678,-936539310,264104,4183504,43,120,98137,2093,69844,3,0
$$HAR,12:48:27,420271727,-936539274,265670,4183504,1108,147,98137,2092,70011,3,0
$$HAR,12:48:30,420271550,-936539325,266902,4183504,20,167,98137,2090,70273,3,0
$$HAR,12:48:33,420271982,-936539031,272993,4183504,45,120,98139,2089,70461,3,0
$$HAR,12:48:36,420272108,-936538848,278806,4183504,61,119,98139,2087,70527,3,0
$$HAR,12:48:39,420272151,-936538876,280269,4183504,60,120,98139,2085,70763,3,0
$$HAR,12:48:42,420272147,-936538918,280356,4183504,49,122,98139,2083,71076,3,0
$$HAR,12:48:45,420272126,-936538948,280363,4183504,101,122,98139,2082,71154,3,0
$$HAR,12:48:48,420272090,-936538977,280081,4183504,56,128,98137,2080,71156,3,0
$$HAR,12:48:51,420271981,-936539036,278282,4183504,113,162,98141,2078,71201,3,0
$$HAR,12:48:54,420271853,-936539142,273611,4183504,27,144,98141,2077,71370,3,0
$$HAR,12:48:57,420271786,-936539188,271884,4183504,69,144,98137,2076,71363,3,0
$$HAR,12:49:0,420271704,-936539251,268816,4183504,25,144,98137,2076,71350,3,0
$$HAR,12:49:3,420271668,-936539279,267167,4183504,94,145,98137,2076,71350,3,0
$$HAR,12:49:6,420271626,-936539312,265790,4183504,4,145,98137,2076,71390,3,0
$$HAR,12:49:9,420271607,-936539333,265012,4183504,17,146,98137,2076,71431,3,0
$$HAR,12:49:12,420271577,-936539363,263826,4183504,83,110,98141,2077,71474,3,0
$$HAR,12:49:15,420271533,-936539369,262622,4183504,103,152,98141,2078,71500,3,0
$$HAR,12:49:18,420271499,-936539382,261558,4183504,66,152,98141,2079,71548,3,0
$$HAR,12:49:21,420271459,-936539402,260225,4183504,131,152,98141,2080,71586,3,0
$$HAR,12:49:24,420271436,-936539411,259221,4183504,55,152,98141,2081,71565,3,0
$$HAR,12:49:27,420271522,-936539395,260543,4183504,16,120,98141,2082,71514,3,0
$$HAR,12:49:30,420271654,-936539365,262990,4183504,58,119,98141,2083,71416,3,0
$$HAR,12:49:33,420271774,-936539332,264978,4183504,21,119,98141,2085,71311,3,0
$$HAR,12:49:36,420271878,-936539315,267175,4183504,76,119,98139,2085,71125,3,0
$$HAR,12:49:39,420271946,-936539307,268693,4183504,65,119,98139,2085,70930,3,0
$$HAR,12:49:42,420272042,-936539291,270545,4183504,68,121,98139,2085,70779,3,0
$$HAR,12:49:45,420272101,-936539264,271910,4183504,48,121,98139,2085,70598,3,0
$$HAR,12:49:48,420272165,-936539259,273602,4183504,31,121,98139,2086,70474,3,0
$$HAR,12:49:51,420272212,-936539281,274939,4183504,47,121,98139,2086,70404,3,0
$$HAR,12:49:54,420272239,-936539282,275922,4183504,15,121,98141,2086,70410,3,0
$$HAR,12:49:57,420272196,-936539278,275634,4183504,33,152,98141,2086,70668,3,0
$$HAR,12:50:0,420272076,-936539287,274230,4183504,85,152,98141,2087,70879,3,0
$$HAR,12:50:3,420271961,-936539297,272888,4183504,53,152,98139,2087,70977,3,0
$$HAR,12:50:6,420271861,-936539311,271733,4183504,79,152,98141,2088,71161,3,0
$$HAR,12:50:9,420271780,-936539323,270761,4183504,48,152,98141,2089,71230,3,0
$$HAR,12:50:12,420271690,-936539330,269642,4183504,81,152,98141,2089,71173,3,0
$$HAR,12:50:15,420271622,-936539348,268931,4183504,23,152,98139,2090,71119,3,0
$$HAR,12:50:18,420271553,-936539356,268289,4183504,42,152,98141,2091,71099,3,0
$$HAR,12:50:21,420271483,-936539352,267617,4183504,45,152,98139,2092,71095,3,0
$$HAR,12:50:24,420271435,-936539349,267182,4183504,60,152,98141,2093,71125,3,0
$$HAR,12:50:27,420271400,-936539347,266828,4183504,42,152,98139,2094,71128,3,0
$$HAR,12:50:30,420271362,-936539327,266387,4183504,66,152,98143,2095,71093,3,0
$$HAR,12:50:33,420271346,-936539335,266086,4183504,25,152,98141,2096,71042,3,0
$$HAR,12:50:36,420271327,-936539340,265935,4183504,61,152,98143,2097,70966,3,0
$$HAR,12:50:39,420271356,-936539337,266511,4183504,74,121,98141,2098,70983,3,0
$$HAR,12:50:42,420271412,-936539326,267432,4183504,69,152,98143,2099,71137,3,0
$$HAR,12:50:45,420271392,-936539331,267364,4183504,38,152,98141,2100,71260,3,0
$$HAR,12:50:48,420271383,-936539348,267433,4183504,118,152,98143,2101,71342,3,0
$$HAR,12:50:51,420271375,-936539364,267367,4183504,51,152,98141,2102,71466,3,0
$$HAR,12:50:54,420271366,-936539384,267297,4183504,51,152,98143,2103,71498,3,0
$$HAR,12:50:57,420271370,-936539396,267266,4183504,78,152,98141,2104,71464,3,0
$$HAR,12:51:0,420271452,-936539187,269365,4183504,2141,164,98143,2105,71470,3,0
$$HAR,12:51:3,420271449,-936539154,269388,4183504,42,144,98141,2106,71427,3,0
$$HAR,12:51:6,420271557,-936539145,270166,4183504,56,120,98143,2107,71348,3,0
$$HAR,12:51:9,420271630,-936539082,271136,4183504,109,120,98141,2107,71203,3,0
$$HAR,12:51:12,420271706,-936539029,272246,4183504,39,120,98143,2108,71045,3,0
$$HAR,12:51:15,420271702,-936539008,271706,4183504,171,144,98143,2109,70826,3,0
$$HAR,12:51:18,420271876,-936538876,273355,4183504,132,126,98141,2109,70524,3,0
$$HAR,12:51:21,420272021,-936538883,275598,4183504,6,120,98139,2110,70322,3,0
$$HAR,12:51:24,420271977,-936538835,275730,4183504,17,124,98145,2110,70121,3,0
$$HAR,12:51:27,420271969,-936538839,276587,4183504,46,124,98143,2111,69997,3,0
$$HAR,12:51:30,420272000,-936538831,277260,4183504,94,120,98143,2111,69927,3,0
$$HAR,12:51:33,420272081,-936538809,278398,4183504,24,121,98143,2111,69659,3,0
$$HAR,12:51:36,420272157,-936538784,280173,4183504,6,121,98143,2111,69369,3,0
$$HAR,12:51:39,420272205,-936538742,282254,4183504,37,126,98143,2110,69162,3,0
$$HAR,12:51:42,420272296,-936538707,284654,4183504,99,126,98139,2109,69343,3,0
$$HAR,12:51:45,420272369,-936538721,285052,4183504,64,126,98139,2109,69834,3,0
$$HAR,12:51:48,420272450,-936538727,286264,4183504,23,127,98139,2108,70076,3,0
$$HAR,12:51:51,420272550,-936538711,288210,4183504,18,127,98141,2107,70213,3,0
$$HAR,12:51:54,420272625,-936538698,289656,4183504,52,121,98141,2106,70147,3,0
$$HAR,12:51:57,420272664,-936538687,290919,4183504,32,121,98139,2106,70217,3,0
$$HAR,12:52:0,420272720,-936538664,292557,4183504,91,121,98141,2105,70230,3,0
$$HAR,12:52:3,420272725,-936538642,293422,4183504,30,121,98141,2105,70133,3,0
$$HAR,12:52:6,420272663,-936538644,292737,4183504,80,121,98141,2105,70030,3,0
$$HAR,12:52:9,420272639,-936538654,293088,4183504,92,121,98141,2106,69953,3,0
$$HAR,12:52:12,420272634,-936538674,293090,4183504,73,121,98141,2106,70003,3,0
$$HAR,12:52:15,420272596,-936538681,292757,4183504,17,120,98141,2106,70100,3,0
$$HAR,12:52:18,420272540,-936538726,291135,4183504,98,120,98141,2107,70310,3,0
$$HAR,12:52:21,420272491,-936538767,289125,4183504,28,120,98141,2107,70491,3,0
$$HAR,12:52:24,420272443,-936538811,286963,4183504,81,120,98139,2108,70595,3,0
$$HAR,12:52:27,420272391,-936538871,284338,4183504,50,120,98141,2109,70661,3,0
$$HAR,12:52:30,420272342,-936538921,282019,4183504,72,120,98145,2110,70708,3,0
$$HAR,12:52:33,420272295,-936538974,279987,4183504,31,120,98143,2111,70741,3,0
$$HAR,12:52:36,420272257,-936538998,278736,4183504,52,124,98145,2112,70767,3,0
$$HAR,12:52:39,420272208,-936539011,277736,4183504,87,124,98143,2114,70704,3,0
$$HAR,12:52:42,420272201,-936539033,277608,4183504,81,124,98143,2115,70691,3,0
$$HAR,12:52:45,420272220,-936539035,278147,4183504,75,124,98143,2117,70674,3,0
$$HAR,12:52:48,420272328,-936539015,280337,4183504,104,121,98143,2119,70698,3,0
$$HAR,12:52:51,420272503,-936538977,283475,4183504,25,121,98143,2120,70516,3,0
$$HAR,12:52:54,420272750,-936538917,288071,4183504,79,121,98141,2122,70275,3,0
$$HAR,12:52:57,420273037,-936538885,293505,4183504,99,121,98143,2123,70114,3,0
$$HAR,12:53:0,420273286,-936538853,297904,4183504,18,121,98143,2124,70003,3,0
$$HAR,12:53:3,420273478,-936538836,301316,4183504,157,121,98143,2125,69944,3,0
$$HAR,12:53:6,420273610,-936538820,303578,4183504,69,121,98145,2126,69937,3,0
$$HAR,12:53:9,420273637,-936538776,304206,4183504,27,123,98145,2127,69909,3,0
$$HAR,12:53:12,420273641,-936538739,304276,4183504,34,123,98147,2128,69790,3,0
$$HAR,12:53:15,420273597,-936538719,303057,4183504,44,123,98145,2127,69482,3,0
$$HAR,12:53:18,420273538,-936538729,302032,4183504,30,123,98147,2126,69229,3,0
$$HAR,12:53:21,420273419,-936538784,300106,4183504,120,156,98143,2124,69225,3,0
$$HAR,12:53:24,420273196,-936538840,296873,4183504,151,156,98143,2123,69362,3,0
$$HAR,12:53:27,420273107,-936538903,295583,4183504,218,156,98143,2123,69528,3,0
$$HAR,12:53:30,420272391,-936538985,288507,4183504,29,156,98143,2122,69689,3,0
$$HAR,12:53:33,420272160,-936539022,284985,4183504,23,156,98143,2122,69813,3,0
$$HAR,12:53:36,420272088,-936539067,283010,4183504,36,125,98145,2122,69917,3,0
$$HAR,12:53:39,420272032,-936539081,281229,4183504,142,162,98145,2122,70212,3,0
$$HAR,12:53:42,420272002,-936539101,279476,4183504,111,156,98143,2122,70523,3,0
$$HAR,12:53:45,420271974,-936539119,277892,4183504,60,155,98143,2122,70785,3,0
$$HAR,12:53:48,420272067,-936539111,278642,4183504,57,122,98143,2122,70987,3,0
$$HAR,12:53:51,420272183,-936539089,280666,4183504,64,119,98145,2122,71097,3,0
$$HAR,12:53:54,420272311,-936539041,283269,4183504,86,119,98145,2121,71063,3,0
$$HAR,12:53:57,420272361,-936539033,283729,4183504,7,119,98145,2119,70843,3,0
$$HAR,12:54:0,420272484,-936538998,286075,4183504,122,119,98147,2118,70736,3,0
$$HAR,12:54:3,420272547,-936538980,287150,4183504,68,119,98145,2117,70653,3,0
$$HAR,12:54:6,420272584,-936538981,287135,4183504,5,119,98147,2116,70599,3,0
$$HAR,12:54:9,420272609,-936538981,287261,4183504,30,119,98145,2115,70530,3,0
$$HAR,12:54:12,420272598,-936538977,286396,4183504,52,119,98147,2114,70476,3,0
$$HAR,12:54:15,420272583,-936538992,285170,4183504,61,120,98147,2113,70414,3,0
$$HAR,12:54:18,420272369,-936539087,280270,4183504,17,120,98147,2113,70380,3,0
$$HAR,12:54:21,420272196,-936539149,276852,4183504,61,120,98147,2113,70450,3,0
$$HAR,12:54:24,420272053,-936539225,273196,4183504,17,144,98147,2113,70635,3,0
$$HAR,12:54:27,420271969,-936539281,271339,4183504,45,149,98149,2113,70836,3,0
$$HAR,12:54:30,420271918,-936539318,270021,4183504,82,151,98147,2113,71078,3,0
$$HAR,12:54:33,420272008,-936539282,272147,4183504,36,123,98149,2113,71203,3,0
$$HAR,12:54:36,420272034,-936539257,273156,4183504,79,123,98149,2113,71108,3,0
$$HAR,12:54:39,420272018,-936539255,273255,4183504,29,123,98147,2114,70993,3,0
$$HAR,12:54:42,420272055,-936539244,273873,4183504,61,123,98149,2114,70987,3,0
$$HAR,12:54:45,420272059,-936539246,273933,4183504,66,151,98149,2114,71111,3,0
$$HAR,12:54:48,420271993,-936539260,273017,4183504,126,151,98149,2114,71134,3,0
$$HAR,12:54:51,420271926,-936539276,272142,4183504,56,151,98149,2115,71007,3,0
$$HAR,12:54:54,420271877,-936539290,271506,4183504,61,151,98149,2115,70869,3,0
$$HAR,12:54:57,420271826,-936539288,270986,4183504,99,151,98147,2116,70757,3,0
$$HAR,12:55:0,420271772,-936539287,270275,4183504,37,162,98149,2116,70667,3,0
$$HAR,12:55:3,420271715,-936539293,269633,4183504,9,162,98149,2117,70583,3,0
$$HAR,12:55:6,420271660,-936539295,268980,4183504,70,162,98151,2118,70498,3,0
$$HAR,12:55:9,420271605,-936539289,268244,4183504,14,151,98149,2119,70420,3,0
$$HAR,12:55:12,420271568,-936539284,267717,4183504,20,151,98149,2120,70345,3,0
$$HAR,12:55:15,420271547,-936539292,267464,4183504,38,162,98151,2122,70282,3,0
$$HAR,12:55:18,420271511,-936539295,266958,4183504,66,151,98149,2123,70251,3,0
$$HAR,12:55:21,420271480,-936539294,266551,4183504,32,162,98151,2125,70276,3,1
$$HAR,12:55:24,420271451,-936539300,266205,4183504,61,162,98155,2126,70353,3,1
$$HAR,12:55:27,420271426,-936539299,265830,4183504,91,162,98153,2127,70372,3,0
$$HAR,12:55:30,420271404,-936539309,265316,4183504,117,151,98153,2127,70315,3,0
$$HAR,12:55:33,420271398,-936539317,265172,4183504,38,151,98155,2128,70218,3,0
$$HAR,12:55:36,420271393,-936539339,264852,4183504,31,151,98153,2128,70254,3,0
$$HAR,12:55:39,420271384,-936539363,264350,4183504,48,159,98153,2129,70320,3,0
$$HAR,12:55:42,420271376,-936539391,264041,4183504,97,159,98153,2129,70347,3,0
$$HAR,12:55:45,420271374,-936539410,263712,4183504,27,159,98153,2128,70372,3,0
$$HAR,12:55:48,420271365,-936539443,263106,4183504,70,132,98155,2128,70392,3,0
$$HAR,12:55:51,420271375,-936539454,262871,4183504,5,132,98153,2127,70523,3,0
$$HAR,12:55:54,420271383,-936539462,262903,4183504,35,132,98153,2127,70710,3,0
$$HAR,12:55:57,420271366,-936539475,262497,4183504,35,159,98153,2126,70752,3,0
$$HAR,12:56:0,420271353,-936539490,262337,4183504,45,147,98155,2126,70718,3,0
$$HAR,12:56:3,420271360,-936539509,262398,4183504,59,159,98155,2126,70601,3,0
$$HAR,12:56:6,420271350,-936539528,262230,4183504,7,147,98155,2127,70496,3,0
$$HAR,12:56:9,420271355,-936539525,262100,4183504,38,159,98153,2127,70392,3,0
$$HAR,12:56:12,420271356,-936539524,262012,4183504,40,147,98155,2128,70342,3,0
$$HAR,12:56:15,420271377,-936539506,262478,4183504,5,159,98155,2128,70275,3,0
$$HAR,12:56:18,420271398,-936539475,263151,4183504,102,147,98155,2127,70248,3,0
$$HAR,12:56:21,420271412,-936539433,264251,4183504,46,147,98151,2125,70380,3,0
$$HAR,12:56:24,420271428,-936539397,265200,4183504,30,142,98153,2124,70502,3,0
$$HAR,12:56:27,420271500,-936539347,268321,4183504,18,119,98151,2123,70660,3,0
$$HAR,12:56:30,420271577,-936539279,271993,4183504,22,119,98151,2123,70770,3,0
$$HAR,12:56:33,420271642,-936539229,275163,4183504,51,119,98151,2123,70764,3,0
$$HAR,12:56:36,420271708,-936539163,278067,4183504,13,119,98153,2123,70757,3,0
$$HAR,12:56:39,420271786,-936539075,281635,4183504,28,119,98153,2123,70639,3,0
$$HAR,12:56:42,420271839,-936539003,284742,4183504,16,119,98153,2123,70529,3,0
$$HAR,12:56:45,420271889,-936538943,287334,4183504,16,120,98153,2123,70459,3,0
$$HAR,12:56:48,420271936,-936538877,289969,4183504,31,120,98153,2124,70472,3,0
$$HAR,12:56:51,420271941,-936538857,290451,4183504,30,142,98153,2124,70495,3,0
$$HAR,12:56:54,420271899,-936538871,289053,4183504,43,142,98153,2124,70576,3,0
$$HAR,12:56:57,420271845,-936538897,287107,4183504,24,142,98153,2125,70608,3,0
$$HAR,12:57:0,420271805,-936538943,284629,4183504,84,147,98153,2125,70641,3,0
$$HAR,12:57:3,420271787,-936538999,282451,4183504,14,147,98157,2126,70759,3,0
$$HAR,12:57:6,420271759,-936539042,280655,4183504,67,142,98155,2127,70771,3,0
$$HAR,12:57:9,420271862,-936539033,282983,4183504,37,120,98155,2127,70710,3,0
$$HAR,12:57:12,420271913,-936539027,284109,4183504,56,120,98157,2128,70667,3,0
$$HAR,12:57:15,420271866,-936539066,282803,4183504,65,142,98155,2129,70645,3,0
$$HAR,12:57:18,420271813,-936539080,280615,4183504,41,123,98155,2129,70658,3,0
$$HAR,12:57:21,420271734,-936539140,277913,4183504,61,147,98155,2130,70722,3,0
$$HAR,12:57:24,420271708,-936539165,276651,4183504,6,167,98155,2131,70749,3,0
$$HAR,12:57:27,420271699,-936539173,276071,4183504,36,124,98155,2132,70822,3,0
$$HAR,12:57:30,420271685,-936539187,275474,4183504,97,155,98157,2134,70874,3,0
$$HAR,12:57:33,420271697,-936539187,275344,4183504,31,155,98155,2135,70867,3,0
$$HAR,12:57:36,420271715,-936539201,275296,4183504,60,155,98155,2136,70866,3,0
$$HAR,12:57:39,420271729,-936539201,275336,4183504,24,155,98157,2138,70822,3,0
$$HAR,12:57:42,420271725,-936539204,275067,4183504,7,155,98157,2139,70768,3,0
$$HAR,12:57:45,420271717,-936539215,274763,4183504,57,155,98155,2141,70722,3,0
$$HAR,12:57:48,420271697,-936539222,274228,4183504,95,155,98159,2142,70689,3,0
$$HAR,12:57:51,420271681,-936539226,273596,4183504,100,155,98159,2144,70665,3,0
$$HAR,12:57:54,420271653,-936539227,272788,4183504,125,155,98157,2145,70599,3,0
$$HAR,12:57:57,420271630,-936539230,272310,4183504,84,142,98157,2146,70545,3,0
$$HAR,12:58:0,420271596,-936539234,271805,4183504,38,147,98159,2148,70501,3,0
$$HAR,12:58:3,420271572,-936539228,271421,4183504,52,147,98159,2149,70505,3,0
$$HAR,12:58:6,420271545,-936539217,271182,4183504,12,123,98157,2151,70485,3,0
$$HAR,12:58:9,420271520,-936539211,271037,4183504,13,147,98157,2152,70447,3,0
$$HAR,12:58:12,420271492,-936539197,270570,4183504,68,130,98157,2154,70343,3,0
$$HAR,12:58:15,420271449,-936539191,269816,4183504,88,123,98159,2155,70278,3,0
$$HAR,12:58:18,420271417,-936539170,269519,4183504,115,123,98157,2156,70263,3,0
$$HAR,12:58:21,420271409,-936539155,269688,4183504,39,130,98161,2157,70358,3,0
$$HAR,12:58:24,420271383,-936539158,269272,4183504,101,168,98159,2158,70481,3,0
$$HAR,12:58:27,420271360,-936539154,268758,4183504,92,168,98161,2159,70494,3,0
$$HAR,12:58:30,420271339,-936539165,268085,4183504,60,147,98159,2160,70329,3,0
$$HAR,12:58:33,420271330,-936539163,267581,4183504,65,147,98159,2161,70140,3,0
$$HAR,12:58:36,420271317,-936539169,267243,4183504,57,168,98161,2162,69947,3,0
$$HAR,12:58:39,420271318,-936539190,266966,4183504,42,168,98159,2163,69737,3,0
$$HAR,12:58:42,420271325,-936539187,267132,4183504,45,168,98161,2163,69591,3,0
$$HAR,12:58:45,420271338,-936539181,267132,4183504,22,168,98161,2163,69490,3,0
$$HAR,12:58:48,420271323,-936539177,266849,4183504,14,168,98161,2164,69351,3,0
$$HAR,12:58:51,420271304,-936539179,266614,4183504,13,168,98159,2164,69160,3,0
$$HAR,12:58:54,420271301,-936539184,266535,4183504,31,123,98159,2164,69041,3,0
$$HAR,12:58:57,420271305,-936539191,266641,4183504,23,123,98161,2163,68884,3,0
$$HAR,12:59:0,420271300,-936539193,266667,4183504,50,123,98159,2162,68743,3,0
$$HAR,12:59:3,420271310,-936539189,266817,4183504,169,123,98159,2162,68669,3,0
$$HAR,12:59:6,420271329,-936539220,267267,4183504,47,123,98159,2161,68627,3,0
$$HAR,12:59:9,420271327,-936539234,267186,4183504,78,147,98159,2160,68667,3,0
$$HAR,12:59:12,420271325,-936539250,267025,4183504,31,147,98159,2160,68710,3,0
$$HAR,12:59:15,420271317,-936539249,267125,4183504,20,147,98161,2159,68751,3,0
$$HAR,12:59:18,420271324,-936539231,267065,4183504,83,123,98159,2159,68801,3,0
$$HAR,12:59:21,420271319,-936539220,266629,4183504,35,123,98161,2158,68891,3,0
$$HAR,12:59:24,420271281,-936539222,265903,4183504,62,123,98161,2158,68904,3,0
$$HAR,12:59:27,420271284,-936539221,265789,4183504,27,123,98161,2158,68861,3,0
$$HAR,12:59:30,420271286,-936539227,265765,4183504,46,131,98163,2158,68870,3,0
$$HAR,12:59:33,420271292,-936539225,265850,4183504,88,123,98163,2158,68917,3,0
$$HAR,12:59:36,420271320,-936539219,266319,4183504,62,123,98163,2158,69027,3,0
$$HAR,12:59:39,420271358,-936539218,266680,4183504,52,123,98163,2158,69144,3,0
$$HAR,12:59:42,420271361,-936539223,266605,4183504,60,169,98163,2158,69454,3,0
$$HAR,12:59:45,420271337,-936539228,266034,4183504,22,147,98163,2158,69721,3,0
$$HAR,12:59:48,420271332,-936539240,265719,4183504,9,169,98165,2159,69928,3,0
$$HAR,12:59:51,420271338,-936539249,265525,4183504,76,169,98163,2160,70051,3,0
$$HAR,12:59:54,420271327,-936539268,265242,4183504,85,147,98161,2160,70018,3,0
$$HAR,12:59:57,420271326,-936539274,265325,4183504,29,147,98163,2161,69920,3,0
$$HAR,13:0:0,420271323,-936539277,265225,4183504,50,147,98163,2162,69769,3,0
$$HAR,13:0:3,420271332,-936539276,265322,4183504,60,147,98161,2163,69724,3,0
$$HAR,13:0:6,420271346,-936539283,265181,4183504,95,147,98163,2163,69420,3,0
$$HAR,13:0:9,420271348,-936539296,264930,4183504,21,147,98163,2163,69097,3,0
$$HAR,13:0:12,420271334,-936539282,264454,4183504,26,149,98163,2163,69057,3,0
$$HAR,13:0:15,420271301,-936539272,263572,4183504,46,149,98163,2163,68987,3,0
$$HAR,13:0:18,420271231,-936539295,261225,4183504,34,134,98163,2163,68947,3,0
$$HAR,13:0:21,420271232,-936539335,260073,4183504,36,134,98163,2163,68877,3,0
$$HAR,13:0:24,420271229,-936539334,259642,4183504,24,132,98161,2163,68698,3,0
$$HAR,13:0:27,420271261,-936539346,259971,4183504,32,115,98163,2162,68524,3,0
$$HAR,13:0:30,420271294,-936539335,260283,4183504,5,117,98165,2162,68607,3,0
$$HAR,13:0:33,420271277,-936539336,259855,4183504,158,132,98163,2161,68853,3,0
$$HAR,13:0:36,420271266,-936539341,259422,4183504,12,132,98163,2160,69143,3,0
$$HAR,13:0:39,420271268,-936539344,259214,4183504,41,139,98165,2160,69623,3,0
$$HAR,13:0:42,420271285,-936539354,259390,4183504,115,139,98165,2160,69975,3,0
$$HAR,13:0:45,420271342,-936539359,260260,4183504,24,115,98165,2160,70225,3,0
$$HAR,13:0:48,420271403,-936539371,261330,4183504,67,117,98165,2160,70356,3,0
$$HAR,13:0:51,420271460,-936539381,262173,4183504,37,127,98165,2160,70189,3,0
$$HAR,13:0:54,420271489,-936539395,262285,4183504,13,127,98165,2160,70114,3,0
$$HAR,13:0:57,420271466,-936539409,261542,4183504,25,159,98166,2159,70219,3,0
$$HAR,13:1:0,420271441,-936539430,260857,4183504,59,144,98166,2159,70364,3,0
$$HAR,13:1:3,420271418,-936539450,260300,4183504,54,159,98166,2159,70397,3,0
$$HAR,13:1:6,420271410,-936539482,260034,4183504,46,132,98166,2159,70337,3,0
$$HAR,13:1:9,420271402,-936539488,260137,4183504,69,129,98166,2160,70265,3,0
$$HAR,13:1:12,420271404,-936539493,260461,4183504,88,129,98166,2160,70195,3,1
$$HAR,13:1:15,420271401,-936539497,260943,4183504,57,136,98166,2160,70148,3,0
$$HAR,13:1:18,420271384,-936539495,261147,4183504,87,136,98166,2160,70108,3,0
$$HAR,13:1:21,420271367,-936539486,261415,4183504,72,136,98166,2161,70003,3,0
$$HAR,13:1:24,420271346,-936539494,261425,4183504,4,136,98166,2161,69866,3,0
$$HAR,13:1:27,420271331,-936539498,261557,4183504,45,129,98168,2161,69866,3,0
$$HAR,13:1:30,420271323,-936539507,261855,4183504,21,136,98168,2162,69989,3,0
$$HAR,13:1:33,420271324,-936539522,262272,4183504,15,117,98166,2162,70093,3,0
$$HAR,13:1:36,420271333,-936539530,262708,4183504,35,117,98166,2162,70167,3,0
$$HAR,13:1:39,420271331,-936539540,263008,4183504,13,117,98168,2163,70206,3,0
$$HAR,13:1:42,420271340,-936539546,263347,4183504,14,114,98168,2164,70095,3,0
$$HAR,13:1:45,420271328,-936539546,263489,4183504,28,129,98166,2164,70041,3,0
$$HAR,13:1:48,420271323,-936539548,263662,4183504,35,132,98168,2165,70024,3,0
$$HAR,13:1:51,420271318,-936539554,263611,4183504,49,132,98166,2166,70004,3,0
$$HAR,13:1:54,420271319,-936539559,263798,4183504,6,135,98168,2167,69989,3,0
$$HAR,13:1:57,420271334,-936539555,263911,4183504,35,135,98166,2168,69953,3,0
$$HAR,13:2:0,420271342,-936539539,263851,4183504,45,129,98168,2170,69978,3,0
$$HAR,13:2:3,420271363,-936539526,263968,4183504,41,135,98166,2171,69971,3,0
$$HAR,13:2:6,420271383,-936539512,264016,4183504,36,129,98168,2172,69997,3,0
$$HAR,13:2:9,420271379,-936539489,263729,4183504,25,129,98168,2173,70003,3,0
$$HAR,13:2:12,420271449,-936539468,264875,4183504,29,114,98168,2174,69953,3,0
$$HAR,13:2:15,420271571,-936539452,266626,4183504,35,114,98166,2175,69932,3,0
$$HAR,13:2:18,420271671,-936539431,268114,4183504,35,114,98170,2176,69902,3,0
$$HAR,13:2:21,420271742,-936539412,269195,4183504,19,114,98168,2177,69924,3,0
$$HAR,13:2:24,420271800,-936539402,270016,4183504,75,114,98170,2177,69984,3,0
$$HAR,13:2:27,420271819,-936539392,270161,4183504,39,117,98170,2178,69892,3,0
$$HAR,13:2:30,420271836,-936539395,270416,4183504,54,114,98170,2179,69872,3,0
$$HAR,13:2:33,420271836,-936539389,270303,4183504,38,114,98170,2180,69904,3,0
$$HAR,13:2:36,420271808,-936539384,270009,4183504,69,114,98168,2181,69828,3,0
$$HAR,13:2:39,420271740,-936539368,269021,4183504,44,129,98170,2182,69601,3,0
$$HAR,13:2:42,420271670,-936539369,267943,4183504,58,129,98168,2183,69336,3,0
$$HAR,13:2:45,420271596,-936539371,266680,4183504,83,132,98168,2184,69166,3,0
$$HAR,13:2:48,420271542,-936539377,265797,4183504,39,129,98170,2186,69038,3,0
$$HAR,13:2:51,420271514,-936539388,265238,4183504,18,120,98170,2187,68967,3,0
$$HAR,13:2:54,420271507,-936539396,265173,4183504,75,120,98170,2189,68930,3,0
$$HAR,13:2:57,420271514,-936539414,265166,4183504,24,120,98168,2190,68979,3,0
$$HAR,13:3:0,420271521,-936539429,265228,4183504,28,114,98172,2192,69037,3,0
$$HAR,13:3:3,420271533,-936539446,265132,4183504,54,120,98172,2193,69050,3,0
$$HAR,13:3:6,420271537,-936539458,265057,4183504,106,116,98172,2194,69062,3,0
$$HAR,13:3:9,420271573,-936539465,265391,4183504,16,120,98172,2195,68999,3,0
$$HAR,13:3:12,420271625,-936539461,266078,4183504,56,134,98170,2196,68945,3,0
$$HAR,13:3:15,420271668,-936539455,266512,4183504,15,115,98172,2197,68862,3,0
$$HAR,13:3:18,420271697,-936539434,266635,4183504,56,115,98170,2198,68748,3,0
$$HAR,13:3:21,420271709,-936539422,266702,4183504,32,130,98172,2199,68585,3,0
$$HAR,13:3:24,420271708,-936539410,266432,4183504,44,115,98174,2201,68381,3,0
$$HAR,13:3:27,420271698,-936539400,266118,4183504,57,115,98172,2202,68238,3,0
$$HAR,13:3:30,420271689,-936539397,265886,4183504,60,115,98172,2203,68174,3,0
$$HAR,13:3:33,420271659,-936539388,265291,4183504,78,115,98172,2204,68098,3,0
$$HAR,13:3:36,420271630,-936539384,264840,4183504,54,115,98174,2205,67987,3,0
$$HAR,13:3:39,420271596,-936539381,264443,4183504,35,119,98172,2205,67941,3,0
$$HAR,13:3:42,420271536,-936539369,263697,4183504,43,119,98172,2206,67917,3,0
$$HAR,13:3:45,420271501,-936539370,263200,4183504,53,119,98172,2206,67870,3,0
$$HAR,13:3:48,420271472,-936539365,262939,4183504,59,119,98176,2207,67833,3,0
$$HAR,13:3:51,420271440,-936539373,262569,4183504,55,115,98174,2208,67800,3,0
$$HAR,13:3:54,420271395,-936539373,262087,4183504,43,115,98174,2209,67722,3,0
$$HAR,13:3:57,420271380,-936539381,262165,4183504,25,119,98174,2210,67689,3,1
$$HAR,13:4:0,420271385,-936539387,262519,4183504,54,115,98176,2211,67756,3,0
$$HAR,13:4:3,420271395,-936539374,262817,4183504,17,115,98176,2211,67934,3,0
$$HAR,13:4:6,420271397,-936539367,262910,4183504,49,115,98174,2212,68062,3,0
$$HAR,13:4:9,420271397,-936539359,263267,4183504,56,115,98174,2212,68116,3,0
$$HAR,13:4:12,420271397,-936539360,263467,4183504,97,130,98174,2212,68172,3,0
$$HAR,13:4:15,420271393,-936539355,263543,4183504,72,128,98176,2213,68172,3,0
$$HAR,13:4:18,420271421,-936539339,264037,4183504,70,114,98176,2212,68116,3,0
$$HAR,13:4:21,420271455,-936539324,264743,4183504,25,117,98174,2212,68062,3,0
$$HAR,13:4:24,420271465,-936539291,264939,4183504,78,115,98176,2212,68042,3,0
$$HAR,13:4:27,420271426,-936539266,264451,4183504,56,135,98176,2211,68010,3,0
$$HAR,13:4:30,420271376,-936539257,263840,4183504,25,128,98176,2211,68140,3,0
$$HAR,13:4:33,420271327,-936539235,263201,4183504,85,130,98176,2210,68524,3,0
$$HAR,13:4:36,420271306,-936539229,262919,4183504,34,130,98176,2209,68625,3,0
$$HAR,13:4:39,420271303,-936539220,262826,4183504,33,130,98174,2208,68725,3,0
$$HAR,13:4:42,420271292,-936539226,262855,4183504,41,130,98176,2208,68635,3,0
$$HAR,13:4:45,420271283,-936539238,262564,4183504,57,135,98178,2207,68732,3,0
$$HAR,13:4:48,420271280,-936539253,262615,4183504,68,135,98178,2207,68825,3,0
$$HAR,13:4:51,420271277,-936539257,262574,4183504,64,131,98174,2206,68856,3,0
$$HAR,13:4:54,420271297,-936539274,262690,4183504,39,131,98174,2206,68932,3,0
$$HAR,13:4:57,420271308,-936539274,262834,4183504,52,131,98174,2206,69006,3,0
$$HAR,13:5:0,420271316,-936539285,262901,4183504,67,138,98174,2206,69083,3,0
$$HAR,13:5:3,420271334,-936539295,263073,4183504,31,138,98178,2207,69178,3,0
$$HAR,13:5:6,420271340,-936539301,263056,4183504,24,138,98178,2207,69198,3,0
$$HAR,13:5:9,420271358,-936539306,263186,4183504,50,138,98178,2208,69151,3,0
$$HAR,13:5:12,420271351,-936539320,263065,4183504,47,138,98176,2208,68978,3,0
$$HAR,13:5:15,420271341,-936539324,262902,4183504,39,138,98178,2209,68770,3,0
$$HAR,13:5:18,420271325,-936539318,262650,4183504,33,138,98178,2209,68544,3,0
$$HAR,13:5:21,420271296,-936539311,262229,4183504,66,138,98178,2209,68269,3,0
$$HAR,13:5:24,420271281,-936539295,261941,4183504,5,138,98178,2209,68030,3,0
$$HAR,13:5:27,420271276,-936539282,261945,4183504,51,138,98178,2210,67845,3,0
$$HAR,13:5:30,420271246,-936539269,261602,4183504,25,138,98178,2210,67736,3,0
$$HAR,13:5:33,420271258,-936539265,261691,4183504,64,119,98178,2210,67716,3,0
$$HAR,13:5:36,420271253,-936539266,261664,4183504,17,119,98178,2210,67818,3,0
$$HAR,13:5:39,420271257,-936539270,261800,4183504,57,119,98180,2211,68010,3,0
$$HAR,13:5:42,420271239,-936539266,261734,4183504,53,131,98180,2211,68186,3,0
$$HAR,13:5:45,420271230,-936539258,261659,4183504,32,131,98178,2210,68100,3,0
$$HAR,13:5:48,420271207,-936539266,261561,4183504,31,131,98180,2209,67954,3,0
$$HAR,13:5:51,420271221,-936539284,262082,4183504,48,131,98180,2207,67962,3,0
$$HAR,13:5:54,420271219,-936539296,262251,4183504,6,131,98178,2205,67974,3,0
$$HAR,13:5:57,420271205,-936539305,262324,4183504,70,131,98178,2203,68011,3,0
$$HAR,13:6:0,420271182,-936539310,262273,4183504,108,131,98176,2200,67986,3,0
$$HAR,13:6:3,420271175,-936539333,262318,4183504,31,131,98176,2198,68091,3,0
$$HAR,13:6:6,420271194,-936539353,262753,4183504,25,135,98176,2196,68217,3,0
$$HAR,13:6:9,420271219,-936539375,263145,4183504,111,131,98178,2194,68252,3,0
$$HAR,13:6:12,420271248,-936539418,263568,4183504,72,115,98178,2192,68356,3,0
$$HAR,13:6:15,420271283,-936539443,264318,4183504,27,115,98174,2191,68417,3,0
$$HAR,13:6:18,420271312,-936539446,264776,4183504,59,115,98176,2189,68511,3,0
$$HAR,13:6:21,420271323,-936539466,265095,4183504,10,114,98174,2188,68747,3,0
$$HAR,13:6:24,420271332,-936539466,265249,4183504,63,134,98176,2187,68870,3,0
$$HAR,13:6:27,420271324,-936539480,265125,4183504,4,114,98176,2186,68825,3,0
$$HAR,13:6:30,420271315,-936539487,265199,4183504,24,114,98176,2185,68798,3,0
$$HAR,13:6:33,420271292,-936539496,265025,4183504,45,114,98176,2184,68773,3,0
$$HAR,13:6:36,420271272,-936539491,264834,4183504,63,114,98176,2184,68747,3,0
$$HAR,13:6:39,420271253,-936539482,264440,4183504,52,114,98176,2183,68747,3,1
$$HAR,13:6:42,420271231,-936539470,263984,4183504,52,114,98176,2183,68727,3,0
$$HAR,13:6:45,420271218,-936539467,263724,4183504,45,114,98176,2184,68733,3,0
$$HAR,13:6:48,420271205,-936539471,263407,4183504,56,114,98176,2184,68740,3,0
$$HAR,13:6:51,420271172,-936539476,262511,4183504,2,114,98178,2183,68740,3,0
$$HAR,13:6:54,420271177,-936539488,262284,4183504,55,114,98178,2183,68800,3,0
$$HAR,13:6:57,420271187,-936539502,262111,4183504,85,115,98178,2183,68850,3,0
$$HAR,13:7:0,420271207,-936539500,262292,4183504,57,113,98178,2183,68910,3,0
$$HAR,13:7:3,420271216,-936539510,262234,4183504,60,113,98178,2183,69013,3,0
$$HAR,13:7:6,420271221,-936539527,262325,4183504,61,113,98178,2183,69130,3,0
$$HAR,13:7:9,420271234,-936539531,262542,4183504,45,115,98178,2184,69289,3,0
$$HAR,13:7:12,420271235,-936539541,262641,4183504,98,115,98178,2184,69439,3,0
$$HAR,13:7:15,420271222,-936539535,262726,4183504,26,115,98176,2184,69586,3,0
$$HAR,13:7:18,420271221,-936539523,263088,4183504,64,115,98178,2185,69581,3,0
$$HAR,13:7:21,420271220,-936539489,263339,4183504,84,115,98178,2185,69534,3,0
$$HAR,13:7:24,420271221,-936539458,263465,4183504,56,115,98178,2186,69327,3,0
$$HAR,13:7:27,420271222,-936539436,263647,4183504,60,115,98178,2187,69083,3,0
$$HAR,13:7:30,420271231,-936539416,263928,4183504,27,115,98178,2187,68967,3,0
$$HAR,13:7:33,420271228,-936539404,263961,4183504,52,130,98176,2188,68890,3,0
$$HAR,13:7:36,420271234,-936539378,264084,4183504,67,142,98178,2189,68842,3,0
$$HAR,13:7:39,420271239,-936539356,264277,4183504,56,130,98176,2190,68786,3,0
$$HAR,13:7:42,420271255,-936539356,264737,4183504,14,130,98180,2191,68746,3,0
$$HAR,13:7:45,420271264,-936539348,265180,4183504,65,130,98178,2192,68741,3,1
$$HAR,13:7:48,420271260,-936539337,265114,4183504,45,130,98180,2193,68651,3,0
$$HAR,13:7:51,420271239,-936539331,264940,4183504,76,115,98182,2195,68596,3,0
$$HAR,13:7:54,420271251,-936539329,265277,4183504,49,115,98180,2196,68546,3,0
$$HAR,13:7:57,420271258,-936539330,265676,4183504,46,115,98180,2197,68470,3,0
$$HAR,13:8:0,420271269,-936539346,266087,4183504,34,115,98178,2198,68578,3,0
$$HAR,13:8:3,420271259,-936539364,266181,4183504,46,115,98180,2199,68654,3,0
$$HAR,13:8:6,420271238,-936539357,265952,4183504,19,122,98182,2201,68696,3,0
$$HAR,13:8:9,420271230,-936539368,265962,4183504,40,122,98180,2202,68739,3,0
$$HAR,13:8:12,420271214,-936539372,265738,4183504,82,128,98180,2204,68735,3,0
$$HAR,13:8:15,420271197,-936539370,265521,4183504,25,128,98180,2205,68700,3,0
$$HAR,13:8:18,420271173,-936539370,264960,4183504,73,128,98178,2206,68706,3,0
$$HAR,13:8:21,420271156,-936539358,264591,4183504,27,128,98182,2207,68792,3,0
$$HAR,13:8:24,420271147,-936539346,264263,4183504,65,128,98182,2209,68920,3,0
$$HAR,13:8:27,420271120,-936539323,263647,4183504,182,128,98180,2210,69176,3,0
$$HAR,13:8:30,420271100,-936539304,263126,4183504,148,128,98182,2211,69279,3,0
$$HAR,13:8:33,420271109,-936539310,262496,4183504,71,129,98182,2212,69275,3,0
$$HAR,13:8:36,420271107,-936539321,261855,4183504,51,129,98182,2213,69139,3,0
$$HAR,13:8:39,420271093,-936539328,261148,4183504,88,128,98182,2215,69080,3,0
$$HAR,13:8:42,420271084,-936539335,260579,4183504,67,129,98180,2216,69196,3,0
$$HAR,13:8:45,420271095,-936539355,260408,4183504,48,128,98182,2217,69196,3,0
$$HAR,13:8:48,420271110,-936539385,260358,4183504,71,128,98180,2218,69185,3,0
$$HAR,13:8:51,420271117,-936539420,260199,4183504,57,128,98180,2219,69118,3,0
$$HAR,13:8:54,420271127,-936539456,260172,4183504,55,160,98180,2221,68997,3,0
$$HAR,13:8:57,420271130,-936539490,260198,4183504,57,160,98184,2223,68939,3,0
$$HAR,13:9:0,420271132,-936539519,260052,4183504,73,160,98184,2224,68843,3,0
$$HAR,13:9:3,420271122,-936539541,259558,4183504,13,160,98182,2226,68725,3,0
$$HAR,13:9:6,420271140,-936539556,259559,4183504,36,153,98182,2228,68681,3,0
$$HAR,13:9:9,420271161,-936539571,259552,4183504,57,141,98182,2229,68693,3,0
$$HAR,13:9:12,420271155,-936539586,259369,4183504,67,141,98182,2231,68775,3,0
$$HAR,13:9:15,420271150,-936539597,259132,4183504,33,141,98182,2233,68827,3,0
$$HAR,13:9:18,420271150,-936539597,258778,4183504,55,141,98184,2234,68716,3,0
$$HAR,13:9:21,420271139,-936539609,258353,4183504,96,141,98182,2236,68443,3,0
$$HAR,13:9:24,420271127,-936539617,257934,4183504,42,141,98182,2237,68273,3,0
$$HAR,13:9:27,420271109,-936539629,257610,4183504,35,141,98186,2238,68146,3,0
$$HAR,13:9:30,420271096,-936539640,257458,4183504,43,141,98184,2240,68125,3,0
$$HAR,13:9:33,420271083,-936539658,257386,4183504,63,141,98184,2241,68112,3,0
$$HAR,13:9:36,420271076,-936539680,257358,4183504,49,141,98186,2242,68152,3,0
$$HAR,13:9:39,420271072,-936539677,257648,4183504,26,141,98184,2243,68067,3,0
$$HAR,13:9:42,420271060,-936539656,257683,4183504,74,141,98184,2245,67947,3,0
$$HAR,13:9:45,420271052,-936539648,257837,4183504,65,146,98184,2246,67873,3,0
$$HAR,13:9:48,420271043,-936539647,258201,4183504,18,146,98182,2247,67836,3,0
$$HAR,13:9:51,420271035,-936539650,258599,4183504,42,122,98184,2248,67856,3,1
$$HAR,13:9:54,420271044,-936539632,259165,4183504,58,122,98182,2249,67888,3,0
$$HAR,13:9:57,420271065,-936539612,259855,4183504,66,122,98182,2249,67875,3,0
$$HAR,13:10:0,420271084,-936539615,260457,4183504,58,122,98182,2249,67719,3,0
$$HAR,13:10:3,420271100,-936539621,260932,4183504,11,122,98182,2249,67594,3,0
$$HAR,13:10:6,420271093,-936539605,261100,4183504,29,122,98182,2248,67584,3,0
$$HAR,13:10:9,420271115,-936539584,261520,4183504,52,122,98182,2247,67645,3,0
$$HAR,13:10:12,420271113,-936539582,261713,4183504,8,122,98182,2246,67728,3,0
$$HAR,13:10:15,420271106,-936539570,261835,4183504,41,122,98184,2245,67940,3,0
$$HAR,13:10:18,420271093,-936539546,261866,4183504,26,122,98184,2244,68120,3,0
$$HAR,13:10:21,420271062,-936539518,261687,4183504,50,122,98184,2243,68229,3,0
$$HAR,13:10:24,420271035,-936539498,261545,4183504,118,122,98186,2242,68290,3,0
$$HAR,13:10:27,420271049,-936539491,261971,4183504,201,122,98184,2242,68304,3,0
$$HAR,13:10:30,420271057,-936539470,262305,4183504,60,129,98184,2241,68274,3,0
$$HAR,13:10:33,420271036,-936539443,262125,4183504,57,128,98186,2241,68234,3,0
$$HAR,13:10:36,420270998,-936539420,261747,4183504,43,153,98186,2240,68208,3,0
$$HAR,13:10:39,420270984,-936539404,261746,4183504,61,160,98184,2240,68152,3,0
$$HAR,13:10:42,420270971,-936539404,261806,4183504,75,160,98186,2239,68073,3,0
$$HAR,13:10:45,420270971,-936539397,262125,4183504,30,160,98186,2239,68023,3,0
$$HAR,13:10:48,420270962,-936539389,262409,4183504,26,129,98186,2239,67997,3,0
$$HAR,13:10:51,420270968,-936539366,262710,4183504,75,129,98186,2239,68023,3,0
$$HAR,13:10:54,420270992,-936539357,263053,4183504,97,129,98186,2239,68080,3,0
$$HAR,13:10:57,420271000,-936539363,263358,4183504,86,129,98186,2239,68106,3,0
$$HAR,13:11:0,420270994,-936539370,263418,4183504,83,129,98186,2239,68160,3,0
$$HAR,13:11:3,420270984,-936539366,263435,4183504,68,130,98186,2240,68248,3,0
$$HAR,13:11:6,420270986,-936539359,263453,4183504,55,130,98188,2241,68337,3,0
$$HAR,13:11:9,420270995,-936539343,263593,4183504,11,130,98186,2241,68549,3,0
$$HAR,13:11:12,420271008,-936539322,263727,4183504,34,130,98186,2242,68672,3,0
$$HAR,13:11:15,420271035,-936539296,264215,4183504,22,140,98186,2243,68663,3,0
$$HAR,13:11:18,420271042,-936539262,264195,4183504,25,122,98186,2244,68560,3,0
$$HAR,13:11:21,420271044,-936539230,264129,4183504,107,122,98186,2245,68563,3,0
$$HAR,13:11:24,420271069,-936539194,264406,4183504,128,130,98186,2247,68632,3,0
$$HAR,13:11:27,420271125,-936539182,265054,4183504,229,125,98184,2248,68692,3,0
$$HAR,13:11:30,420271127,-936539150,264749,4183504,40,120,98186,2249,68980,3,0
$$HAR,13:11:33,420271123,-936539133,264386,4183504,42,122,98184,2249,69083,3,0
$$HAR,13:11:36,420271109,-936539128,264038,4183504,193,130,98184,2250,69052,3,0
$$HAR,13:11:39,420271092,-936539120,263660,4183504,141,128,98186,2250,68976,3,0
$$HAR,13:11:42,420271088,-936539122,263562,4183504,44,128,98186,2251,68902,3,0
$$HAR,13:11:45,420271093,-936539140,263635,4183504,25,128,98186,2251,68873,3,0
$$HAR,13:11:48,420271103,-936539153,263711,4183504,81,120,98184,2251,68943,3,0
$$HAR,13:11:51,420271124,-936539175,263867,4183504,33,130,98184,2251,68813,3,0
$$HAR,13:11:54,420271139,-936539192,263696,4183504,57,128,98184,2251,68703,3,0
$$HAR,13:11:57,420271141,-936539221,263690,4183504,78,128,98184,2251,68580,3,0
$$HAR,13:12:0,420271161,-936539253,263681,4183504,164,128,98186,2251,68674,3,0
$$HAR,13:12:3,420271175,-936539279,263687,4183504,33,128,98186,2250,68983,3,0
$$HAR,13:12:6,420271204,-936539274,263926,4183504,117,120,98186,2250,69198,3,0
$$HAR,13:12:9,420271217,-936539284,263891,4183504,40,152,98186,2250,69252,3,0
$$HAR,13:12:12,420271191,-936539279,263517,4183504,79,152,98184,2250,69218,3,0
$$HAR,13:12:15,420271190,-936539297,263389,4183504,35,152,98184,2250,69169,3,0
$$HAR,13:12:18,420271222,-936539306,263526,4183504,79,151,98184,2249,69143,3,0
$$HAR,13:12:21,420271221,-936539329,263348,4183504,33,135,98186,2249,69076,3,0
$$HAR,13:12:24,420271221,-936539340,263207,4183504,47,151,98186,2248,68761,3,0
$$HAR,13:12:27,420271200,-936539328,262714,4183504,90,120,98188,2247,68466,3,0
$$HAR,13:12:30,420271192,-936539317,262420,4183504,25,134,98186,2245,68255,3,0
$$HAR,13:12:33,420271197,-936539328,262452,4183504,145,122,98186,2244,68183,3,0
$$HAR,13:12:36,420271190,-936539333,262189,4183504,55,120,98188,2242,68145,3,0
$$HAR,13:12:39,420271182,-936539340,261877,4183504,49,130,98188,2241,68187,3,0
$$HAR,13:12:42,420271130,-936539341,260897,4183504,218,151,98188,2240,68268,3,0
$$HAR,13:12:45,420271085,-936539342,260036,4183504,50,151,98190,2239,68345,3,0
$$HAR,13:12:48,420271047,-936539351,259384,4183504,73,159,98190,2238,68435,3,0
$$HAR,13:12:51,420271029,-936539365,258876,4183504,43,159,98186,2237,68443,3,0
$$HAR,13:12:54,420271050,-936539374,259065,4183504,53,128,98184,2236,68416,3,0
$$HAR,13:12:57,420271034,-936539385,258910,4183504,58,159,98186,2235,68440,3,0
$$HAR,13:13:0,420271022,-936539410,258754,4183504,29,151,98188,2235,68487,3,0
$$HAR,13:13:3,420271015,-936539432,258722,4183504,22,151,98186,2234,68504,3,0
$$HAR,13:13:6,420271010,-936539449,258527,4183504,39,151,98188,2233,68601,3,0
$$HAR,13:13:9,420271013,-936539464,258458,4183504,65,151,98188,2233,68661,3,0
$$HAR,13:13:12,420271010,-936539475,258507,4183504,54,151,98190,2232,68704,3,0
$$HAR,13:13:15,420271004,-936539488,258492,4183504,25,151,98188,2232,68724,3,0
$$HAR,13:13:18,420270997,-936539492,258472,4183504,36,151,98188,2232,68807,3,0
$$HAR,13:13:21,420271001,-936539492,258755,4183504,83,151,98188,2232,68874,3,0
$$HAR,13:13:24,420271001,-936539496,258930,4183504,73,151,98188,2232,68950,3,0
$$HAR,13:13:27,420271003,-936539496,258977,4183504,46,151,98190,2232,68964,3,0
$$HAR,13:13:30,420271023,-936539501,259317,4183504,44,151,98188,2233,68977,3,0
$$HAR,13:13:33,420271025,-936539509,259291,4183504,47,151,98188,2234,69052,3,0
$$HAR,13:13:36,420271027,-936539517,259271,4183504,60,134,98188,2235,69042,3,1
$$HAR,13:13:39,420271041,-936539525,259432,4183504,16,134,98188,2236,69067,3,0
$$HAR,13:13:42,420271030,-936539532,259350,4183504,45,150,98188,2236,69097,3,0
$$HAR,13:13:45,420271008,-936539528,258971,4183504,123,150,98188,2237,68951,3,0
$$HAR,13:13:48,420271003,-936539529,258910,4183504,20,150,98192,2238,68833,3,0
$$HAR,13:13:51,420271004,-936539530,258847,4183504,93,150,98190,2240,68803,3,0
$$HAR,13:13:54,420271019,-936539543,258938,4183504,28,150,98190,2241,68789,3,0
$$HAR,13:13:57,420271024,-936539534,259008,4183504,38,150,98192,2242,68699,3,0
$$HAR,13:14:0,420271027,-936539550,259034,4183504,51,150,98190,2243,68601,3,0
$$HAR,13:14:3,420271038,-936539565,259329,4183504,99,150,98190,2244,68458,3,0
$$HAR,13:14:6,420271053,-936539588,259562,4183504,108,150,98190,2245,68420,3,0
$$HAR,13:14:9,420271056,-936539615,259760,4183504,59,159,98190,2247,68439,3,0
$$HAR,13:14:12,420271042,-936539615,259673,4183504,92,150,98190,2248,68549,3,0
$$HAR,13:14:15,420271072,-936539619,259925,4183504,134,128,98188,2249,68628,3,0
$$HAR,13:14:18,420271065,-936539623,259937,4183504,42,128,98188,2251,68660,3,0
$$HAR,13:14:21,420271066,-936539631,260137,4183504,99,128,98188,2252,68645,3,0
$$HAR,13:14:24,420271069,-936539648,260367,4183504,12,133,98188,2254,68602,3,0
$$HAR,13:14:27,420271062,-936539656,260281,4183504,19,133,98186,2256,68560,3,0
$$HAR,13:14:30,420271069,-936539668,260499,4183504,40,150,98188,2257,68453,3,0
$$HAR,13:14:33,420271061,-936539678,260392,4183504,23,150,98188,2259,68376,3,0
$$HAR,13:14:36,420271063,-936539693,260382,4183504,91,159,98188,2261,68375,3,0
$$HAR,13:14:39,420271055,-936539706,260378,4183504,46,159,98188,2263,68427,3,0
$$HAR,13:14:42,420271055,-936539699,260376,4183504,38,159,98188,2265,68451,3,0
$$HAR,13:14:45,420271046,-936539688,260149,4183504,54,159,98188,2267,68434,3,0
$$HAR,13:14:48,420271035,-936539681,260024,4183504,75,139,98188,2269,68393,3,0
$$HAR,13:14:51,420271057,-936539674,260348,4183504,60,159,98188,2271,68349,3,0
$$HAR,13:14:54,420271062,-936539670,260464,4183504,51,159,98190,2274,68244,3,0
$$HAR,13:14:57,420271057,-936539638,260480,4183504,43,139,98190,2275,68092,3,0
$$HAR,13:15:0,420271044,-936539609,260247,4183504,26,159,98190,2277,68014,3,0
$$HAR,13:15:3,420271045,-936539593,260328,4183504,27,163,98190,2279,67983,3,0
$$HAR,13:15:6,420271018,-936539575,259921,4183504,15,159,98190,2281,68078,3,0
$$HAR,13:15:9,420271007,-936539564,259780,4183504,51,159,98190,2282,68131,3,0
$$HAR,13:15:12,420270998,-936539537,259600,4183504,15,163,98192,2284,68110,3,0
$$HAR,13:15:15,420270998,-936539524,259624,4183504,14,163,98188,2285,68161,3,0
$$HAR,13:15:18,420270999,-936539523,259435,4183504,53,129,98190,2287,68137,3,0
$$HAR,13:15:21,420271003,-936539464,259305,4183504,120,130,98188,2288,68144,3,0
$$HAR,13:15:24,420271001,-936539423,259151,4183504,38,119,98192,2289,68109,3,0
$$HAR,13:15:27,420271039,-936539369,260349,4183504,122,119,98192,2289,67814,3,0
$$HAR,13:15:30,420271059,-936539344,260806,4183504,50,128,98192,2289,67534,3,0
$$HAR,13:15:33,420271031,-936539336,260508,4183504,157,149,98194,2290,67500,3,0
$$HAR,13:15:36,420271003,-936539324,260194,4183504,62,154,98194,2290,67547,3,0
$$HAR,13:15:39,420270983,-936539311,260138,4183504,34,149,98192,2290,67718,3,0
$$HAR,13:15:42,420270989,-936539297,260217,4183504,103,149,98192,2291,67841,3,0
$$HAR,13:15:45,420270993,-936539274,260383,4183504,112,154,98194,2292,67865,3,0
$$HAR,13:15:48,420270989,-936539260,260443,4183504,84,137,98192,2292,67816,3,0
$$HAR,13:15:51,420271020,-936539270,261059,4183504,87,119,98190,2293,67674,3,0
$$HAR,13:15:54,420271036,-936539273,261221,4183504,50,138,98192,2295,67563,3,0
$$HAR,13:15:57,420271057,-936539269,261496,4183504,41,133,98192,2296,67520,3,0
$$HAR,13:16:0,420271077,-936539255,261660,4183504,80,121,98190,2297,67500,3,0
$$HAR,13:16:3,420271080,-936539256,261552,4183504,35,119,98190,2299,67442,3,0
$$HAR,13:16:6,420271075,-936539252,261394,4183504,95,128,98192,2300,67362,3,0
$$HAR,13:16:9,420271063,-936539237,260980,4183504,54,119,98190,2301,67157,3,0
$$HAR,13:16:12,420271074,-936539229,260864,4183504,103,119,98192,2302,66873,3,0
$$HAR,13:16:15,420271083,-936539215,260840,4183504,49,121,98192,2302,66646,3,0
$$HAR,13:16:18,420271067,-936539206,260398,4183504,45,121,98190,2302,66531,3,0
$$HAR,13:16:21,420271048,-936539196,259839,4183504,97,121,98190,2303,66488,3,0
$$HAR,13:16:24,420271027,-936539179,259391,4183504,93,119,98190,2303,66494,3,0
$$HAR,13:16:27,420271002,-936539190,258922,4183504,74,123,98190,2303,66550,3,0
$$HAR,13:16:30,420271003,-936539209,258763,4183504,30,119,98194,2304,66665,3,0
$$HAR,13:16:33,420271016,-936539220,258685,4183504,46,119,98194,2304,66829,3,0
$$HAR,13:16:36,420271021,-936539217,258585,4183504,50,119,98194,2305,66778,3,0
$$HAR,13:16:39,420271034,-936539232,258757,4183504,28,119,98194,2306,66765,3,0
$$HAR,13:16:42,420271069,-936539258,259158,4183504,77,121,98192,2306,66798,3,0
$$HAR,13:16:45,420271073,-936539262,259107,4183504,28,134,98194,2307,66870,3,0
$$HAR,13:16:48,420271079,-936539276,259090,4183504,59,140,98192,2308,66857,3,0
$$HAR,13:16:51,420271073,-936539294,258996,4183504,52,138,98190,2309,66971,3,0
$$HAR,13:16:54,420271063,-936539283,258868,4183504,48,140,98192,2310,67238,3,0
$$HAR,13:16:57,420271102,-936539285,259562,4183504,14,158,98190,2311,67360,3,0
$$HAR,13:17:0,420271128,-936539284,260116,4183504,98,130,98192,2311,67218,3,0
$$HAR,13:17:3,420271156,-936539288,260713,4183504,54,130,98190,2312,67141,3,0
$$HAR,13:17:6,420271190,-936539297,261262,4183504,37,139,98190,2312,67125,3,0
$$HAR,13:17:9,420271220,-936539305,261776,4183504,50,136,98188,2313,67105,3,0
$$HAR,13:17:12,420271253,-936539298,262311,4183504,154,130,98190,2314,66958,3,0
$$HAR,13:17:15,420271249,-936539297,262488,4183504,112,130,98188,2315,66796,3,0
$$HAR,13:17:18,420271273,-936539301,263166,4183504,177,130,98190,2316,66717,3,0
$$HAR,13:17:21,420271288,-936539313,263612,4183504,172,158,98188,2317,66650,3,0
$$HAR,13:17:24,420271274,-936539339,263384,4183504,35,158,98190,2318,66640,3,0
$$HAR,13:17:27,420271240,-936539352,262848,4183504,86,158,98194,2319,66600,3,0
$$HAR,13:17:30,420271229,-936539376,262688,4183504,8,158,98192,2320,66283,3,0
$$HAR,13:17:33,420271225,-936539389,262475,4183504,32,137,98190,2321,65903,3,0
$$HAR,13:17:36,420271191,-936539398,261938,4183504,86,158,98192,2321,65801,3,0
$$HAR,13:17:39,420271189,-936539413,261801,4183504,45,158,98192,2322,65775,3,0
$$HAR,13:17:42,420271188,-936539421,261820,4183504,57,163,98190,2323,65760,3,0
$$HAR,13:17:45,420271193,-936539428,261890,4183504,44,158,98192,2323,65760,3,0
$$HAR,13:17:48,420271188,-936539432,261937,4183504,57,163,98192,2324,65780,3,0
$$HAR,13:17:51,420271206,-936539435,262200,4183504,40,224,98192,2325,65838,3,0
$$HAR,13:17:54,420271200,-936539440,262080,4183504,59,205,98190,2327,65882,3,0
$$HAR,13:17:57,420271204,-936539431,261940,4183504,41,158,98190,2328,65937,3,0
$$HAR,13:18:0,420271210,-936539430,261679,4183504,43,175,98192,2329,66077,3,0
$$HAR,13:18:3,420271197,-936539428,261353,4183504,39,158,98190,2331,66186,3,0
$$HAR,13:18:6,420271205,-936539420,261450,4183504,47,167,98192,2332,66244,3,0
$$HAR,13:18:9,420271221,-936539419,261522,4183504,78,142,98192,2333,66339,3,0
$$HAR,13:18:12,420271228,-936539428,261455,4183504,44,142,98190,2335,66511,3,0
$$HAR,13:18:15,420271226,-936539427,261236,4183504,98,175,98190,2336,66612,3,0
$$HAR,13:18:18,420271193,-936539412,260543,4183504,82,141,98194,2338,66516,3,0
$$HAR,13:18:21,420271254,-936539406,261544,4183504,95,124,98194,2339,66325,3,0
$$HAR,13:18:24,420271322,-936539392,262918,4183504,103,121,98192,2340,66179,3,0
$$HAR,13:18:27,420271325,-936539397,263487,1389475,213,137,98194,2342,66064,3,0
$$HAR,13:18:30,420271323,-936539400,264071,1389475,110,157,98194,2343,66054,3,0
$$HAR,13:18:33,420271358,-936539434,264732,1389475,77,157,98192,2344,66020,3,0
$$HAR,13:18:36,420271428,-936539440,266089,1389475,32,131,98194,2346,65849,3,0
$$HAR,13:18:39,420271440,-936539431,266489,1389475,236,138,98194,2347,65812,3,0
$$HAR,13:18:42,420271444,-936539403,266744,1389475,41,138,98196,2347,65845,3,0
$$HAR,13:18:45,420271432,-936539410,266564,1389475,44,157,98194,2348,65926,3,1
$$HAR,13:18:48,420271416,-936539418,266245,1389475,62,175,98194,2348,66014,3,0
$$HAR,13:18:51,420271380,-936539400,265382,1389475,58,175,98192,2349,66185,3,0
$$HAR,13:18:54,420271346,-936539393,264737,1389475,59,146,98194,2349,66204,3,0
$$HAR,13:18:57,420271323,-936539390,264243,1389475,22,146,98192,2349,66021,3,0
$$HAR,13:19:0,420271328,-936539401,264289,1389475,111,146,98192,2348,65242,3,0
$$HAR,13:19:3,420271339,-936539412,264485,1389475,31,141,98192,2347,64353,3,0
$$HAR,13:19:6,420271337,-936539424,264370,1389475,93,128,98194,2345,63964,3,0
$$HAR,13:19:9,420271303,-936539431,263551,1389475,32,126,98192,2344,63799,3,0
$$HAR,13:19:12,420271245,-936539452,262094,1389475,108,141,98194,2343,63773,3,0
$$HAR,13:19:15,420271207,-936539470,261317,1389475,94,118,98192,2343,63773,3,0
$$HAR,13:19:18,420271234,-936539467,261690,1389475,140,118,98194,2341,63836,3,0
$$HAR,13:19:21,420271244,-936539463,261694,1389475,32,130,98194,2340,63901,3,0
$$HAR,13:19:24,420271178,-936539472,260490,1389475,23,141,98194,2339,63939,3,0
$$HAR,13:19:27,420271127,-936539474,259637,1389475,102,130,98194,2338,63955,3,0
$$HAR,13:19:30,420271090,-936539499,259008,1389475,94,141,98194,2338,63933,3,0
$$HAR,13:19:33,420271071,-936539514,258741,1389475,101,141,98190,2337,63937,3,0
$$HAR,13:19:36,420271054,-936539522,258553,1389475,58,161,98190,2337,63930,3,0
$$HAR,13:19:39,420271058,-936539543,258761,1389475,73,161,98190,2337,64359,3,0
$$HAR,13:19:42,420271192,-936539524,260845,1389475,128,118,98190,2336,63955,3,0
$$HAR,13:19:45,420271281,-936539547,261743,1389475,54,123,98190,2336,63988,3,1
$$HAR,13:19:48,420271283,-936539573,261571,1389475,52,118,98190,2336,64088,3,0
$$HAR,13:19:51,420271294,-936539586,261724,1389475,19,118,98190,2336,64264,3,0
$$HAR,13:19:54,420271321,-936539580,261974,1389475,29,118,98190,2336,64534,3,0
$$HAR,13:19:57,420271339,-936539581,262199,1389475,15,118,98190,2337,64831,3,0
$$HAR,13:20:0,420271362,-936539570,262851,1389475,68,118,98194,2338,65059,3,0
$$HAR,13:20:3,420271396,-936539567,263684,1389475,116,118,98194,2338,65228,3,0
$$HAR,13:20:6,420271426,-936539550,264658,1389475,85,118,98194,2339,65395,3,0
$$HAR,13:20:9,420271439,-936539529,265060,1389475,22,118,98194,2340,65554,3,0
$$HAR,13:20:12,420271398,-936539510,264541,1389475,96,124,98194,2341,65615,3,0
$$HAR,13:20:15,420271345,-936539497,264083,1389475,49,124,98192,2343,65788,3,0
$$HAR,13:20:18,420271271,-936539493,263347,1389475,125,133,98194,2344,66020,3,0
$$HAR,13:20:21,420271239,-936539491,262936,1389475,48,133,98194,2346,66026,3,0
$$HAR,13:20:24,420271208,-936539485,262420,1389475,64,133,98192,2347,65989,3,0
$$HAR,13:20:27,420271202,-936539481,262208,1389475,63,123,98192,2348,65946,3,0
$$HAR,13:20:30,420271187,-936539479,261773,1389475,92,133,98194,2350,65851,3,0
$$HAR,13:20:33,420271195,-936539480,261460,1389475,35,123,98194,2351,65696,3,0
$$HAR,13:20:36,420271232,-936539486,261674,1389475,15,133,98192,2352,65712,3,0
$$HAR,13:20:39,420271371,-936539497,263490,1389475,94,116,98192,2353,65686,3,0
$$HAR,13:20:42,420271506,-936539515,265312,1389475,52,116,98196,2354,65551,3,0
$$HAR,13:20:45,420271602,-936539520,266730,1389475,62,115,98194,2354,65149,3,0
$$HAR,13:20:48,420271671,-936539523,267617,1389475,80,116,98194,2354,64764,3,0
$$HAR,13:20:51,420271660,-936539510,267263,1389475,33,124,98194,2355,64636,3,0
$$HAR,13:20:54,420271620,-936539512,266582,1389475,43,122,98194,2355,64717,3,0
$$HAR,13:20:57,420271554,-936539514,265789,1389475,18,132,98196,2355,64730,3,0
$$HAR,13:21:0,420271526,-936539516,265468,1389475,26,132,98196,2355,64825,3,0
$$HAR,13:21:3,420271471,-936539488,264830,1389475,80,130,98196,2355,64884,3,0
$$HAR,13:21:6,420271394,-936539475,263730,1389475,59,133,98196,2356,64916,3,0
$$HAR,13:21:9,420271410,-936539457,264299,1389475,72,116,98194,2357,64896,3,0
$$HAR,13:21:12,420271422,-936539428,264477,1389475,31,116,98194,2357,64843,3,0
$$HAR,13:21:15,420271471,-936539393,265230,1389475,50,116,98194,2358,64793,3,0
$$HAR,13:21:18,420271555,-936539357,266417,1389475,35,116,98194,2358,64787,3,0
$$HAR,13:21:21,420271591,-936539329,267324,1389475,26,116,98196,2359,64826,3,0
$$HAR,13:21:24,420271620,-936539326,268184,1389475,43,119,98194,2360,64945,3,0
$$HAR,13:21:27,420271630,-936539289,268704,1389475,51,124,98194,2361,65017,3,0
$$HAR,13:21:30,420271644,-936539244,268857,1389475,40,131,98194,2362,64977,3,0
$$HAR,13:21:33,420271649,-936539241,268644,1389475,117,114,98194,2363,64941,3,0
$$HAR,13:21:36,420271656,-936539252,268444,1389475,48,114,98194,2364,64853,3,0
$$HAR,13:21:39,420271697,-936539262,268896,1389475,23,114,98192,2364,64745,3,0
$$HAR,13:21:42,420271712,-936539271,269043,1389475,58,117,98194,2365,64541,3,0
$$HAR,13:21:45,420271733,-936539276,269525,1389475,30,127,98194,2366,64415,3,0
$$HAR,13:21:48,420271748,-936539290,269966,1389475,31,121,98194,2366,64386,3,0
$$HAR,13:21:51,420271799,-936539288,270880,1389475,45,121,98194,2367,64411,3,0
$$HAR,13:21:54,420271818,-936539282,271376,1389475,79,125,98194,2367,64547,3,0
$$HAR,13:21:57,420271823,-936539282,271669,1389475,32,125,98192,2368,64726,3,0
$$HAR,13:22:0,420271732,-936539284,270619,1389475,85,139,98196,2369,64773,3,0
$$HAR,13:22:3,420271667,-936539308,269623,1389475,83,139,98196,2370,64773,3,0
$$HAR,13:22:6,420271588,-936539308,268388,1389475,43,139,98194,2371,64921,3,0
$$HAR,13:22:9,420271542,-936539317,267696,1389475,137,139,98196,2372,64965,3,0
$$HAR,13:22:12,420271530,-936539325,267578,1389475,84,139,98194,2373,64906,3,0
$$HAR,13:22:15,420271513,-936539322,267450,1389475,54,139,98196,2374,64971,3,0
$$HAR,13:22:18,420271516,-936539316,267464,1389475,112,139,98196,2375,64996,3,0
$$HAR,13:22:21,420271504,-936539310,267555,1389475,22,139,98194,2376,64933,3,0
$$HAR,13:22:24,420271529,-936539305,268199,1389475,54,125,98194,2378,64922,3,0
$$HAR,13:22:27,420271571,-936539310,269097,1389475,126,125,98196,2379,65072,3,0
$$HAR,13:22:30,420271583,-936539317,269302,1389475,164,139,98194,2381,65203,3,0
$$HAR,13:22:33,420271590,-936539323,269227,1389475,38,125,98194,2382,65155,3,0
$$HAR,13:22:36,420271597,-936539332,269146,1389475,48,125,98196,2383,65066,3,0
$$HAR,13:22:39,420271601,-936539334,268995,1389475,57,125,98194,2385,64997,3,0
$$HAR,13:22:42,420271596,-936539345,268914,1389475,50,121,98198,2386,64990,3,1
$$HAR,13:22:45,420271578,-936539339,268647,1389475,89,131,98196,2387,64894,3,0
$$HAR,13:22:48,420271588,-936539338,268745,1389475,45,122,98196,2388,64699,3,0
$$HAR,13:22:51,420271580,-936539333,268558,1389475,97,131,98196,2389,64525,3,0
$$HAR,13:22:54,420271606,-936539345,268889,1389475,84,136,98196,2390,64410,3,0
$$HAR,13:22:57,420271605,-936539348,268764,1389475,45,160,98198,2391,64323,3,0
$$HAR,13:23:0,420271594,-936539335,268535,1389475,22,138,98196,2392,64328,3,0
$$HAR,13:23:3,420271577,-936539327,268333,1389475,21,128,98196,2394,64405,3,0
$$HAR,13:23:6,420271596,-936539315,268807,1389475,42,117,98196,2395,64573,3,0
$$HAR,13:23:9,420271663,-936539282,269945,1389475,84,122,98198,2397,64853,3,0
$$HAR,13:23:12,420271628,-936539272,269497,1389475,86,138,98196,2398,65175,3,0
$$HAR,13:23:15,420271565,-936539269,268672,1389475,176,128,98198,2400,65137,3,0
$$HAR,0:0:0,0,0,0,0,0,0,73878,3499,100000,0,0
$$HAR,13:23:26,420269641,-936535767,195516,0,644,725,98200,2401,65261,3,0
$$HAR,13:23:29,420270745,-936539459,255000,0,117,144,98200,2402,65261,3,0
$$HAR,13:23:32,420271022,-936539391,260860,0,54,155,98200,2403,65211,3,0
$$HAR,13:23:35,420271102,-936539363,262033,0,60,155,98198,2404,65103,3,0
$$HAR,13:23:38,420271111,-936539371,262425,0,64,164,98198,2406,64891,3,0
$$HAR,13:23:41,420271143,-936539391,262743,0,100,164,98198,2407,64661,3,0
$$HAR,13:23:44,420271191,-936539416,263146,0,110,164,98196,2408,64404,3,0
$$HAR,13:23:47,420271221,-936539433,263261,0,31,142,98198,2409,64385,3,0
$$HAR,13:23:50,420271283,-936539434,264342,0,26,142,98198,2410,64418,3,0
$$HAR,13:23:53,420271362,-936539420,265554,0,200,139,98198,2411,64432,3,0
$$HAR,13:23:56,420271395,-936539410,266314,0,16,134,98198,2411,64373,3,0
$$HAR,13:23:59,420271430,-936539414,266863,0,68,134,98198,2412,63852,3,0
$$HAR,13:24:2,420271454,-936539406,267495,0,87,136,98198,2412,63764,3,0
$$HAR,13:24:5,420271448,-936539410,267514,0,90,136,98198,2412,63718,3,0
$$HAR,13:24:8,420271465,-936539409,268000,0,70,140,98198,2412,63651,3,0
$$HAR,13:24:11,420271482,-936539400,268273,0,91,140,98200,2411,63497,3,0
$$HAR,13:24:14,420271467,-936539386,267848,0,100,159,98198,2408,63101,3,0
$$HAR,13:24:17,420271496,-936539359,268394,0,76,125,98200,2405,62895,3,0
$$HAR,13:24:20,420271527,-936539345,268951,0,48,123,98198,2402,62859,3,0
$$HAR,13:24:23,420271528,-936539322,269194,0,16,131,98196,2400,62918,3,0
$$HAR,13:24:26,420271492,-936539324,268666,0,85,153,98198,2397,62944,3,0
$$HAR,13:24:29,420271451,-936539325,267977,0,42,154,98196,2394,62995,3,0
$$HAR,13:24:32,420271470,-936539344,268049,0,95,132,98198,2391,63033,3,0
$$HAR,13:24:35,420271519,-936539302,268818,0,12,132,98196,2389,63162,3,0
$$HAR,13:24:38,420271515,-936539280,268930,0,201,132,98196,2386,63236,3,0
$$HAR,13:24:41,420271484,-936539271,268399,0,181,132,98194,2384,63295,3,0
$$HAR,13:24:44,420271467,-936539261,268122,0,86,159,98194,2382,63499,3,0
$$HAR,13:24:47,420271453,-936539239,268480,0,60,159,98194,2381,63827,3,0
$$HAR,13:24:50,420271428,-936539236,268563,0,47,148,98196,2379,64047,3,0
$$HAR,13:24:53,420271441,-936539243,268776,0,111,153,98194,2378,64189,3,0
$$HAR,13:24:56,420271403,-936539239,268251,0,139,153,98196,2378,64189,3,0
$$HAR,13:24:59,420271381,-936539237,267502,0,156,153,98196,2377,64204,3,0
$$HAR,13:25:2,420271373,-936539257,267235,0,58,149,98196,2378,64215,3,0
$$HAR,13:25:5,420271383,-936539260,267202,0,130,149,98196,2378,64202,3,0
$$HAR,13:25:8,420271349,-936539285,266215,0,80,142,98194,2379,64222,3,0
$$HAR,13:25:11,420271295,-936539305,265112,0,120,142,98196,2380,64252,3,0
$$HAR,13:25:14,420271405,-936539269,267191,0,38,131,98196,2381,64346,3,0
$$HAR,13:25:17,420271616,-936539234,270743,0,152,131,98196,2383,64472,3,1
$$HAR,13:25:20,420271781,-936539212,273676,0,128,120,98198,2385,64498,3,0
$$HAR,13:25:23,420271868,-936539184,275651,0,64,132,98196,2387,64488,3,0
$$HAR,13:25:26,420271892,-936539162,276588,0,186,120,98196,2389,64457,3,0
$$HAR,13:25:29,420271823,-936539218,275104,0,34,122,98196,2390,64397,3,0
$$HAR,13:25:32,420271772,-936539265,273809,0,7,129,98198,2391,64343,3,0
$$HAR,13:25:35,420271722,-936539295,272806,0,82,143,98196,2392,64286,3,0
$$HAR,13:25:38,420271677,-936539314,272121,0,65,143,98196,2393,64321,3,0
$$HAR,13:25:41,420271632,-936539345,271093,0,34,143,98196,2394,64340,3,0
$$HAR,13:25:44,420271573,-936539371,269982,0,70,143,98196,2394,64346,3,0
$$HAR,13:25:47,420271549,-936539389,269461,0,53,130,98196,2394,64399,3,1
$$HAR,13:25:50,420271445,-936539389,267977,0,215,132,98196,2394,64487,3,0
$$HAR,13:25:53,420271369,-936539389,266727,0,40,130,98196,2394,64513,3,0
$$HAR,13:25:56,420271322,-936539389,265810,0,37,130,98198,2395,64525,3,0
$$HAR,13:25:59,420271292,-936539380,265510,0,67,148,98198,2395,64538,3,0
$$HAR,13:26:2,420271297,-936539363,265437,0,128,130,98196,2396,64530,3,0
$$HAR,13:26:5,420271287,-936539352,265295,0,48,125,98198,2397,64523,3,0
$$HAR,13:26:8,420271283,-936539349,265241,0,46,136,98196,2398,64555,3,0
$$HAR,13:26:11,420271285,-936539344,265239,0,66,125,98198,2399,64555,3,0
$$HAR,13:26:14,420271313,-936539333,265559,0,80,130,98196,2400,64530,3,0
$$HAR,13:26:17,420271319,-936539340,265706,0,51,132,98200,2401,64472,3,0
$$HAR,13:26:20,420271297,-936539371,265568,0,82,125,98200,2402,64437,3,0
$$HAR,13:26:23,420271280,-936539383,265221,0,15,127,98200,2403,64409,3,0
$$HAR,13:26:26,420271239,-936539394,264624,0,190,139,98202,2405,64399,3,0
$$HAR,13:26:29,420271255,-936539390,264780,0,43,130,98198,2406,64379,3,0
$$HAR,13:26:32,420271208,-936539384,264033,0,2,130,98200,2408,64180,3,0
$$HAR,13:26:35,420271191,-936539374,263578,0,17,127,98200,2409,63934,3,0
$$HAR,13:26:38,420271154,-936539331,262753,0,29,151,98200,2411,63746,3,0
$$HAR,13:26:41,420271158,-936539309,262590,0,38,125,98200,2413,63758,3,0
$$HAR,13:26:44,420271141,-936539305,262394,0,35,127,98202,2415,63794,3,0
$$HAR,13:26:47,420271118,-936539298,262157,0,75,127,98200,2416,63651,3,0
$$HAR,13:26:50,420271089,-936539301,261889,0,213,119,98200,2417,63351,3,0
$$HAR,13:26:53,420271037,-936539312,261294,0,186,126,98202,2419,63072,3,0
$$HAR,13:26:56,420271014,-936539323,261327,0,53,126,98202,2421,62941,3,0
$$HAR,13:26:59,420270966,-936539324,260860,0,119,124,98202,2422,62908,3,0
$$HAR,13:27:2,420270942,-936539335,260684,0,92,120,98200,2424,62900,3,0
$$HAR,13:27:5,420270948,-936539360,260902,0,100,131,98200,2426,62896,3,0
$$HAR,13:27:8,420271007,-936539361,261553,0,77,131,98200,2428,62921,3,0
$$HAR,13:27:11,420271032,-936539364,261698,0,56,120,98200,2430,62970,3,0
$$HAR,13:27:14,420271054,-936539350,261872,0,113,120,98200,2432,62927,3,0
$$HAR,13:27:17,420271108,-936539343,262792,0,88,120,98198,2433,62764,3,0
$$HAR,13:27:20,420271189,-936539353,264056,0,144,124,98202,2435,62678,3,0
$$HAR,13:27:23,420271209,-936539359,264289,0,3,124,98202,2437,62574,3,0
$$HAR,13:27:26,420271235,-936539349,264502,0,148,134,98202,2439,62518,3,0
$$HAR,13:27:29,420271302,-936539335,265151,0,164,120,98202,2441,62448,3,0
$$HAR,13:27:32,420271252,-936539272,263997,0,114,130,98202,2442,62374,3,0
$$HAR,13:27:35,420271211,-936539277,263417,0,74,122,98200,2444,62434,3,0
$$HAR,13:27:38,420271209,-936539302,263629,0,31,122,98202,2446,62565,3,0
$$HAR,13:27:41,420271207,-936539300,263721,0,80,134,98202,2448,62720,3,0
$$HAR,13:27:44,420271132,-936539300,262780,0,227,153,98204,2450,63034,3,0
$$HAR,13:27:47,420271084,-936539308,262291,0,239,167,98204,2453,63198,3,0
$$HAR,13:27:50,420271075,-936539306,262113,0,14,162,98204,2455,63215,3,0
$$HAR,13:27:53,420271077,-936539340,262109,0,107,153,98202,2457,63139,3,0
$$HAR,13:27:56,420271066,-936539368,262017,0,12,162,98204,2459,62968,3,0
$$HAR,13:27:59,420271052,-936539402,261951,0,52,148,98204,2461,62684,3,0
$$HAR,13:28:2,420271057,-936539426,262203,0,73,148,98204,2463,62574,3,0
$$HAR,13:28:5,420271045,-936539436,262119,0,145,153,98204,2465,62526,3,0
$$HAR,13:28:8,420271053,-936539452,262340,0,189,139,98206,2467,62556,3,0
$$HAR,13:28:11,420271101,-936539457,262937,0,74,183,98206,2469,62600,3,0
$$HAR,13:28:14,420271114,-936539461,263178,0,79,140,98206,2471,62513,3,0
$$HAR,13:28:17,420271148,-936539465,263758,0,120,153,98206,2473,62383,3,0
$$HAR,13:28:20,420271167,-936539448,263960,0,23,142,98206,2475,62274,3,0
$$HAR,13:28:23,420271160,-936539435,263847,0,48,163,98206,2476,62209,3,0
$$HAR,13:28:26,420271160,-936539432,263675,0,74,142,98204,2478,62208,3,0
$$HAR,13:28:29,420271167,-936539432,263242,0,85,137,98204,2479,62275,3,0
$$HAR,13:28:32,420271171,-936539421,262822,0,23,163,98204,2481,62227,3,0
$$HAR,13:28:35,420271156,-936539406,262469,0,198,139,98208,2482,62192,3,0
$$HAR,13:28:38,420271102,-936539380,261559,0,95,127,98206,2483,62164,3,0
$$HAR,13:28:41,420271092,-936539384,261027,0,55,123,98206,2484,61984,3,0
$$HAR,13:28:44,420271026,-936539368,259688,0,78,119,98204,2485,61708,3,0
$$HAR,13:28:47,420271012,-936539370,259062,0,195,146,98204,2485,61441,3,0
$$HAR,13:28:50,420271021,-936539330,259573,0,78,129,98204,2485,61176,3,0
$$HAR,13:28:53,420271123,-936539312,261657,0,132,117,98204,2485,61230,3,0
$$HAR,13:28:56,420271192,-936539295,263398,0,119,112,98204,2485,61217,3,0
$$HAR,13:28:59,420271248,-936539279,264659,0,142,117,98206,2485,61454,3,0
$$HAR,13:29:2,420271253,-936539254,264902,0,57,117,98204,2484,61583,3,0
$$HAR,13:29:5,420271292,-936539190,265667,0,16,117,98204,2484,61804,3,0
$$HAR,13:29:8,420271256,-936539170,265359,0,67,124,98206,2483,62203,3,0
$$HAR,13:29:11,420271260,-936539173,265327,0,75,123,98206,2483,62496,3,0
$$HAR,13:29:14,420271285,-936539150,265644,0,193,123,98206,2482,62700,3,0
$$HAR,13:29:17,420271263,-936539128,265259,0,48,140,98202,2482,63471,3,0
$$HAR,13:29:20,420271270,-936539132,265214,0,57,132,98202,2481,63423,3,0
$$HAR,13:29:23,420271319,-936539121,265830,0,87,128,98204,2480,62973,3,0
$$HAR,13:29:26,420271297,-936539149,265626,0,64,132,98202,2479,62601,3,0
$$HAR,13:29:29,420271273,-936539164,265539,0,245,140,98202,2478,62336,3,0
$$HAR,13:29:32,420271276,-936539187,265726,0,79,140,98204,2476,62110,3,0
$$HAR,13:29:35,420271278,-936539219,266014,0,45,140,98202,2474,61861,3,0
$$HAR,13:29:38,420271256,-936539233,265728,0,69,142,98204,2471,62127,3,0
$$HAR,13:29:41,420271278,-936539238,266265,0,30,139,98202,2468,62375,3,0
$$HAR,13:29:44,420271366,-936539253,267790,0,296,139,98202,2465,63249,3,0
$$HAR,13:29:47,420271373,-936539268,267899,0,192,148,98200,2462,63139,3,0
$$HAR,13:29:50,420271322,-936539307,267362,0,164,135,98202,2459,62983,3,0
$$HAR,13:29:53,420271251,-936539307,266036,0,77,132,98202,2457,62678,3,0
$$HAR,13:29:56,420271218,-936539311,265283,0,109,134,98202,2455,62625,3,0
$$HAR,13:29:59,420271196,-936539304,264928,0,118,139,98204,2454,62435,3,0
$$HAR,13:30:2,420271194,-936539322,264287,0,124,137,98202,2453,62256,3,0
$$HAR,13:30:5,420271181,-936539349,263410,0,81,144,98204,2453,62176,3,0
$$HAR,13:30:8,420271174,-936539315,263258,0,115,167,98202,2452,62304,3,0
$$HAR,13:30:11,420271164,-936539300,263009,0,104,131,98202,2452,62710,3,0
$$HAR,13:30:14,420271204,-936539292,263567,0,74,137,98202,2452,63024,3,0
$$HAR,13:30:17,420271137,-936539260,262850,0,294,139,98202,2452,63192,3,0
$$HAR,13:30:20,420271167,-936539247,263589,0,113,133,98204,2452,63340,3,0
$$HAR,13:30:23,420271139,-936539209,263677,0,161,133,98204,2452,63233,3,0
$$HAR,13:30:26,420271115,-936539190,263501,0,51,130,98204,2453,62991,3,0
$$HAR,13:30:29,420271159,-936539206,264126,0,479,123,98202,2454,62868,3,0
$$HAR,13:30:32,420271181,-936539193,265008,0,40,130,98202,2455,62773,3,0
$$HAR,13:30:35,420271178,-936539196,265031,0,52,124,98204,2456,62750,3,0
$$HAR,13:30:38,420271152,-936539182,264724,0,179,125,98202,2458,62822,3,0
$$HAR,13:30:41,420271135,-936539168,264642,0,73,131,98202,2459,62829,3,0
$$HAR,13:30:44,420271136,-936539196,264501,0,76,140,98202,2461,62784,3,0
$$HAR,13:30:47,420271278,-936539178,266791,0,150,123,98202,2463,62606,3,0
$$HAR,13:30:50,420271398,-936539177,268535,0,29,125,98202,2465,62361,3,0
$$HAR,13:30:53,420271484,-936539194,270023,0,98,122,98206,2466,62274,3,0
$$HAR,13:30:56,420271471,-936539252,269656,0,89,124,98204,2468,62109,3,0
$$HAR,13:30:59,420271388,-936539281,268302,0,67,214,98204,2470,61966,3,0
$$HAR,13:31:2,420271338,-936539303,267665,0,13,173,98206,2472,61910,3,0
$$HAR,13:31:5,420271321,-936539322,267445,0,32,173,98204,2475,61892,3,0
$$HAR,13:31:8,420271320,-936539344,267265,0,110,146,98204,2477,61871,3,0
$$HAR,13:31:11,420271291,-936539361,266941,0,204,136,98204,2479,61688,3,0
$$HAR,13:31:14,420271298,-936539335,267818,0,84,127,98204,2481,61447,3,0
$$HAR,13:31:17,420271268,-936539330,267966,0,73,127,98202,2482,61321,3,0
$$HAR,13:31:20,420271281,-936539316,268555,0,21,125,98206,2483,60953,3,0
$$HAR,13:31:23,420271296,-936539320,268660,0,9,125,98204,2484,60602,3,0
$$HAR,13:31:26,420271281,-936539290,268425,0,18,141,98204,2484,60378,3,0
$$HAR,13:31:29,420271302,-936539291,268850,0,163,125,98206,2485,60256,3,0
$$HAR,13:31:32,420271339,-936539290,269171,0,63,129,98206,2484,60356,3,0
$$HAR,13:31:35,420271385,-936539316,269632,0,77,155,98206,2485,60619,3,0
$$HAR,13:31:38,420271416,-936539329,269830,0,1,144,98204,2485,60878,3,0
$$HAR,13:31:41,420271431,-936539359,269663,0,63,124,98204,2485,61083,3,0
$$HAR,13:31:44,420271440,-936539383,269466,0,37,124,98204,2485,61163,3,0
$$HAR,13:31:47,420271444,-936539406,269358,0,37,124,98204,2485,61342,3,0
$$HAR,13:31:50,420271451,-936539428,268885,0,54,143,98204,2485,61643,3,0
$$HAR,13:31:53,420271444,-936539446,268379,0,8,143,98206,2484,61731,3,0
$$HAR,13:31:56,420271414,-936539459,267698,0,57,131,98206,2484,61737,3,0
$$HAR,13:31:59,420271374,-936539448,267143,0,64,141,98204,2484,61776,3,0
$$HAR,13:32:2,420271359,-936539436,266837,0,21,151,98204,2483,61837,3,0
$$HAR,13:32:5,420271369,-936539430,266877,0,80,141,98204,2483,61878,3,0
$$HAR,13:32:8,420271375,-936539433,266640,0,72,151,98206,2484,61824,3,0
$$HAR,13:32:11,420271375,-936539436,266515,0,124,151,98206,2484,61657,3,0
$$HAR,13:32:14,420271399,-936539436,266678,0,156,156,98206,2483,61423,3,0
$$HAR,13:32:17,420271388,-936539428,266617,0,91,148,98206,2483,61192,3,0
$$HAR,13:32:20,420271391,-936539449,265766,0,91,144,98206,2483,60959,3,0
$$HAR,13:32:23,420271397,-936539437,265637,0,8,155,98206,2483,60821,3,0
$$HAR,13:32:26,420271413,-936539408,266058,0,52,151,98206,2483,60761,3,0
$$HAR,13:32:29,420271414,-936539407,266165,0,92,146,98206,2484,60668,3,0
$$HAR,13:32:32,420271410,-936539411,266261,0,62,144,98206,2484,60614,3,0
$$HAR,13:32:35,420271423,-936539400,266505,0,114,155,98208,2484,60595,3,0
$$HAR,13:32:38,420271484,-936539389,267551,0,25,131,98206,2485,60667,3,0
$$HAR,13:32:41,420271544,-936539361,268888,0,16,131,98206,2486,60769,3,0
$$HAR,13:32:44,420271526,-936539369,268921,0,49,139,98206,2487,60939,3,0
$$HAR,13:32:47,420271530,-936539370,269032,0,41,153,98206,2488,61080,3,0
$$HAR,13:32:50,420271522,-936539377,268860,0,96,131,98204,2490,61130,3,0
$$HAR,13:32:53,420271516,-936539372,268910,0,72,134,98202,2491,61182,3,0
$$HAR,13:32:56,420271539,-936539334,269761,0,26,137,98202,2493,61219,3,0
$$HAR,13:32:59,420271587,-936539323,270532,0,79,135,98202,2495,61255,3,0
$$HAR,13:33:2,420271639,-936539288,271462,0,127,144,98202,2497,61281,3,0
$$HAR,13:33:5,420271625,-936539239,271404,0,181,131,98202,2500,61355,3,0
$$HAR,13:33:8,420271622,-936539222,271559,0,69,123,98204,2502,61415,3,0
$$HAR,13:33:11,420271578,-936539210,271013,0,62,131,98204,2504,61485,3,0
$$HAR,13:33:14,420271558,-936539200,270520,0,82,131,98204,2506,61521,3,0
$$HAR,13:33:17,420271559,-936539220,270190,0,121,130,98204,2509,61468,3,0
$$HAR,13:33:20,420271541,-936539230,269556,0,49,144,98204,2511,61355,3,0
$$HAR,13:33:23,420271497,-936539229,269038,0,174,131,98204,2513,61253,3,0
$$HAR,13:33:26,420271468,-936539222,268635,0,91,141,98204,2515,61092,3,0
$$HAR,13:33:29,420271458,-936539215,268238,0,118,127,98206,2517,60905,3,0
$$HAR,13:33:32,420271445,-936539241,268010,0,33,128,98204,2518,60531,3,0
$$HAR,13:33:35,420271420,-936539243,267713,0,61,122,98204,2520,60089,3,0
$$HAR,13:33:38,420271379,-936539234,267463,0,73,122,98206,2521,59733,3,0
$$HAR,13:33:41,420271351,-936539246,267399,0,336,130,98204,2522,59497,3,1
$$HAR,13:33:44,420271330,-936539253,267078,0,111,127,98204,2523,59322,3,0
$$HAR,13:33:47,420271323,-936539269,266839,0,81,141,98206,2524,59249,3,0
$$HAR,13:33:50,420271330,-936539263,266944,0,90,141,98204,2526,59205,3,0
$$HAR,13:33:53,420271347,-936539270,266887,0,67,141,98204,2527,59204,3,0
$$HAR,13:33:56,420271350,-936539262,266540,0,49,144,98206,2528,59255,3,0
$$HAR,13:33:59,420271348,-936539274,266161,0,82,144,98204,2529,59126,3,0
$$HAR,13:34:2,420271371,-936539291,266358,0,73,128,98204,2531,59103,3,0
$$HAR,13:34:5,420271376,-936539300,266041,0,37,155,98202,2532,59219,3,0
$$HAR,13:34:8,420271396,-936539302,265958,0,72,128,98206,2533,59193,3,0
$$HAR,13:34:11,420271426,-936539311,266181,0,33,143,98208,2534,59157,3,0
$$HAR,13:34:14,420271455,-936539320,266419,0,70,128,98206,2535,59038,3,0
$$HAR,13:34:17,420271461,-936539317,266310,0,47,130,98206,2537,58919,3,0
$$HAR,13:34:20,420271494,-936539316,266673,0,57,132,98206,2539,58800,3,0
$$HAR,13:34:23,420271550,-936539304,267587,0,89,147,98206,2540,58707,3,0
$$HAR,13:34:26,420271608,-936539284,268474,0,41,151,98204,2541,58745,3,0
$$HAR,13:34:29,420271640,-936539268,268869,0,128,168,98204,2543,58974,3,0
$$HAR,13:34:32,420271656,-936539264,269261,0,13,130,98204,2544,59092,3,0
$$HAR,13:34:35,420271622,-936539260,268912,0,32,127,98202,2545,58972,3,0
$$HAR,13:34:38,420271642,-936539265,268944,0,188,127,98204,2546,58741,3,0
$$HAR,13:34:41,420271618,-936539273,268919,0,38,136,98202,2547,58510,3,0
$$HAR,13:34:44,420271579,-936539291,268696,0,95,130,98206,2548,58478,3,0
$$HAR,13:34:47,420271519,-936539282,268231,0,120,171,98204,2549,58580,3,0
$$HAR,13:34:50,420271477,-936539275,268123,0,95,141,98204,2549,58770,3,0
$$HAR,13:34:53,420271418,-936539296,267639,0,23,168,98206,2548,59015,3,0
$$HAR,13:34:56,420271393,-936539320,267604,0,45,127,98202,2547,59173,3,0
$$HAR,13:34:59,420271375,-936539333,267845,0,84,141,98204,2546,59130,3,0
$$HAR,13:35:2,420271336,-936539347,267491,0,15,151,98204,2544,59085,3,0
$$HAR,13:35:5,420271320,-936539322,267264,0,82,151,98204,2542,59423,3,0
$$HAR,13:35:8,420271345,-936539353,267860,0,69,123,98204,2539,59827,3,0
$$HAR,13:35:11,420271372,-936539369,268366,0,71,133,98206,2535,59980,3,0
$$HAR,13:35:14,420271394,-936539372,268857,0,46,123,98206,2532,59870,3,0
$$HAR,13:35:17,420271391,-936539379,268753,0,135,123,98204,2530,59781,3,0
$$HAR,13:35:20,420271347,-936539389,268167,0,242,123,98204,2529,59738,3,0
$$HAR,13:35:23,420271352,-936539399,268074,0,94,123,98204,2527,59788,3,0
$$HAR,13:35:26,420271360,-936539415,267965,0,11,122,98206,2526,59878,3,0
$$HAR,13:35:29,420271373,-936539413,267934,0,92,129,98204,2526,59951,3,0
$$HAR,13:35:32,420271402,-936539415,268189,0,32,129,98206,2526,60015,3,0
$$HAR,13:35:35,420271425,-936539429,268360,0,17,127,98204,2526,60082,3,0
$$HAR,13:35:38,420271473,-936539436,268946,0,174,123,98204,2527,60147,3,0
$$HAR,13:35:41,420271482,-936539433,268914,0,37,132,98206,2528,60173,3,0
$$HAR,13:35:44,420271492,-936539415,269190,0,80,133,98204,2529,60133,3,0
$$HAR,13:35:47,420271477,-936539410,268803,0,94,132,98204,2531,59972,3,0
$$HAR,13:35:50,420271516,-936539407,269184,0,45,131,98208,2532,59838,3,0
$$HAR,13:35:53,420271538,-936539395,269258,0,73,131,98208,2533,59844,3,0
$$HAR,13:35:56,420271571,-936539383,269566,0,25,131,98208,2534,59723,3,0
$$HAR,13:35:59,420271589,-936539389,269795,0,43,130,98208,2536,59556,3,0
$$HAR,13:36:2,420271582,-936539400,269486,0,64,130,98206,2537,59305,3,0
$$HAR,13:36:5,420271590,-936539403,269409,0,147,133,98208,2538,59056,3,0
$$HAR,13:36:8,420271616,-936539422,269060,0,86,167,98206,2540,58957,3,0
$$HAR,13:36:11,420271604,-936539441,268689,0,80,192,98208,2541,59048,3,0
$$HAR,13:36:14,420271582,-936539458,268236,0,5,192,98208,2542,59266,3,0
$$HAR,13:36:17,420271584,-936539458,268189,0,129,167,98206,2544,59532,3,0
$$HAR,13:36:20,420271583,-936539444,268184,0,126,167,98206,2545,59723,3,0
$$HAR,13:36:23,420271596,-936539435,268309,0,28,167,98206,2546,59862,3,0
$$HAR,13:36:26,420271633,-936539440,268773,0,81,167,98208,2548,59792,3,0
$$HAR,13:36:29,420271664,-936539447,269241,0,238,192,98206,2549,59565,3,0
$$HAR,13:36:32,420271708,-936539442,269864,0,176,168,98208,2550,59510,3,0
$$HAR,13:36:35,420271843,-936539433,271794,0,91,127,98206,2551,59478,3,0
$$HAR,13:36:38,420272020,-936539428,274542,0,41,141,98206,2552,59496,3,0
$$HAR,13:36:41,420272136,-936539431,276386,0,82,121,98206,2554,59520,3,0
$$HAR,13:36:44,420272201,-936539408,277088,0,70,127,98206,2555,59516,3,0
$$HAR,13:36:47,420272182,-936539414,276650,0,88,129,98206,2557,59495,3,0
$$HAR,13:36:50,420272167,-936539412,276325,0,28,129,98206,2559,59418,3,0
$$HAR,13:36:53,420272113,-936539411,275610,0,103,129,98206,2560,59364,3,0
$$HAR,13:36:56,420272074,-936539410,275006,0,104,129,98206,2562,59328,3,0
$$HAR,13:36:59,420272048,-936539413,274727,0,31,139,98208,2564,59291,3,0
$$HAR,13:37:2,420272002,-936539434,274078,0,81,129,98208,2566,59163,3,0
$$HAR,13:37:5,420271978,-936539430,273606,0,66,129,98208,2568,58877,3,0
$$HAR,13:37:8,420271998,-936539443,273712,0,30,129,98208,2570,58662,3,0
$$HAR,13:37:11,420271983,-936539468,273437,0,82,124,98208,2572,58680,3,0
$$HAR,13:37:14,420271939,-936539489,273089,0,122,133,98206,2574,58736,3,0
$$HAR,13:37:17,420271929,-936539504,273341,0,51,133,98206,2575,58713,3,0
$$HAR,13:37:20,420271924,-936539514,273649,0,13,126,98206,2576,58383,3,0
$$HAR,13:37:23,420271905,-936539507,273497,0,121,139,98204,2577,58052,3,0
$$HAR,13:37:26,420271888,-936539518,273516,0,40,126,98206,2579,57940,3,0
$$HAR,13:37:29,420271862,-936539509,273554,0,71,131,98210,2580,57941,3,0
$$HAR,13:37:32,420271787,-936539486,272693,0,100,122,98210,2582,57967,3,0
$$HAR,13:37:35,420271734,-936539459,272330,0,164,121,98208,2583,58094,3,0
$$HAR,13:37:38,420271697,-936539444,272005,0,106,129,98208,2584,58101,3,0
$$HAR,13:37:41,420271691,-936539420,272131,0,63,133,98206,2586,57832,3,0
$$HAR,13:37:44,420271682,-936539385,271558,0,34,120,98208,2587,57652,3,0
$$HAR,13:37:47,420271641,-936539346,270575,0,28,121,98208,2588,57461,3,0
$$HAR,13:37:50,420271596,-936539331,269811,0,68,115,98206,2590,57301,3,0
$$HAR,13:37:53,420271538,-936539297,268709,0,217,121,98206,2591,57209,3,0
$$HAR,13:37:56,420271494,-936539270,267975,0,151,121,98206,2593,57211,3,0
$$HAR,13:37:59,420271471,-936539272,267671,0,122,123,98206,2595,57278,3,0
$$HAR,13:38:2,420271477,-936539289,267881,0,76,122,98208,2597,57550,3,0
$$HAR,13:38:5,420271505,-936539297,268259,0,155,141,98210,2598,57794,3,0
$$HAR,13:38:8,420271509,-936539314,268438,0,87,129,98210,2600,57914,3,0
$$HAR,13:38:11,420271519,-936539348,268653,0,57,136,98208,2602,57980,3,0
$$HAR,13:38:14,420271530,-936539349,268812,0,54,121,98208,2603,57991,3,0
$$HAR,13:38:17,420271530,-936539365,268953,0,43,115,98210,2605,57964,3,0
$$HAR,13:38:20,420271530,-936539380,269168,0,5,123,98210,2607,57884,3,0
$$HAR,13:38:23,420271525,-936539394,269267,0,48,131,98210,2609,57788,3,0
$$HAR,13:38:26,420271513,-936539398,269086,0,45,129,98210,2610,57500,3,0
$$HAR,13:38:29,420271525,-936539403,269131,0,76,140,98210,2612,57246,3,0
$$HAR,13:38:32,420271529,-936539405,269164,0,60,122,98212,2614,57120,3,0
$$HAR,13:38:35,420271525,-936539394,268830,0,64,129,98210,2615,57075,3,0
$$HAR,13:38:38,420271480,-936539389,268197,0,68,121,98210,2617,57112,3,0
$$HAR,13:38:41,420271457,-936539382,267945,0,70,114,98210,2619,57138,3,0
$$HAR,13:38:44,420271434,-936539370,268000,0,52,114,98210,2620,57052,3,0
$$HAR,13:38:47,420271431,-936539369,268060,0,24,115,98210,2622,57045,3,0
$$HAR,13:38:50,420271417,-936539366,267785,0,42,115,98208,2624,57050,3,0
$$HAR,13:38:53,420271400,-936539371,267451,0,12,123,98208,2625,57095,3,0
$$HAR,13:38:56,420271386,-936539382,267211,0,45,117,98210,2627,57182,3,0
$$HAR,13:38:59,420271334,-936539391,266437,0,148,119,98210,2628,57279,3,0
$$HAR,13:39:2,420271339,-936539398,266496,0,51,110,98208,2630,57276,3,0
$$HAR,13:39:5,420271355,-936539405,266818,0,45,110,98210,2631,57164,3,0
$$HAR,13:39:8,420271340,-936539417,266531,0,5,110,98210,2633,57024,3,0
$$HAR,13:39:11,420271321,-936539438,266646,0,90,110,98212,2635,56879,3,0
$$HAR,13:39:14,420271327,-936539443,266556,0,33,110,98212,2636,56652,3,0
$$HAR,13:39:17,420271334,-936539441,266580,0,58,116,98210,2637,56432,3,0
$$HAR,13:39:20,420271338,-936539436,266203,0,79,110,98212,2639,56272,3,0
$$HAR,13:39:23,420271397,-936539435,266668,0,82,116,98210,2640,56140,3,0
$$HAR,13:39:26,420271448,-936539455,267161,0,69,120,98212,2640,56031,3,0
$$HAR,13:39:29,420271480,-936539460,267535,0,130,129,98212,2641,56022,3,0
$$HAR,13:39:32,420271421,-936539464,266728,0,27,128,98212,2642,56060,3,0
$$HAR,13:39:35,420271443,-936539476,266875,0,75,111,98212,2643,56094,3,0
$$HAR,13:39:38,420271468,-936539487,266751,0,37,111,98220,2644,56153,3,0
$$HAR,13:39:41,420271487,-936539499,266666,0,39,119,98212,2644,56301,3,0
$$HAR,13:39:44,420271500,-936539521,266463,0,137,118,98210,2645,56520,3,0
$$HAR,13:39:47,420271529,-936539535,266341,0,24,124,98220,2646,56708,3,0
$$HAR,13:39:50,420271531,-936539543,266156,0,33,118,98220,2647,57129,3,0
$$HAR,13:39:53,420271556,-936539536,266378,0,63,118,98222,2648,57572,3,0
$$HAR,13:39:56,420271561,-936539541,266424,0,33,118,98222,2648,57848,3,0
$$HAR,13:39:59,420271523,-936539530,265847,0,81,127,98222,2648,57946,3,0
$$HAR,13:40:2,420271508,-936539526,265602,0,59,118,98220,2649,57937,3,0
$$HAR,13:40:5,420271492,-936539513,265483,0,70,121,98222,2648,57553,3,0
$$HAR,13:40:8,420271464,-936539504,265165,0,7,111,98220,2647,56979,3,0
$$HAR,13:40:11,420271434,-936539503,264759,0,20,111,98222,2646,56611,3,0
$$HAR,13:40:14,420271446,-936539494,265001,0,69,125,98212,2645,56417,3,0
$$HAR,13:40:17,420271461,-936539491,265339,0,44,118,98220,2644,56288,3,0
$$HAR,13:40:20,420271468,-936539497,265563,0,106,116,98220,2644,56147,3,0
$$HAR,13:40:23,420271493,-936539500,265832,0,92,116,98220,2642,55827,3,0
$$HAR,13:40:26,420271503,-936539504,265884,0,117,117,98212,2641,55587,3,0
$$HAR,13:40:29,420271527,-936539498,266195,0,61,116,98220,2641,55440,3,0
$$HAR,13:40:32,420271536,-936539505,266185,0,74,111,98220,2640,55415,3,0
$$HAR,13:40:35,420271528,-936539510,266179,0,91,116,98220,2639,55606,3,0
$$HAR,13:40:38,420271524,-936539524,266353,0,66,116,98220,2639,55805,3,0
$$HAR,13:40:41,420271570,-936539541,266711,0,10,116,98212,2637,55822,3,0
$$HAR,13:40:44,420271661,-936539558,267793,0,49,115,98220,2637,55893,3,0
$$HAR,13:40:47,420271716,-936539567,268192,0,15,116,98220,2637,56074,3,0
$$HAR,13:40:50,420271724,-936539585,268007,0,55,110,98220,2636,56302,3,0
$$HAR,13:40:53,420271703,-936539598,267589,0,49,110,98220,2637,56392,3,0
$$HAR,13:40:56,420271698,-936539608,267586,0,23,116,98220,2637,56451,3,1
$$HAR,13:40:59,420271709,-936539606,267656,0,224,116,98220,2638,56578,3,0
$$HAR,13:41:2,420271716,-936539603,267661,0,30,116,98220,2639,56753,3,0
$$HAR,13:41:5,420271716,-936539590,267733,0,7,127,98222,2640,56836,3,0
$$HAR,13:41:8,420271727,-936539573,267990,0,38,116,98222,2642,56840,3,0
$$HAR,13:41:11,420271717,-936539572,268125,0,114,110,98220,2643,56997,3,0
$$HAR,13:41:14,420271702,-936539561,267997,0,28,110,98222,2645,56974,3,0
$$HAR,13:41:17,420271706,-936539568,268124,0,64,116,98226,2646,56820,3,0
$$HAR,13:41:20,420271698,-936539576,268162,0,84,116,98224,2647,56694,3,0
$$HAR,13:41:23,420271691,-936539582,267994,0,104,116,98224,2649,56696,3,0
$$HAR,13:41:26,420271695,-936539576,268009,0,56,110,98222,2649,56815,3,0
$$HAR,13:41:29,420271746,-936539572,268702,0,57,124,98224,2651,57064,3,0
$$HAR,13:41:32,420271787,-936539565,269324,0,72,109,98224,2652,57219,3,1
$$HAR,13:41:35,420271799,-936539556,269936,0,15,125,98222,2653,57285,3,0
$$HAR,13:41:38,420271815,-936539537,270111,0,65,115,98222,2653,57239,3,0
$$HAR,13:41:41,420271810,-936539540,270105,0,27,125,98220,2654,57152,3,0
$$HAR,13:41:44,420271806,-936539534,270133,0,135,115,98222,2654,57171,3,0
$$HAR,13:41:47,420271803,-936539519,270055,0,30,115,98222,2655,57267,3,0
$$HAR,13:41:50,420271781,-936539525,269678,0,45,115,98220,2655,57358,3,0
$$HAR,13:41:53,420271763,-936539519,269492,0,9,115,98220,2655,57462,3,0
$$HAR,13:41:56,420271760,-936539498,269599,0,72,115,98222,2654,57400,3,0
$$HAR,13:41:59,420271754,-936539465,269772,0,139,124,98222,2653,57279,3,0
$$HAR,13:42:2,420271723,-936539444,269655,0,40,109,98224,2653,57094,3,0
$$HAR,13:42:5,420271679,-936539430,269171,0,51,125,98224,2652,56906,3,0
$$HAR,13:42:8,420271639,-936539428,268890,0,47,110,98222,2651,56779,3,0
$$HAR,13:42:11,420271588,-936539438,268352,0,81,117,98222,2651,56752,3,0
$$HAR,13:42:14,420271539,-936539433,267956,0,39,119,98224,2651,56857,3,0
$$HAR,13:42:17,420271510,-936539442,267785,0,92,113,98224,2651,56993,3,0
$$HAR,13:42:20,420271486,-936539430,267734,0,44,110,98222,2652,57010,3,0
$$HAR,13:42:23,420271464,-936539417,267637,0,71,113,98224,2652,57003,3,0
$$HAR,13:42:26,420271451,-936539413,267568,0,52,110,98224,2653,56913,3,0
$$HAR,13:42:29,420271510,-936539399,268354,0,75,125,98222,2653,56860,3,0
$$HAR,13:42:32,420271509,-936539407,268620,0,79,125,98222,2653,56932,3,0
$$HAR,13:42:35,420271472,-936539425,268570,0,28,117,98222,2654,56896,3,0
$$HAR,13:42:38,420271459,-936539434,268637,0,35,115,98222,2656,56865,3,0
$$HAR,13:42:41,420271451,-936539429,268699,0,37,121,98224,2656,56787,3,0
$$HAR,13:42:44,420271415,-936539423,268203,0,134,118,98222,2657,56584,3,0
$$HAR,13:42:47,420271388,-936539405,267603,0,102,112,98222,2659,56426,3,0
$$HAR,13:42:50,420271369,-936539376,267245,0,86,113,98224,2660,56315,3,0
$$HAR,13:42:53,420271346,-936539352,266854,0,95,113,98226,2662,56096,3,0
$$HAR,13:42:56,420271351,-936539327,266908,0,16,113,98224,2663,55956,3,0
$$HAR,13:42:59,420271357,-936539300,266857,0,98,118,98224,2665,55935,3,0
$$HAR,13:43:2,420271390,-936539273,267205,0,39,117,98224,2666,56055,3,1
$$HAR,13:43:5,420271421,-936539265,267556,0,21,113,98224,2668,56104,3,0
$$HAR,13:43:8,420271456,-936539269,267987,0,158,115,98224,2670,56109,3,0
$$HAR,13:43:11,420271459,-936539284,268105,0,30,112,98224,2672,56118,3,0
$$HAR,13:43:14,420271447,-936539305,267940,0,128,110,98224,2674,56112,3,0
$$HAR,13:43:17,420271420,-936539314,267728,0,32,110,98224,2677,56142,3,0
$$HAR,13:43:20,420271420,-936539315,267731,0,40,111,98224,2679,56066,3,0
$$HAR,13:43:23,420271415,-936539326,267612,0,25,122,98226,2680,56010,3,0
$$HAR,13:43:26,420271391,-936539347,266995,0,119,111,98224,2682,55958,3,0
$$HAR,13:43:29,420271403,-936539359,266920,0,71,122,98226,2683,55735,3,0
$$HAR,13:43:32,420271393,-936539367,266645,0,39,111,98226,2684,55540,3,0
$$HAR,13:43:35,420271379,-936539360,266402,0,87,110,98226,2684,55322,3,0
$$HAR,13:43:38,420271395,-936539359,266516,0,53,109,98224,2685,55226,3,0
$$HAR,13:43:41,420271450,-936539360,267052,0,113,114,98226,2686,55096,3,0
$$HAR,13:43:44,420271491,-936539346,267633,0,35,114,98224,2687,55142,3,0
$$HAR,13:43:47,420271506,-936539340,267777,0,51,114,98224,2687,55199,3,0
$$HAR,13:43:50,420271503,-936539346,267819,0,115,114,98224,2687,55077,3,0
$$HAR,13:43:53,420271489,-936539343,267831,0,34,114,98226,2686,55031,3,0
$$HAR,13:43:56,420271487,-936539345,267860,0,60,108,98224,2685,55264,3,0
$$HAR,13:43:59,420271476,-936539350,267634,0,53,127,98226,2684,55794,3,0
$$HAR,13:44:2,420271488,-936539357,267629,0,102,123,98224,2683,56137,3,0
$$HAR,13:44:5,420271521,-936539358,267856,0,15,108,98226,2682,56191,3,0
$$HAR,13:44:8,420271565,-936539372,268118,0,36,108,98226,2681,55907,3,0
$$HAR,13:44:11,420271598,-936539372,268422,0,133,114,98222,2680,55596,3,0
$$HAR,13:44:14,420271616,-936539369,268610,0,49,108,98224,2679,55388,3,0
$$HAR,13:44:17,420271616,-936539349,268928,0,21,114,98224,2679,55291,3,0
$$HAR,13:44:20,420271617,-936539326,269449,0,54,108,98224,2679,55245,3,0
$$HAR,13:44:23,420271610,-936539305,269830,0,80,108,98224,2679,55205,3,0
$$HAR,13:44:26,420271629,-936539294,270440,0,58,108,98222,2679,55180,3,0
$$HAR,13:44:29,420271643,-936539283,270695,0,130,108,98222,2680,55233,3,0
$$HAR,13:44:32,420271654,-936539272,270993,0,56,133,98226,2680,55647,3,0
$$HAR,13:44:35,420271633,-936539267,271081,0,27,113,98226,2681,55893,3,0
$$HAR,13:44:38,420271614,-936539263,270910,0,38,113,98226,2681,55790,3,0
$$HAR,13:44:41,420271583,-936539256,270666,0,65,113,98224,2682,55777,3,0
$$HAR,13:44:44,420271541,-936539238,270393,0,170,113,98226,2682,55718,3,0
$$HAR,13:44:47,420271513,-936539240,269986,0,62,113,98226,2683,55677,3,0
$$HAR,13:44:50,420271478,-936539237,269614,0,115,114,98226,2683,55664,3,0
$$HAR,13:44:53,420271461,-936539243,269432,0,94,121,98226,2684,55741,3,0
$$HAR,13:44:56,420271423,-936539260,268631,0,101,108,98226,2685,55776,3,0
$$HAR,13:44:59,420271418,-936539276,268184,0,50,117,98226,2686,55847,3,0
$$HAR,13:45:2,420271424,-936539295,267979,0,33,119,98226,2688,55938,3,0
$$HAR,13:45:5,420271413,-936539303,267551,0,56,117,98226,2690,55989,3,0
$$HAR,13:45:8,420271424,-936539311,267587,0,81,117,98226,2692,56012,3,0
$$HAR,13:45:11,420271438,-936539311,267792,0,37,111,98226,2694,56009,3,0
$$HAR,13:45:14,420271436,-936539315,267741,0,45,111,98228,2696,56049,3,0
$$HAR,13:45:17,420271441,-936539321,267960,0,21,111,98228,2698,56130,3,0
$$HAR,13:45:20,420271458,-936539307,268101,0,39,111,98226,2701,56153,3,0
$$HAR,13:45:23,420271462,-936539307,267970,0,41,108,98226,2703,56169,3,0
$$HAR,13:45:26,420271462,-936539315,267746,0,16,108,98226,2705,56137,3,0
$$HAR,13:45:29,420271460,-936539335,267478,0,45,114,98226,2707,56167,3,0
$$HAR,13:45:32,420271442,-936539372,267291,0,25,132,98226,2709,56151,3,0
$$HAR,13:45:35,420271435,-936539386,267015,0,77,115,98224,2710,55722,3,0
$$HAR,13:45:38,420271417,-936539392,266921,0,55,119,98226,2710,55269,3,1
$$HAR,13:45:41,420271380,-936539401,266767,0,18,120,98226,2711,55009,3,0
$$HAR,13:45:44,420271340,-936539394,266587,0,55,137,98226,2711,54900,3,0
$$HAR,13:45:47,420271307,-936539381,266470,0,161,137,98226,2711,54848,3,0
$$HAR,13:45:50,420271306,-936539368,266547,0,66,135,98224,2711,54804,3,0
$$HAR,13:45:53,420271281,-936539372,266367,0,66,134,98224,2712,54775,3,0
$$HAR,13:45:56,420271274,-936539359,266238,0,65,134,98228,2713,54729,3,0
$$HAR,13:45:59,420271267,-936539368,266199,0,34,128,98226,2714,54694,3,0
$$HAR,13:46:2,420271252,-936539374,266083,0,16,128,98228,2715,54686,3,0
$$HAR,13:46:5,420271229,-936539371,265847,0,66,117,98228,2716,54734,3,0
$$HAR,13:46:8,420271191,-936539376,265440,0,30,117,98228,2718,54739,3,0
$$HAR,13:46:11,420271158,-936539387,264931,0,93,117,98228,2720,54668,3,0
$$HAR,13:46:14,420271165,-936539390,264995,0,48,128,98226,2722,54700,3,0
$$HAR,13:46:17,420271172,-936539383,264974,0,23,117,98224,2724,54749,3,0
$$HAR,13:46:20,420271179,-936539382,265047,0,40,117,98224,2726,54808,3,0
$$HAR,13:46:23,420271180,-936539384,264969,0,112,111,98224,2727,54720,3,0
$$HAR,13:46:26,420271186,-936539375,265120,0,89,127,98228,2728,54501,3,0
$$HAR,13:46:29,420271185,-936539375,265091,0,66,127,98226,2729,54357,3,0
$$HAR,13:46:32,420271207,-936539385,265182,0,90,116,98228,2730,54190,3,0
$$HAR,13:46:35,420271231,-936539392,265524,0,37,136,98226,2731,54074,3,0
$$HAR,13:46:38,420271238,-936539404,265489,0,19,136,98226,2731,54074,3,0
$$HAR,13:46:41,420271257,-936539420,265566,0,45,136,98226,2732,54108,3,0
$$HAR,13:46:44,420271282,-936539432,265771,0,27,123,98226,2732,54166,3,0
$$HAR,13:46:47,420271303,-936539445,265942,0,35,123,98228,2731,54172,3,0
$$HAR,13:46:50,420271311,-936539465,265995,0,71,114,98228,2731,54184,3,0
$$HAR,13:46:53,420271335,-936539477,266402,0,62,122,98228,2730,54434,3,0
$$HAR,13:46:56,420271365,-936539483,266851,0,39,132,98228,2730,54700,3,0
$$HAR,13:46:59,420271420,-936539478,267522,0,87,115,98228,2730,54814,3,0
$$HAR,13:47:2,420271455,-936539489,267715,0,64,112,98226,2731,54814,3,0
$$HAR,13:47:5,420271462,-936539492,267639,0,75,109,98226,2732,54765,3,0
$$HAR,13:47:8,420271444,-936539489,267427,0,90,115,98228,2732,54707,3,0
$$HAR,13:47:11,420271433,-936539475,267532,0,3,115,98226,2734,54677,3,0
$$HAR,13:47:14,420271422,-936539457,267549,0,54,115,98226,2735,54638,3,0
$$HAR,13:47:17,420271412,-936539438,267664,0,62,129,98226,2737,54597,3,0
$$HAR,13:47:20,420271382,-936539433,267537,0,42,129,98226,2739,54558,3,0
$$HAR,13:47:23,420271384,-936539435,267670,0,30,129,98228,2741,54600,3,0
$$HAR,13:47:26,420271365,-936539440,267161,0,32,123,98228,2742,54581,3,0
$$HAR,13:47:29,420271355,-936539443,266992,0,10,132,98226,2743,54579,3,0
$$HAR,13:47:32,420271340,-936539453,266747,0,30,120,98230,2744,54206,3,0
$$HAR,13:47:35,420271341,-936539465,266741,0,35,132,98230,2744,53685,3,0
$$HAR,13:47:38,420271361,-936539459,267023,0,47,133,98230,2744,53307,3,0
$$HAR,13:47:41,420271379,-936539454,267230,0,53,133,98224,2744,53102,3,0
$$HAR,13:47:44,420271376,-936539445,267367,0,42,123,98224,2744,53007,3,0
$$HAR,13:47:47,420271375,-936539445,267420,0,79,141,98224,2743,52918,3,0
$$HAR,13:47:50,420271364,-936539450,267361,0,45,123,98224,2743,52860,3,0
$$HAR,13:47:53,420271376,-936539443,267683,0,45,141,98226,2742,52825,3,0
$$HAR,13:47:56,420271380,-936539429,267877,0,87,124,98226,2742,52812,3,0
$$HAR,13:47:59,420271395,-936539424,268423,0,55,121,98226,2742,52812,3,0
$$HAR,13:48:2,420271412,-936539422,268763,0,7,124,98226,2742,52812,3,0
$$HAR,13:48:5,420271417,-936539417,269009,0,41,133,98226,2742,52883,3,0
$$HAR,13:48:8,420271413,-936539411,269285,0,18,133,98224,2743,52970,3,0
$$HAR,13:48:11,420271441,-936539409,269797,0,12,124,98224,2744,53065,3,0
$$HAR,13:48:14,420271469,-936539421,270128,0,5,133,98226,2745,53231,3,0
$$HAR,13:48:17,420271503,-936539431,270527,0,68,133,98226,2745,53424,3,0
$$HAR,13:48:20,420271544,-936539442,270956,0,51,124,98228,2746,53391,3,0
$$HAR,13:48:23,420271551,-936539453,270762,0,45,131,98228,2746,53250,3,0
$$HAR,13:48:26,420271560,-936539445,270784,0,34,131,98228,2746,53103,3,0
$$HAR,13:48:29,420271548,-936539448,270594,0,47,131,98226,2747,53126,3,0
$$HAR,13:48:32,420271522,-936539456,270142,0,87,131,98226,2747,53236,3,0
$$HAR,13:48:35,420271513,-936539475,269858,0,35,131,98226,2748,53242,3,0
$$HAR,13:48:38,420271493,-936539477,269463,0,48,116,98226,2748,53261,3,0
$$HAR,13:48:41,420271476,-936539487,269113,0,17,116,98226,2749,53302,3,0
$$HAR,13:48:44,420271475,-936539509,268866,0,61,131,98226,2749,53373,3,0
$$HAR,13:48:47,420271475,-936539517,268567,0,129,131,98226,2749,53610,3,0
$$HAR,13:48:50,420271477,-936539547,268418,0,50,124,98226,2749,53797,3,0
$$HAR,13:48:53,420271479,-936539576,268174,0,41,133,98226,2749,53822,3,0
$$HAR,13:48:56,420271482,-936539600,267957,0,119,141,98226,2749,53791,3,0
$$HAR,13:48:59,420271483,-936539611,267676,0,44,141,98228,2750,53762,3,0
$$HAR,13:49:2,420271486,-936539626,267171,0,41,133,98228,2750,53531,3,0
$$HAR,13:49:5,420271489,-936539641,266939,0,59,133,98226,2750,53166,3,0
$$HAR,13:49:8,420271488,-936539676,266715,0,4,122,98226,2751,53019,3,0
$$HAR,13:49:11,420271489,-936539701,266556,0,123,123,98226,2751,53126,3,0
$$HAR,13:49:14,420271506,-936539721,266599,0,92,115,98228,2752,53367,3,0
$$HAR,13:49:17,420271507,-936539756,266681,0,72,131,98226,2753,53488,3,0
$$HAR,13:49:20,420271505,-936539779,266252,0,57,140,98228,2754,53543,3,0
$$HAR,13:49:23,420271494,-936539800,265937,0,131,131,98226,2756,53564,3,0
$$HAR,13:49:26,420271515,-936539822,265947,0,35,131,98226,2757,53564,3,0
$$HAR,13:49:29,420271538,-936539835,266037,0,72,140,98226,2758,53541,3,0
$$HAR,13:49:32,420271560,-936539831,266259,0,46,154,98226,2760,53561,3,0
$$HAR,13:49:35,420271568,-936539834,266557,0,7,142,98228,2760,53421,3,0
$$HAR,13:49:38,420271571,-936539825,266635,0,57,122,98226,2759,53348,3,0
$$HAR,13:49:41,420271592,-936539818,267060,0,98,132,98224,2757,53441,3,0
$$HAR,13:49:44,420271593,-936539814,267289,0,97,123,98226,2757,53543,3,0
$$HAR,13:49:47,420271614,-936539815,267971,0,39,123,98226,2755,53476,3,0
$$HAR,13:49:50,420271605,-936539799,268073,0,158,140,98228,2752,53413,3,0
$$HAR,13:49:53,420271614,-936539780,268250,0,37,140,98226,2749,53604,3,0
$$HAR,13:49:56,420271611,-936539773,268155,0,74,140,98228,2746,53936,3,0
$$HAR,13:49:59,420271629,-936539790,268304,0,32,132,98224,2743,54122,3,0
$$HAR,13:50:2,420271668,-936539821,268449,0,68,123,98224,2740,54291,3,0
$$HAR,13:50:5,420271717,-936539841,269186,0,43,113,98226,2737,54319,3,0
$$HAR,13:50:8,420271739,-936539835,269544,0,25,123,98228,2734,54285,3,0
$$HAR,13:50:11,420271744,-936539817,270036,0,2,112,98228,2730,54151,3,0
$$HAR,13:50:14,420271735,-936539791,270654,0,23,113,98228,2726,53906,3,0
$$HAR,13:50:17,420271724,-936539771,270825,0,60,112,98226,2721,53966,3,0
$$HAR,13:50:20,420271688,-936539749,270773,0,82,115,98228,2717,54052,3,0
$$HAR,13:50:23,420271676,-936539731,271154,0,46,113,98228,2713,54080,3,0
$$HAR,13:50:26,420271641,-936539728,271138,0,66,107,98226,2710,54199,3,0
$$HAR,13:50:29,420271627,-936539731,271663,0,108,107,98228,2707,54371,3,0
$$HAR,13:50:32,420271610,-936539721,271704,0,141,115,98228,2704,54533,3,0
$$HAR,13:50:35,420271588,-936539699,272031,0,79,106,98228,2702,54833,3,0
$$HAR,13:50:38,420271593,-936539669,272269,0,67,111,98226,2701,55086,3,0
$$HAR,13:50:41,420271603,-936539649,272760,0,133,107,98228,2700,55319,3,0
$$HAR,13:50:44,420271604,-936539619,272888,0,41,107,98228,2700,55214,3,0
$$HAR,13:50:47,420271599,-936539619,272647,0,150,112,98228,2700,55099,3,0
$$HAR,13:50:50,420271597,-936539614,272422,0,99,122,98228,2700,55170,3,0
$$HAR,13:50:53,420271605,-936539601,272393,0,27,112,98228,2701,55214,3,0
$$HAR,13:50:56,420271619,-936539609,272372,0,99,115,98228,2702,55344,3,0
$$HAR,13:50:59,420271599,-936539594,271515,0,129,124,98228,2703,55572,3,0
$$HAR,13:51:2,420271575,-936539580,270987,0,53,132,98228,2704,55572,3,0
$$HAR,13:51:5,420271563,-936539575,270540,0,43,123,98228,2705,55580,3,0
$$HAR,13:51:8,420271535,-936539559,270308,0,27,123,98228,2706,55521,3,0
$$HAR,13:51:11,420271538,-936539571,270897,0,12,112,98228,2707,55346,3,0
$$HAR,13:51:14,420271561,-936539585,271788,0,100,107,98226,2708,54996,3,0
$$HAR,13:51:17,420271553,-936539586,271800,0,45,114,98230,2708,54667,3,0
$$HAR,13:51:20,420271542,-936539588,271469,0,82,114,98228,2709,54432,3,0
$$HAR,13:51:23,420271546,-936539593,271587,0,46,132,98228,2709,54182,3,0
$$HAR,13:51:26,420271560,-936539611,271727,0,82,114,98230,2710,54013,3,0
$$HAR,13:51:29,420271551,-936539609,271771,0,50,132,98228,2710,53859,3,0
$$HAR,13:51:32,420271540,-936539576,271463,0,50,114,98228,2711,53730,3,0
$$HAR,13:51:35,420271515,-936539549,270906,0,95,132,98228,2711,53595,3,0
$$HAR,13:51:38,420271496,-936539514,270535,0,34,114,98226,2712,53542,3,0
$$HAR,13:51:41,420271460,-936539479,270317,0,17,124,98232,2712,53458,3,0
$$HAR,13:51:44,420271447,-936539450,270418,0,108,146,98230,2713,53440,3,0
$$HAR,13:51:47,420271425,-936539414,269954,0,121,146,98230,2714,53475,3,0
$$HAR,13:51:50,420271402,-936539407,269601,0,54,124,98232,2716,53507,3,0
$$HAR,13:51:53,420271398,-936539404,269165,0,125,124,98230,2717,53541,3,0
$$HAR,13:51:56,420271387,-936539383,268739,0,53,124,98230,2719,53537,3,0
$$HAR,13:51:59,420271369,-936539370,268087,0,93,128,98230,2721,53523,3,0
$$HAR,13:52:2,420271354,-936539363,267771,0,61,137,98230,2723,53521,3,0
$$HAR,13:52:5,420271336,-936539369,267734,0,131,129,98230,2726,53522,3,0
$$HAR,13:52:8,420271329,-936539372,267790,0,76,119,98232,2728,53533,3,1
$$HAR,13:52:11,420271341,-936539386,268183,0,91,119,98230,2731,53562,3,0
$$HAR,13:52:14,420271355,-936539413,268301,0,87,108,98232,2734,53675,3,0
$$HAR,13:52:17,420271400,-936539447,268789,0,26,115,98230,2737,53716,3,0
$$HAR,13:52:20,420271448,-936539490,269331,0,66,108,98230,2739,53814,3,0
$$HAR,13:52:23,420271468,-936539529,269435,0,21,108,98230,2741,53887,3,0
$$HAR,13:52:26,420271486,-936539543,269746,0,50,108,98228,2743,53871,3,0
$$HAR,13:52:29,420271501,-936539570,270358,0,68,115,98232,2745,53597,3,0
$$HAR,13:52:32,420271478,-936539587,270430,0,109,115,98232,2747,53140,3,0
$$HAR,13:52:35,420271449,-936539595,270459,0,26,124,98232,2748,52782,3,0
$$HAR,13:52:38,420271446,-936539584,270469,0,90,114,98230,2750,52572,3,0
$$HAR,13:52:41,420271432,-936539572,269881,0,34,114,98232,2751,52489,3,0
$$HAR,13:52:44,420271428,-936539575,269761,0,15,108,98232,2752,52417,3,0
$$HAR,13:52:47,420271434,-936539581,269748,0,20,115,98230,2754,52241,3,0
$$HAR,13:52:50,420271449,-936539584,269870,0,88,120,98230,2755,52212,3,0
$$HAR,13:52:53,420271463,-936539569,269916,0,46,120,98232,2756,52140,3,0
$$HAR,13:52:56,420271467,-936539563,270015,0,47,120,98232,2757,52140,3,0
$$HAR,13:52:59,420271457,-936539545,269977,0,54,168,98230,2757,52210,3,0
$$HAR,13:53:2,420271469,-936539534,270105,0,117,119,98230,2758,52233,3,0
$$HAR,13:53:5,420271486,-936539514,270233,0,26,114,98230,2758,52303,3,0
$$HAR,13:53:8,420271493,-936539511,270409,0,63,118,98230,2759,52328,3,0
$$HAR,13:53:11,420271513,-936539502,270694,0,44,107,98232,2760,52374,3,0
$$HAR,13:53:14,420271525,-936539501,270654,0,48,108,98232,2761,52450,3,0
$$HAR,13:53:17,420271538,-936539502,270977,0,49,123,98230,2762,52494,3,0
$$HAR,13:53:20,420271545,-936539516,271205,0,75,123,98234,2763,52479,3,0
$$HAR,13:53:23,420271549,-936539525,271438,0,55,123,98234,2764,52403,3,0
$$HAR,13:53:26,420271553,-936539524,271552,0,69,123,98232,2765,52271,3,0
$$HAR,13:53:29,420271553,-936539519,271773,0,79,124,98232,2767,52177,3,0
$$HAR,13:53:32,420271575,-936539509,272270,0,108,130,98232,2768,52146,3,0
$$HAR,13:53:35,420271558,-936539503,272137,0,23,157,98232,2769,52071,3,0
$$HAR,13:53:38,420271522,-936539489,271610,0,62,134,98234,2770,51958,3,0
$$HAR,13:53:41,420271502,-936539472,271115,0,14,121,98232,2771,51958,3,0
$$HAR,13:53:44,420271495,-936539439,270718,0,39,120,98232,2771,51995,3,0
$$HAR,13:53:47,420271502,-936539427,270757,0,43,120,98232,2771,52052,3,0
$$HAR,13:53:50,420271495,-936539401,270419,0,80,129,98232,2771,52116,3,0
$$HAR,13:53:53,420271489,-936539362,270117,0,104,129,98234,2772,52127,3,0
$$HAR,13:53:56,420271482,-936539343,269806,0,42,120,98234,2773,52010,3,0
$$HAR,13:53:59,420271475,-936539339,269497,0,39,132,98232,2774,51923,3,0
$$HAR,13:54:2,420271467,-936539359,269250,0,95,137,98234,2774,51905,3,0
$$HAR,13:54:5,420271463,-936539357,268761,0,75,137,98234,2775,51950,3,0
$$HAR,13:54:8,420271468,-936539359,268297,0,60,137,98234,2775,51987,3,0
$$HAR,13:54:11,420271480,-936539374,268067,0,83,120,98234,2775,52039,3,0
$$HAR,13:54:14,420271491,-936539379,267933,0,35,113,98234,2775,52032,3,0
$$HAR,13:54:17,420271498,-936539369,267741,0,63,120,98234,2775,51923,3,0
$$HAR,13:54:20,420271509,-936539362,267691,0,51,120,98234,2774,51854,3,0
$$HAR,13:54:23,420271527,-936539358,267956,0,56,120,98235,2773,51761,3,0
$$HAR,13:54:26,420271556,-936539365,268306,0,38,120,98235,2772,51707,3,0
$$HAR,13:54:29,420271578,-936539384,268601,0,32,129,98235,2772,51682,3,0
$$HAR,13:54:32,420271598,-936539410,268643,0,99,155,98234,2771,51729,3,0
$$HAR,13:54:35,420271625,-936539440,269015,0,37,146,98234,2771,51760,3,0
$$HAR,13:54:38,420271633,-936539456,268874,0,91,120,98235,2772,51770,3,0
$$HAR,13:54:41,420271628,-936539463,269040,0,33,108,98234,2773,51824,3,0
$$HAR,13:54:44,420271630,-936539472,269292,0,29,108,98235,2770,52059,3,0
$$HAR,13:54:47,420271628,-936539487,269465,0,47,123,98234,2767,52611,3,0
$$HAR,13:54:50,420271609,-936539475,268724,0,115,115,98235,2764,53079,3,0
$$HAR,13:54:53,420271603,-936539475,268334,0,16,122,98234,2761,53293,3,0
$$HAR,13:54:56,420271600,-936539483,268036,0,4,115,98232,2758,53670,3,0
$$HAR,13:54:59,420271590,-936539467,267814,0,44,118,98234,2755,53907,3,0
$$HAR,13:55:2,420271575,-936539460,267611,0,36,106,98234,2753,53944,3,0
$$HAR,13:55:5,420271539,-936539428,266709,0,54,108,98234,2751,53959,3,0
$$HAR,13:55:8,420271514,-936539417,266141,0,54,107,98234,2749,53969,3,0
$$HAR,13:55:11,420271493,-936539412,265645,0,80,113,98237,2748,53946,3,0
$$HAR,13:55:14,420271455,-936539387,265354,0,140,122,98235,2747,54023,3,0
$$HAR,13:55:17,420271430,-936539381,265031,0,88,128,98237,2746,53790,3,0
$$HAR,13:55:20,420271407,-936539370,264448,0,116,137,98235,2745,53584,3,0
$$HAR,13:55:23,420271402,-936539376,264456,0,41,150,98235,2745,53372,3,0
$$HAR,13:55:26,420271399,-936539383,264572,0,62,167,98237,2745,52995,3,0
$$HAR,13:55:29,420271383,-936539376,264479,0,71,155,98237,2744,52695,3,0
$$HAR,13:55:32,420271378,-936539356,264343,0,111,123,98237,2744,52490,3,0
$$HAR,13:55:35,420271365,-936539347,264557,0,37,122,98234,2744,52343,3,0
$$HAR,13:55:38,420271352,-936539335,264864,0,34,107,98234,2743,52280,3,0
$$HAR,13:55:41,420271366,-936539333,265290,0,185,106,98234,2743,52230,3,0
$$HAR,13:55:44,420271365,-936539325,265022,0,46,106,98235,2742,52162,3,0
$$HAR,13:55:47,420271365,-936539338,264909,0,88,111,98235,2742,52125,3,0
$$HAR,13:55:50,420271368,-936539336,264473,0,21,120,98234,2743,52135,3,0
$$HAR,13:55:53,420271399,-936539360,265234,0,42,123,98234,2743,52230,3,0
$$HAR,13:55:56,420271410,-936539358,265401,0,24,123,98234,2744,52420,3,0
$$HAR,13:55:59,420271426,-936539381,265729,0,45,132,98237,2744,52630,3,0
$$HAR,13:56:2,420271447,-936539394,265995,0,37,122,98237,2745,52854,3,0
$$HAR,13:56:5,420271470,-936539387,266301,0,44,155,98237,2747,53063,3,0
$$HAR,13:56:8,420271489,-936539399,266765,0,40,117,98237,2748,53389,3,0
$$HAR,13:56:11,420271498,-936539411,267152,0,64,123,98239,2748,53638,3,0
$$HAR,13:56:14,420271508,-936539411,267311,0,22,109,98237,2749,53874,3,0
$$HAR,13:56:17,420271524,-936539409,267629,0,23,127,98235,2750,54115,3,0
$$HAR,13:56:20,420271529,-936539410,267444,0,18,117,98237,2750,54366,3,0
$$HAR,13:56:23,420271536,-936539410,267321,0,53,122,98237,2751,54629,3,0
$$HAR,13:56:26,420271543,-936539400,266739,0,66,107,98237,2751,54733,3,0
$$HAR,13:56:29,420271553,-936539407,266604,0,91,113,98237,2751,54468,3,0
$$HAR,13:56:32,420271543,-936539410,266347,0,41,107,98237,2751,54224,3,0
$$HAR,13:56:35,420271555,-936539407,266293,0,141,109,98237,2750,54205,3,0
$$HAR,13:56:38,420271569,-936539413,266478,0,110,109,98239,2750,54249,3,0
$$HAR,13:56:41,420271574,-936539418,266751,0,42,109,98237,2749,54117,3,0
$$HAR,13:56:44,420271583,-936539420,266889,0,75,109,98237,2745,53923,3,0
$$HAR,13:56:47,420271607,-936539427,267321,0,97,103,98235,2743,53910,3,0
$$HAR,13:56:50,420271623,-936539430,267423,0,83,109,98235,2742,53927,3,0
$$HAR,13:56:53,420271625,-936539414,267326,0,22,109,98237,2741,53927,3,0
$$HAR,13:56:56,420271624,-936539412,267488,0,32,109,98237,2740,53920,3,0
$$HAR,13:56:59,420271624,-936539391,267447,0,42,109,98237,2740,53989,3,0
$$HAR,13:57:2,420271627,-936539388,267519,0,60,110,98235,2739,54030,3,0
$$HAR,13:57:5,420271633,-936539401,267802,0,95,102,98237,2739,53980,3,0
$$HAR,13:57:8,420271643,-936539403,267874,0,33,111,98237,2739,53968,3,0
$$HAR,13:57:11,420271647,-936539396,267986,0,71,137,98237,2739,53897,3,0
$$HAR,13:57:14,420271633,-936539386,267525,0,97,107,98235,2740,53816,3,0
$$HAR,13:57:17,420271615,-936539390,267371,0,46,125,98237,2740,53766,3,1
$$HAR,13:57:20,420271585,-936539389,267077,0,95,125,98237,2741,53739,3,0
$$HAR,13:57:23,420271529,-936539386,266171,0,123,131,98237,2742,53727,3,0
$$HAR,13:57:26,420271502,-936539393,265606,0,136,125,98235,2743,53781,3,0
$$HAR,13:57:29,420271513,-936539398,265704,0,34,119,98239,2744,53923,3,0
$$HAR,13:57:32,420271513,-936539409,265693,0,74,116,98237,2745,54348,3,0
$$HAR,13:57:35,420271516,-936539405,265913,0,36,116,98237,2747,54403,3,0
$$HAR,13:57:38,420271508,-936539403,265863,0,170,128,98239,2748,54140,3,0
$$HAR,13:57:41,420271506,-936539403,265839,0,21,117,98237,2750,54101,3,0
$$HAR,13:57:44,420271512,-936539412,265796,0,19,117,98237,2751,54107,3,0
$$HAR,13:57:47,420271516,-936539417,265712,0,27,117,98239,2752,54368,3,0
$$HAR,13:57:50,420271519,-936539439,265545,0,43,118,98237,2754,54565,3,0
$$HAR,13:57:53,420271517,-936539457,265357,0,22,118,98239,2755,54722,3,0
$$HAR,13:57:56,420271517,-936539467,265478,0,39,108,98239,2756,54591,3,0
$$HAR,13:57:59,420271508,-936539484,265633,0,58,118,98237,2758,54422,3,0
$$HAR,13:58:2,420271511,-936539498,265870,0,59,118,98237,2759,54197,3,0
$$HAR,13:58:5,420271509,-936539518,266377,0,23,118,98237,2761,54333,3,0
$$HAR,13:58:8,420271496,-936539520,266142,0,17,120,98241,2762,54648,3,0
$$HAR,13:58:11,420271476,-936539540,265566,0,45,111,98239,2764,54696,3,0
$$HAR,13:58:14,420271495,-936539554,265470,0,66,109,98241,2765,54578,3,0
$$HAR,13:58:17,420271506,-936539568,265405,0,17,131,98241,2765,54475,3,0
$$HAR,13:58:20,420271505,-936539557,264858,0,140,141,98239,2766,54667,3,0
$$HAR,13:58:23,420271514,-936539543,264261,0,36,120,98241,2765,54707,3,0
$$HAR,13:58:26,420271520,-936539529,264513,0,47,150,98241,2762,54345,3,0
$$HAR,13:58:29,420271512,-936539542,264604,0,58,118,98239,2759,53920,3,0
$$HAR,13:58:32,420271501,-936539537,264526,0,101,105,98237,2755,53796,3,0
$$HAR,13:58:35,420271486,-936539543,264726,0,90,121,98239,2750,53332,3,0
$$HAR,13:58:38,420271473,-936539547,265246,0,98,121,98241,2744,53123,3,0
$$HAR,13:58:41,420271465,-936539532,265880,0,131,121,98239,2737,53012,3,0
$$HAR,13:58:44,420271463,-936539526,266290,0,50,107,98239,2731,53305,3,0
$$HAR,13:58:47,420271438,-936539539,265432,0,53,107,98237,2726,53746,3,0
$$HAR,13:58:50,420271429,-936539547,265050,0,7,107,98239,2721,54145,3,0
$$HAR,13:58:53,420271427,-936539556,265130,0,34,107,98239,2717,54548,3,0
$$HAR,13:58:56,420271437,-936539554,265606,0,144,107,98237,2714,54926,3,0
$$HAR,13:58:59,420271428,-936539547,265829,0,92,111,98235,2711,55216,3,0
$$HAR,13:59:2,420271436,-936539528,266209,0,19,107,98235,2709,55407,3,0
$$HAR,13:59:5,420271438,-936539501,266800,0,91,114,98237,2709,55537,3,0
$$HAR,13:59:8,420271436,-936539475,267329,0,48,124,98235,2708,55423,3,0
$$HAR,13:59:11,420271452,-936539465,267903,0,60,114,98237,2707,55253,3,0
$$HAR,13:59:14,420271478,-936539453,268496,0,66,114,98237,2706,55354,3,0
$$HAR,13:59:17,420271493,-936539452,268657,0,96,103,98237,2706,55528,3,0
$$HAR,13:59:20,420271496,-936539448,268320,0,64,104,98237,2707,55526,3,0
$$HAR,13:59:23,420271519,-936539455,268900,0,56,103,98237,2707,55402,3,0
$$HAR,13:59:26,420271539,-936539466,269242,0,158,103,98237,2707,55436,3,0
$$HAR,13:59:29,420271622,-936539507,270039,0,108,103,98237,2706,55502,3,0
$$HAR,13:59:32,420271629,-936539514,270071,0,99,99,98239,2704,55506,3,0
$$HAR,13:59:35,420271614,-936539526,269500,0,139,114,98237,2703,55739,3,0
$$HAR,13:59:38,420271613,-936539527,268929,0,208,111,98239,2701,55901,3,0
$$HAR,13:59:41,420271584,-936539481,267833,0,99,117,98239,2700,55926,3,0
$$HAR,13:59:44,420271562,-936539446,267085,0,81,104,98241,2700,55901,3,0
$$HAR,13:59:47,420271549,-936539386,266707,0,15,106,98239,2699,55905,3,0
$$HAR,13:59:50,420271522,-936539370,265918,0,27,106,98239,2699,55942,3,0
$$HAR,13:59:53,420271492,-936539367,265000,0,44,106,98239,2699,55974,3,0
$$HAR,13:59:56,420271479,-936539360,264379,0,71,105,98239,2699,56008,3,0
$$HAR,13:59:59,420271473,-936539349,264127,0,29,106,98241,2700,56031,3,0
$$HAR,14:0:2,420271473,-936539352,264022,0,214,105,98239,2701,56044,3,1
$$HAR,14:0:5,420271457,-936539306,264189,20086176,337,105,98241,2702,56062,3,0
$$HAR,14:0:8,420271421,-936539318,264034,20086176,147,117,98241,2704,56084,3,0
$$HAR,14:0:11,420271400,-936539349,263975,20086176,254,130,98243,2706,56066,3,0
$$HAR,14:0:14,420271366,-936539350,263453,20086176,167,105,98243,2708,56070,3,0
$$HAR,14:0:17,420271373,-936539375,263258,20086176,38,103,98243,2710,56052,3,0
$$HAR,14:0:20,420271404,-936539379,263117,20086176,122,103,98245,2712,56023,3,0
$$HAR,14:0:23,420271420,-936539410,263436,20086176,113,103,98243,2715,56005,3,0
$$HAR,14:0:26,420271427,-936539440,263622,20086176,81,103,98243,2718,55974,3,0
$$HAR,14:0:29,420271448,-936539433,263730,30545912,47,110,98243,2721,55935,3,0
$$HAR,14:0:32,420271440,-936539445,263763,30545912,173,110,98241,2723,55912,3,0
$$HAR,14:0:35,420271421,-936539449,263814,30545912,88,110,98243,2726,55894,3,0
$$HAR,14:0:38,420271429,-936539431,263642,30545912,163,128,98243,2729,55848,3,0
$$HAR,14:0:41,420271426,-936539446,263348,30545912,10,120,98243,2732,55805,3,0
$$HAR,14:0:44,420271416,-936539454,262972,30545912,37,120,98243,2735,55750,3,0
$$HAR,14:0:47,420271410,-936539476,262708,30545912,54,102,98239,2738,55695,3,0
$$HAR,14:0:50,420271417,-936539512,262378,30545912,70,110,98241,2740,55659,3,0
$$HAR,14:0:53,420271424,-936539529,262206,30545912,81,109,98239,2743,55639,3,0
$$HAR,14:0:56,420271437,-936539524,262186,30545912,65,110,98243,2746,55587,3,0
$$HAR,14:0:59,420271460,-936539520,262422,30545912,58,119,98241,2749,55537,3,0
$$HAR,14:1:2,420271493,-936539529,262962,30545912,72,110,98239,2751,55489,3,0
$$HAR,14:1:5,420271521,-936539528,263225,30545912,22,113,98241,2754,55448,3,0
$$HAR,14:1:8,420271545,-936539530,263358,30545912,175,103,98239,2757,55430,3,0
$$HAR,14:1:11,420271542,-936539503,263215,30545912,312,111,98241,2760,55391,3,0
$$HAR,14:1:14,420271538,-936539482,263164,30545912,64,120,98241,2763,55341,3,0
$$HAR,14:1:17,420271558,-936539468,263542,30545912,21,104,98241,2766,55293,3,0
$$HAR,14:1:20,420271575,-936539460,264064,30545912,91,104,98241,2768,55244,3,0
$$HAR,14:1:23,420271579,-936539435,264394,30545912,100,106,98239,2771,55194,3,0
$$HAR,14:1:26,420271581,-936539443,264752,30545912,8,104,98241,2774,55172,3,0
$$HAR,14:1:29,420271566,-936539438,264524,30545912,51,102,98239,2777,55117,3,0
$$HAR,14:1:32,420271537,-936539451,264194,30545912,67,102,98241,2780,55098,3,0
$$HAR,14:1:35,420271491,-936539460,263612,30545912,156,116,98243,2782,55085,3,0
$$HAR,14:1:38,420271478,-936539448,263576,30545912,98,111,98241,2785,55049,3,0
$$HAR,14:1:41,420271477,-936539426,264219,30545912,93,111,98241,2788,54988,3,0
$$HAR,14:1:44,420271453,-936539415,264216,30545912,116,113,98239,2791,54951,3,0
$$HAR,14:1:47,420271415,-936539415,264190,30545912,60,113,98239,2794,54918,3,0
$$HAR,14:1:50,420271397,-936539413,264078,30545912,103,113,98241,2796,54894,3,0
$$HAR,14:1:53,420271387,-936539386,263556,30545912,154,113,98241,2799,54859,3,0
$$HAR,14:1:56,420271381,-936539360,263236,30545912,16,113,98239,2802,54813,3,0
$$HAR,14:1:59,420271376,-936539362,263372,30545912,124,113,98241,2804,54791,3,0
$$HAR,14:2:2,420271374,-936539351,263688,30545912,152,111,98239,2807,54790,3,0
$$HAR,14:2:5,420271404,-936539359,264353,30545912,193,105,98237,2809,54748,3,0
$$HAR,14:2:8,420271429,-936539315,263885,30545912,539,111,98241,2812,54681,3,0
$$HAR,14:2:11,420271469,-936539319,264572,24757884,389,119,98241,2815,54642,3,0
$$HAR,14:2:14,420271442,-936539354,265448,24757884,78,123,98239,2817,54587,3,0
$$HAR,14:2:17,420271423,-936539348,265825,24757884,27,116,98241,2820,54579,3,0
$$HAR,14:2:20,420271445,-936539344,266328,24757884,59,116,98239,2823,54531,3,0
$$HAR,14:2:23,420271424,-936539362,266084,24757884,114,123,98237,2826,54526,3,0
$$HAR,14:2:26,420271448,-936539348,266338,24757884,184,133,98241,2828,54516,3,0
$$HAR,14:2:29,420271507,-936539336,267064,24757884,50,133,98241,2831,54504,3,0
$$HAR,14:2:32,420271482,-936539324,267059,24757884,156,126,98241,2834,54484,3,0
$$HAR,14:2:35,420271453,-936539286,267005,17826870,809,126,98239,2837,54428,3,0
$$HAR,14:2:38,420271520,-936539258,266120,5076219,86,121,98239,2840,54375,3,0
$$HAR,14:2:41,420271490,-936539233,265595,8558442,926,152,98239,2843,54346,3,0
$$HAR,14:2:44,420271678,-936539017,265634,931167,1222,126,98241,2845,54317,3,0
$$HAR,14:2:47,420272045,-936539021,265946,886702,1395,127,98241,2849,54308,3,0
$$HAR,14:2:50,420272439,-936538834,265028,2451002,1632,132,98239,2852,54262,3,0
$$HAR,14:2:53,420272834,-936538612,264219,1989435,1527,132,98241,2855,54227,3,0
$$HAR,14:2:56,420273250,-936538468,263706,1337884,1420,124,98241,2858,54184,3,0
$$HAR,14:2:59,420273622,-936538307,261694,1923214,739,126,98243,2861,54153,3,0
$$HAR,14:3:2,420273829,-936538431,262579,32445694,612,130,98243,2863,54118,3,0
$$HAR,14:3:5,420273820,-936538469,263004,32445694,177,117,98245,2867,54044,3,0
$$HAR,14:3:8,420273838,-936538446,263277,32445694,112,117,98245,2870,53968,3,0
$$HAR,14:3:11,420273828,-936538438,263385,32445694,188,117,98247,2872,53927,3,0
$$HAR,14:3:14,420273789,-936538439,263618,26223030,628,117,98247,2875,53881,3,0
$$HAR,14:3:17,420273554,-936538462,263798,17209272,961,117,98247,2878,53818,3,0
$$HAR,14:3:20,420273422,-936538272,263860,16145100,426,116,98249,2881,53729,3,0
$$HAR,14:3:23,420273210,-936538149,263869,15185444,979,116,98247,2884,53655,3,0
$$HAR,14:3:26,420272940,-936538093,263925,17064510,989,116,98245,2887,53589,3,0
$$HAR,14:3:29,420272816,-936538057,264023,17080288,156,116,98243,2890,53571,3,0
$$HAR,14:3:32,420272828,-936538049,264167,17080288,83,116,98247,2893,53529,3,0
$$HAR,14:3:35,420272795,-936538098,265935,17080288,445,129,98245,2896,53466,3,0
$$HAR,14:3:38,420272805,-936538101,265686,17080288,140,123,98245,2899,53406,3,0
$$HAR,14:3:41,420272844,-936538155,265287,17080288,36,123,98245,2901,53398,3,0
$$HAR,14:3:44,420272835,-936538142,264680,17080288,189,112,98243,2904,53353,3,0
$$HAR,14:3:47,420272833,-936538109,263760,17080288,232,112,98245,2907,53341,3,0
$$HAR,14:3:50,420272835,-936538174,263854,26257034,1003,112,98247,2909,53342,3,0
$$HAR,14:3:53,420272658,-936538627,264145,23723048,1571,109,98247,2912,53321,3,0
$$HAR,14:3:56,420272325,-936539003,264314,21915720,1358,109,98247,2915,53269,3,0
$$HAR,14:3:59,420271942,-936539194,265189,19622752,1414,109,98247,2918,53205,3,0
$$HAR,14:4:2,420271693,-936539400,266453,21374024,1273,109,98249,2921,53168,3,0
$$HAR,14:4:5,420271543,-936539487,267182,20803802,84,114,98247,2924,53108,3,0
$$HAR,14:4:8,420271523,-936539507,266949,20803802,137,109,98249,2927,53061,3,0
$$HAR,14:4:11,420271493,-936539544,266817,20803802,82,115,98247,2929,52973,3,0
$$HAR,14:4:14,420271500,-936539566,266831,20803802,61,109,98247,2932,52878,3,0
$$HAR,14:4:17,420271471,-936539557,265447,20803802,221,115,98249,2935,52814,3,0
$$HAR,14:4:20,420271423,-936539527,265375,20068848,70,118,98247,2937,52806,3,0
$$HAR,14:4:23,420271436,-936539543,264474,22794204,127,124,98247,2940,52791,3,0
$$HAR,14:4:26,420271429,-936539521,264442,21050700,73,114,98245,2943,52762,3,1
$$HAR,14:4:29,420271428,-936539522,264836,21050700,193,114,98249,2945,52711,3,0
$$HAR,14:4:32,420271439,-936539524,264881,20037000,125,123,98249,2947,52631,3,0
$$HAR,14:4:35,420271439,-936539520,264953,20037000,109,126,98249,2950,52577,3,0
$$HAR,14:4:38,420271476,-936539512,265428,28862520,72,123,98249,2952,52578,3,0
$$HAR,14:4:41,420271449,-936539529,265180,24693044,23,129,98247,2954,52576,3,0
$$HAR,14:4:44,420271434,-936539526,265226,24693044,34,129,98247,2956,52489,3,0
$$HAR,14:4:47,420271417,-936539514,265103,21323174,194,135,98245,2958,52471,3,0
$$HAR,14:4:50,420271418,-936539498,265095,21323174,101,135,98249,2960,52474,3,0
$$HAR,14:4:53,420271430,-936539465,265137,21323174,168,135,98247,2963,52442,3,0
$$HAR,14:4:56,420271437,-936539436,265625,21323174,112,135,98249,2965,52349,3,0
$$HAR,14:4:59,420271435,-936539427,265561,21323174,39,153,98249,2967,52308,3,0
$$HAR,14:5:2,420271428,-936539423,265464,21323174,115,129,98247,2969,52335,3,0
$$HAR,14:5:5,420271441,-936539419,265629,21323174,29,129,98247,2971,52317,3,0
$$HAR,14:5:8,420271464,-936539409,265622,21323174,115,130,98245,2973,52261,3,0
$$HAR,14:5:11,420271478,-936539386,265932,21323174,32,123,98247,2975,52206,3,0
$$HAR,14:5:14,420271527,-936539348,265839,29906408,157,137,98247,2977,52164,3,0
$$HAR,14:5:17,420271557,-936539360,265724,29906408,106,123,98247,2979,52154,3,0
$$HAR,14:5:20,420271569,-936539379,265565,29906408,33,123,98245,2982,52117,3,0
$$HAR,14:5:23,420271590,-936539375,265232,29906408,99,123,98245,2984,52119,3,0
$$HAR,14:5:26,420271610,-936539375,265181,29906408,74,133,98245,2986,52101,3,0
$$HAR,14:5:29,420271599,-936539406,265254,29906408,42,123,98245,2989,52089,3,0
$$HAR,14:5:32,420271559,-936539415,264521,20972306,229,130,98243,2991,52061,3,0
$$HAR,14:5:35,420271544,-936539453,264704,20972306,281,123,98247,2993,52000,3,0
$$HAR,14:5:38,420271513,-936539471,264434,20972306,139,123,98247,2996,51972,3,0
$$HAR,14:5:41,420271525,-936539471,264311,20972306,112,123,98245,2998,51885,3,0
$$HAR,14:5:44,420271507,-936539466,264342,20972306,125,123,98245,3000,51818,3,0
$$HAR,14:5:47,420271523,-936539467,264674,24077562,83,123,98243,3003,51795,3,0
$$HAR,14:5:50,420271494,-936539472,265063,24077562,23,123,98243,3005,51769,3,0
$$HAR,14:5:53,420271489,-936539487,265230,24077562,65,123,98245,3007,51716,3,0
$$HAR,14:5:56,420271480,-936539510,265389,24077562,101,153,98247,3010,51653,3,1
$$HAR,14:5:59,420271472,-936539514,265726,24077562,157,137,98247,3012,51611,3,0
$$HAR,14:6:2,420271466,-936539517,265848,24077562,88,123,98245,3015,51615,3,0
$$HAR,14:6:5,420271468,-936539526,266073,24077562,34,137,98245,3017,51586,3,0
$$HAR,14:6:8,420271475,-936539535,266158,24077562,36,123,98245,3019,51551,3,0
$$HAR,14:6:11,420271475,-936539533,266683,24077562,108,123,98243,3021,51552,3,0
$$HAR,14:6:14,420271482,-936539525,267106,24077562,40,116,98245,3024,51543,3,0
$$HAR,14:6:17,420271488,-936539521,267148,24077562,85,134,98247,3026,51461,3,0
$$HAR,14:6:20,420271511,-936539520,267336,24077562,95,116,98247,3028,51438,3,0
$$HAR,14:6:23,420271538,-936539520,267609,24077562,102,116,98245,3031,51416,3,0
$$HAR,14:6:26,420271555,-936539524,268027,24077562,91,127,98245,3033,51385,3,0
$$HAR,14:6:29,420271555,-936539515,268206,24077562,18,117,98245,3035,51363,3,0
$$HAR,14:6:32,420271562,-936539489,268113,24077562,89,108,98245,3037,51339,3,0
$$HAR,14:6:35,420271676,-936539517,266972,28906400,449,108,98243,3039,51304,3,1
$$HAR,14:6:38,420271786,-936539515,266189,35881536,278,108,98243,3041,51250,3,0
$$HAR,14:6:41,420271810,-936539508,266532,35881536,358,103,98247,3044,51236,3,0
$$HAR,14:6:44,420271789,-936539483,265996,35881536,150,103,98247,3046,51177,3,0
$$HAR,14:6:47,420271799,-936539475,266125,35881536,186,103,98245,3048,51159,3,0
$$HAR,14:6:50,420271807,-936539478,265904,35881536,38,116,98243,3050,51105,3,0
$$HAR,14:6:53,420271790,-936539447,266062,6122645,63,109,98241,3053,51044,3,0
$$HAR,14:6:56,420271803,-936539447,266350,6122645,67,103,98239,3055,51014,3,0
$$HAR,14:6:59,420271833,-936539494,266231,6122645,19,103,98239,3057,50991,3,0
$$HAR,14:7:2,420271840,-936539496,266605,6122645,43,102,98241,3059,50985,3,0
$$HAR,14:7:5,420271844,-936539508,266835,6122645,74,104,98241,3061,50956,3,0
$$HAR,14:7:8,420271931,-936539387,267243,4811725,415,104,98243,3063,50936,3,0
$$HAR,14:7:11,420272054,-936539288,267369,2189182,862,102,98243,3065,50922,3,0
$$HAR,14:7:14,420272282,-936539211,266941,1266263,875,102,98243,3067,50914,3,0
$$HAR,14:7:17,420272462,-936539070,267161,3445405,857,102,98245,3069,50879,3,0
$$HAR,14:7:20,420272665,-936538924,267231,3036223,1007,118,98245,3071,50863,3,0
$$HAR,14:7:23,420272917,-936538774,267634,2166595,935,130,98245,3073,50809,3,0
$$HAR,14:7:26,420273134,-936538623,268491,1910654,1044,105,98247,3075,50771,3,0
$$HAR,14:7:29,420273402,-936538546,269027,1315099,1071,105,98249,3077,50736,3,0
$$HAR,14:7:32,420273695,-936538483,269074,188003,1107,105,98249,3079,50722,3,0
$$HAR,14:7:35,420273996,-936538514,268972,35864484,1133,105,98249,3080,50703,3,0
$$HAR,14:7:38,420274304,-936538504,267602,600929,1226,105,98249,3082,50665,3,0
$$HAR,14:7:41,420274570,-936538477,267151,639067,984,105,98245,3084,50636,3,0
$$HAR,14:7:44,420274737,-936538502,266732,564235,705,105,98245,3086,50567,3,0
$$HAR,14:7:47,420274746,-936538472,266865,564235,130,105,98245,3087,50514,3,0
$$HAR,14:7:50,420274749,-936538488,266722,564235,70,105,98245,3089,50454,3,0
$$HAR,14:7:53,420274753,-936538484,266574,564235,20,105,98247,3091,50399,3,0
$$HAR,14:7:56,420274746,-936538495,266456,564235,62,105,98249,3093,50352,3,0
$$HAR,14:7:59,420274617,-936538445,260893,564235,77,110,98247,3094,50312,3,0
$$HAR,14:8:2,420274665,-936538543,260893,564235,36,108,98247,3096,50255,3,0
$$HAR,14:8:5,420274702,-936538470,261578,564235,69,108,98247,3098,50214,3,0
$$HAR,14:8:8,420274716,-936538448,262396,564235,59,108,98247,3100,50169,3,0
$$HAR,14:8:11,420274725,-936538440,262670,564235,52,108,98247,3101,50145,3,0
$$HAR,14:8:14,420274747,-936538422,262741,564235,97,108,98247,3103,50110,3,0
$$HAR,14:8:17,420274738,-936538478,263346,14368106,632,108,98247,3105,50053,3,0
$$HAR,14:8:20,420274634,-936538491,263116,16273852,72,108,98247,3107,50012,3,0
$$HAR,14:8:23,420274640,-936538472,262828,16273852,109,108,98249,3109,49953,3,0
$$HAR,14:8:26,420274656,-936538469,262880,16273852,49,108,98247,3110,49919,3,0
$$HAR,14:8:29,420274663,-936538477,263008,16273852,31,108,98247,3112,49909,3,0
$$HAR,14:8:32,420274663,-936538482,263139,16273852,20,103,98247,3114,49886,3,0
$$HAR,14:8:35,420274667,-936538503,263512,16273852,37,103,98247,3115,49846,3,0
$$HAR,14:8:38,420274666,-936538506,263286,16273852,50,106,98247,3117,49823,3,0
$$HAR,14:8:41,420274665,-936538493,263172,16273852,10,103,98247,3118,49803,3,0
$$HAR,14:8:44,420274654,-936538496,263030,16273852,34,103,98245,3120,49783,3,0
$$HAR,14:8:47,420274638,-936538496,263024,16273852,74,103,98245,3122,49746,3,0
$$HAR,14:8:50,420274634,-936538505,263057,16273852,84,103,98245,3123,49718,3,0
$$HAR,14:8:53,420274637,-936538487,262863,16273852,115,103,98247,3125,49655,3,0
$$HAR,14:8:56,420274647,-936538469,262610,16273852,133,103,98247,3127,49626,3,0
$$HAR,14:8:59,420274679,-936538452,262674,16273852,124,103,98245,3128,49626,3,0
$$HAR,14:9:2,420274689,-936538435,262913,16273852,120,103,98245,3130,49590,3,0
$$HAR,14:9:5,420274746,-936538410,262867,7992707,156,103,98245,3132,49492,3,0
$$HAR,14:9:8,420274767,-936538401,263037,7992707,108,103,98245,3134,49407,3,0
$$HAR,14:9:11,420274784,-936538378,263037,7992707,45,103,98245,3136,49332,3,0
$$HAR,14:9:14,420274773,-936538367,263873,7992707,200,109,98245,3137,49281,3,0
$$HAR,14:9:17,420274737,-936538405,264486,7992707,159,109,98243,3139,49247,3,0
$$HAR,14:9:20,420274737,-936538427,265009,7992707,75,117,98247,3141,49216,3,0
$$HAR,14:9:23,420274747,-936538435,265386,7992707,101,103,98243,3142,49184,3,0
$$HAR,14:9:26,420274737,-936538466,265530,7992707,21,103,98243,3144,49182,3,0
$$HAR,14:9:29,420274698,-936538443,264664,7992707,180,103,98243,3146,49156,3,0
$$HAR,14:9:32,420274723,-936538430,264394,7992707,292,103,98243,3148,49147,3,0
$$HAR,14:9:35,420274721,-936538464,264408,7992707,129,106,98241,3149,49099,3,0
$$HAR,14:9:38,420274732,-936538480,264661,7992707,195,103,98241,3151,49046,3,0
$$HAR,14:9:41,420274781,-936538424,265363,7992707,21,103,98241,3153,48988,3,0
$$HAR,14:9:44,420274786,-936538401,265384,7992707,83,103,98237,3155,48913,3,1
$$HAR,14:9:47,420274652,-936538187,275109,14708084,1778,100,98237,3156,48884,3,0
$$HAR,14:9:50,420274158,-936536278,292698,7639737,8775,96,98196,3158,48868,3,0
$$HAR,14:9:53,420274678,-936534368,315964,11684874,3576,96,98119,3160,48692,3,0
$$HAR,14:9:56,420272886,-936533294,334278,11094660,5182,96,97998,3162,48354,3,0
$$HAR,14:9:59,420273794,-936531948,354689,2845772,5266,96,97850,3164,47276,3,0
$$HAR,14:10:2,420273810,-936529342,375795,12915552,10712,96,97683,3166,46357,3,0
$$HAR,14:10:5,420273070,-936528321,396817,35929760,4077,96,97503,3167,45593,3,0
$$HAR,14:10:8,420273172,-936527044,418938,14423106,9461,96,97306,3169,44533,3,0
$$HAR,14:10:11,420271465,-936524855,439474,11357960,4030,95,97100,3170,43814,3,0
$$HAR,14:10:14,420271147,-936522762,463254,8466394,7501,95,96890,3172,43403,3,0
$$HAR,14:10:17,420270813,-936521588,484148,17051390,7719,95,96662,3173,42957,3,0
$$HAR,14:10:20,420268353,-936519175,500504,11863026,13676,95,96443,3175,42618,3,0
$$HAR,14:10:23,420268173,-936515175,521112,8555846,6883,95,96231,3176,42219,3,0
$$HAR,14:10:26,420266451,-936513007,540249,14901276,14126,95,96015,3178,41432,3,0
$$HAR,14:10:29,420265087,-936510015,563398,8271917,8089,95,95799,3179,40669,3,0
$$HAR,14:10:32,420265569,-936506930,582961,9751090,6431,95,95577,3180,39817,3,0
$$HAR,14:10:35,420263965,-936504636,602796,13662890,10733,96,95355,3181,38541,3,0
$$HAR,14:10:38,420263100,-936502498,623079,5763736,6097,94,95144,3182,37766,3,0
$$HAR,14:10:41,420263234,-936499351,644648,11918698,12732,94,94918,3182,37060,3,0
$$HAR,14:10:44,420261159,-936496838,663891,13751920,3674,94,94690,3183,35957,3,0
$$HAR,14:10:47,420261685,-936495022,684639,8172737,10731,94,94467,3183,34900,3,0
$$HAR,14:10:50,420260458,-936490915,704428,13820594,11273,94,94239,3184,34334,3,0
$$HAR,14:10:53,420259687,-936489617,725682,4885261,5217,94,94020,3185,33642,3,0
$$HAR,14:10:56,420260133,-936486189,745456,10735336,12713,94,93794,3185,33326,3,0
$$HAR,14:10:59,420258430,-936483989,765246,15893566,3382,94,93571,3186,33063,3,0
$$HAR,14:11:2,420258713,-936482846,783843,6363668,7691,94,93355,3186,32543,3,0
$$HAR,14:11:5,420258326,-936479521,806129,12700568,11349,94,93135,3187,32187,3,0
$$HAR,14:11:8,420257032,-936477987,828044,8921316,3838,94,92914,3187,31648,3,0
$$HAR,14:11:11,420257953,-936474948,847357,10148394,11858,94,92690,3187,30919,3,0
$$HAR,14:11:14,420256373,-936472062,868064,14061780,5754,94,92469,3188,30238,3,0
$$HAR,14:11:17,420256670,-936470460,888426,5802659,9030,94,92247,3188,29925,3,0
$$HAR,14:11:20,420256463,-936466698,910154,13359564,10465,94,92028,3188,29611,3,0
$$HAR,14:11:23,420255072,-936465614,930414,16028070,1578,94,91810,3189,29596,3,0
$$HAR,14:11:26,420255636,-936463132,952427,9553512,10243,94,91587,3189,29915,3,0
$$HAR,14:11:29,420253909,-936460067,972417,12846094,8697,91,91365,3190,30169,3,0
$$HAR,14:11:32,420254454,-936458276,991675,4361396,7642,91,91140,3190,30416,3,0
$$HAR,14:11:35,420254002,-936455094,1014084,12953746,13996,91,90927,3191,30511,3,0
$$HAR,14:11:38,420253083,-936452984,1035294,5207516,4185,91,90709,3191,30483,3,0
$$HAR,14:11:41,420252861,-936451892,1055766,14293326,8834,91,90488,3191,30489,3,0
$$HAR,14:11:44,420251737,-936450020,1079749,7945686,9024,91,90280,3192,30288,3,0
$$HAR,14:11:47,420252136,-936445829,1100050,10424180,9870,91,90057,3192,30109,3,0
$$HAR,14:11:50,420250820,-936444017,1121202,14190230,6081,91,89837,3192,29880,3,0
$$HAR,14:11:53,420251054,-936440725,1141198,6632792,13339,91,89610,3193,29812,3,1
$$HAR,14:11:56,420251489,-936437146,1161369,11080788,9119,91,89391,3193,29645,3,0
$$HAR,14:11:59,420249965,-936435211,1183274,9967918,5114,92,89172,3193,29449,3,0
$$HAR,14:12:2,420250996,-936432427,1200529,6309474,10393,92,88953,3194,29395,3,0
$$HAR,14:12:5,420250445,-936429344,1222204,13458088,11460,92,88747,3194,29216,3,0
$$HAR,14:12:8,420249648,-936427762,1243680,9843334,1861,92,88527,3195,29112,3,0
$$HAR,14:12:11,420250226,-936425911,1264187,8449494,10027,92,88308,3195,29285,3,0
$$HAR,14:12:14,420249569,-936421523,1285188,12643116,9602,92,88093,3196,29260,3,0
$$HAR,14:12:17,420248721,-936420640,1305520,8186905,643,89,87878,3196,29237,3,0
$$HAR,14:12:20,420248629,-936417569,1327923,10366790,15119,89,87663,3197,29136,3,1
$$HAR,14:12:23,420246840,-936414461,1346882,17346956,6264,89,87451,3197,28930,3,0
$$HAR,14:12:26,420246649,-936413645,1365599,7203738,7805,89,87239,3197,28781,3,0
$$HAR,14:12:29,420246119,-936410087,1387146,12534664,12847,89,87030,3197,28464,3,0
$$HAR,14:12:32,420244791,-936408648,1408459,11311482,2841,89,86821,3198,28360,3,0
$$HAR,14:12:35,420245579,-936405686,1427955,9095508,11711,89,86608,3198,28072,3,1
$$HAR,14:12:38,420244940,-936402419,1450526,12299668,6736,89,86401,3199,27647,3,0
$$HAR,14:12:41,420244138,-936401777,1470755,18688322,3848,89,86195,3199,27443,3,0
$$HAR,14:12:44,420242381,-936400016,1490443,11463962,13520,89,85988,3200,27326,3,0
$$HAR,14:12:47,420241996,-936396765,1512311,12818668,3698,89,85782,3200,27127,3,0
$$HAR,14:12:50,420240488,-936396380,1533358,13804192,4243,89,85569,3200,26957,3,0
$$HAR,14:12:53,420240738,-936394726,1555221,13374916,4151,89,85354,3201,26865,3,0
$$HAR,14:12:56,420238566,-936392987,1577233,13349650,10953,89,85146,3201,26833,3,0
$$HAR,14:12:59,420238232,-936391487,1596871,1374978,2643,89,84933,3202,26706,3,0
$$HAR,14:13:2,420237806,-936390079,1618430,11815528,10969,93,84716,3203,26643,3,0
$$HAR,14:13:5,420236201,-936386847,1638712,14420096,5984,87,84505,3203,26495,3,0
$$HAR,14:13:8,420235548,-936386751,1659419,18306312,510,87,84292,3204,26423,3,0
$$HAR,14:13:11,420235015,-936384348,1680082,12209844,13168,87,84088,3204,26276,3,0
$$HAR,14:13:14,420232827,-936382358,1701445,17621498,5313,92,83883,3204,26139,3,0
$$HAR,14:13:17,420232195,-936382126,1723247,10843012,7027,87,83676,3205,26187,3,1
$$HAR,14:13:20,420230326,-936378755,1744226,15161660,12266,87,83467,3205,26006,3,0
$$HAR,14:13:23,420227994,-936378413,1763996,18909754,3598,87,83256,3205,25778,3,0
$$HAR,14:13:26,420227380,-936376771,1786587,10864568,10153,87,83049,3205,25680,3,0
$$HAR,14:13:29,420225123,-936373489,1808005,16309972,10062,87,82843,3205,25512,3,0
$$HAR,14:13:32,420224097,-936373279,1828712,8363971,3769,87,82630,3205,25197,3,0
$$HAR,14:13:35,420222843,-936370146,1850784,14062440,14876,87,82420,3205,24862,3,0
$$HAR,14:13:38,420220154,-936369011,1871629,17767372,4035,87,82207,3205,24365,3,0
$$HAR,14:13:41,420219862,-936367068,1891243,10693470,11386,87,81998,3205,23968,3,0
$$HAR,14:13:44,420217456,-936364056,1913232,16270770,11417,87,81798,3205,23710,3,1
$$HAR,14:13:47,420216278,-936363136,1936480,8529966,7580,87,81591,3205,23367,3,0
$$HAR,14:13:50,420215468,-936358980,1955571,12906526,13328,87,81380,3205,23154,3,0
$$HAR,14:13:53,420212997,-936357319,1977584,15784558,6678,87,81177,3205,22839,3,0
$$HAR,14:13:56,420212706,-936354881,1998032,9407400,13292,87,80973,3205,22515,3,0
$$HAR,14:13:59,420210660,-936351799,2019962,17077946,9489,87,80766,3204,22215,3,0
$$HAR,14:14:2,420208671,-936350994,2040989,12661414,7788,87,80565,3204,21924,3,0
$$HAR,14:14:5,420208099,-936347387,2061227,10436692,10570,87,80363,3204,21733,3,0
$$HAR,14:14:8,420206182,-936346175,2082453,17417816,11167,87,80158,3204,21597,3,0
$$HAR,14:14:11,420204436,-936342596,2104672,9356426,13877,87,79957,3204,21555,3,0
$$HAR,14:14:14,420204052,-936339492,2123897,11469532,6309,87,79759,3204,21575,3,0
$$HAR,14:14:17,420202813,-936337607,2148135,12984146,9724,87,79562,3204,21613,3,0
$$HAR,14:14:20,420200652,-936333347,2169052,13637102,16124,87,79359,3204,21718,3,0
$$HAR,14:14:23,420199457,-936331606,2190426,8977044,3577,87,79154,3204,21845,3,0
$$HAR,14:14:26,420198931,-936328579,2211665,11287616,14164,87,78946,3205,21900,3,0
$$HAR,14:14:29,420196904,-936324786,2235424,14620356,7490,87,78749,3205,21869,3,0
$$HAR,14:14:32,420195583,-936324049,2255919,13029610,6863,87,78539,3205,21789,3,0
$$HAR,14:14:35,420194288,-936319871,2277535,12174368,14804,87,78330,3206,21652,3,0
$$HAR,14:14:38,420191661,-936317099,2297318,15200372,10682,87,78124,3206,21515,3,0
$$HAR,14:14:41,420190485,-936314486,2321311,7801699,10057,87,77925,3207,21411,3,0
$$HAR,14:14:44,420188940,-936311043,2344401,14862966,16040,87,77725,3207,21301,3,0
$$HAR,14:14:47,420186291,-936307368,2367626,9960514,10118,87,77520,3208,21274,3,0
$$HAR,14:14:50,420186185,-936304349,2387643,12723900,9000,87,77312,3208,21311,3,0
$$HAR,14:14:53,420183150,-936300938,2408993,13561108,17795,87,77105,3209,21397,3,0
$$HAR,14:14:56,420182007,-936296911,2430083,8348852,6763,87,76899,3209,21412,3,0
$$HAR,14:14:59,420180274,-936294951,2453178,14440300,14650,87,76702,3209,21334,3,0
$$HAR,14:15:2,420177194,-936291649,2475496,15613746,9340,87,76500,3210,21250,3,0
$$HAR,14:15:5,420176055,-936290957,2493805,11256270,5864,87,76297,3210,21161,3,0
$$HAR,14:15:8,420173789,-936287881,2516435,14736644,16222,87,76101,3211,21161,3,0
$$HAR,14:15:11,420170345,-936284783,2533758,14563746,14760,87,75904,3211,21072,3,0
$$HAR,14:15:14,420168194,-936282770,2558223,10845284,5458,89,75717,3211,20820,3,0
$$HAR,14:15:17,420166714,-936279108,2578749,12928868,17710,89,75523,3212,20612,3,0
$$HAR,14:15:20,420164709,-936275853,2600717,12812644,2541,89,75332,3212,20402,3,0
$$HAR,14:15:23,420163282,-936274571,2623739,13526354,15180,89,75134,3212,20000,3,0
$$HAR,14:15:26,420160290,-936270333,2643431,14765328,11645,89,74937,3212,19528,3,0
$$HAR,14:15:29,420158091,-936269502,2664560,15855462,6188,89,74741,3211,19412,3,0
$$HAR,14:15:32,420157217,-936266718,2684479,9739588,13148,89,74548,3211,19226,3,0
$$HAR,14:15:35,420155379,-936263182,2707485,15058708,10333,106,74360,3212,19067,3,0
$$HAR,14:15:38,420152629,-936262346,2725852,15877588,11084,100,74175,3212,18958,3,0
$$HAR,14:15:41,420151271,-936259443,2748023,10019012,10737,92,73984,3212,18912,3,0
$$HAR,14:15:44,420148490,-936256430,2770972,15401286,19177,92,73788,3212,18875,3,0
$$HAR,14:15:47,420146654,-936253029,2794373,7497972,6959,92,73593,3212,18422,3,0
$$HAR,14:15:50,420144792,-936251733,2815366,16910402,15048,92,73397,3212,17745,3,0
$$HAR,14:15:53,420141486,-936249631,2837024,12220636,11095,92,73198,3212,17260,3,0
$$HAR,14:15:56,420140476,-936246159,2859150,13804050,6036,92,73002,3211,17076,3,0
$$HAR,14:15:59,420137783,-936245386,2880583,15163520,14603,92,72806,3211,16928,3,0
$$HAR,14:16:2,420135888,-936241378,2902203,10222586,11995,92,72615,3211,16689,3,0
$$HAR,14:16:5,420134562,-936238471,2925082,14904410,8469,92,72425,3211,16558,3,0
$$HAR,14:16:8,420132270,-936237437,2947055,15167992,13337,92,72232,3211,16497,3,0
$$HAR,14:16:11,420130105,-936233355,2969994,9878302,9809,92,72036,3211,16441,3,0
$$HAR,14:16:14,420129047,-936232351,2991112,18594408,9385,92,71841,3211,16254,3,0
$$HAR,14:16:17,420126017,-936230036,3012880,12721962,15919,92,71651,3211,16088,3,0
$$HAR,14:16:20,420124767,-936226667,3033343,10435156,4399,92,71461,3211,15957,3,0
$$HAR,14:16:23,420122974,-936225553,3055238,15472672,12239,92,71272,3211,15785,3,0
$$HAR,14:16:26,420120103,-936221943,3075704,12039392,16756,92,71087,3211,15700,3,0
$$HAR,14:16:29,420118621,-936218835,3097481,16121592,5321,92,70897,3211,15710,3,0
$$HAR,14:16:32,420115552,-936217191,3118483,15342750,16923,92,70715,3211,15579,3,0
$$HAR,14:16:35,420112863,-936216131,3139583,18281920,6951,92,70530,3211,15474,3,0
$$HAR,14:16:38,420110229,-936213399,3163661,12223968,16817,92,70345,3211,15318,3,0
$$HAR,14:16:41,420107671,-936211380,3186034,18563294,10445,92,70157,3211,15183,3,0
$$HAR,14:16:44,420105878,-936209932,3206938,11550858,12803,92,69973,3211,14918,3,0
$$HAR,14:16:47,420103610,-936205511,3225507,14276072,15163,92,69790,3211,14733,3,0
$$HAR,14:16:50,420099999,-936203484,3247267,17604254,13782,92,69611,3211,14549,3,1
$$HAR,14:16:53,420097468,-936201845,3269968,12338752,14669,92,69433,3211,14529,3,0
$$HAR,14:16:56,420093644,-936197464,3290691,16304732,18754,92,69249,3210,14474,3,0
$$HAR,14:16:59,420089616,-936196784,3309242,16447734,11570,92,69068,3211,14276,3,0
$$HAR,14:17:2,420086848,-936193438,3330854,13340272,18553,92,68887,3211,14072,3,0
$$HAR,14:17:5,420082279,-936190762,3352347,17789126,17522,92,68707,3211,13725,3,0
$$HAR,14:17:8,420079391,-936189789,3373525,12735278,11019,92,68530,3211,13345,3,0
$$HAR,14:17:11,420075975,-936186075,3394992,15932892,19894,92,68351,3211,12932,3,0
$$HAR,14:17:14,420071371,-936184946,3417735,16625714,12917,92,68175,3211,12618,3,0
$$HAR,14:17:17,420068650,-936183440,3440659,13883166,10967,92,67995,3211,12345,3,0
$$HAR,14:17:20,420065256,-936179766,3458811,15636080,19655,93,67812,3212,12107,3,0
$$HAR,14:17:23,420061139,-936178960,3480360,18613324,10763,93,67634,3212,11848,3,0
$$HAR,14:17:26,420058844,-936177089,3501407,13443462,14238,93,67455,3212,11518,3,0
$$HAR,14:17:29,420054839,-936174207,3524074,17404056,15508,93,67282,3212,11189,3,0
$$HAR,14:17:32,420052153,-936174293,3544544,16188028,7106,93,67102,3213,10919,3,0
$$HAR,14:17:35,420049619,-936171459,3566245,14691064,16315,93,66926,3213,10721,3,0
$$HAR,14:17:38,420045038,-936169475,3584416,16298726,19292,93,66750,3212,10520,3,0
$$HAR,14:17:41,420041439,-936167831,3606002,17013326,8451,93,66578,3212,10088,3,0
$$HAR,14:17:44,420038855,-936165591,3627578,13521048,17142,93,66406,3212,9683,3,0
$$HAR,14:17:47,420035036,-936162369,3650307,17237990,15387,93,66236,3211,9596,3,0
$$HAR,14:17:50,420031309,-936162210,3673214,14933778,13061,93,66062,3211,9544,3,0
$$HAR,14:17:53,420028889,-936158860,3692771,14065190,9976,93,65882,3211,9416,3,0
$$HAR,14:17:56,420025111,-936157847,3715607,17847986,17666,93,65709,3211,9250,3,0
$$HAR,14:17:59,420022504,-936156481,3737484,14809178,3885,93,65531,3211,8918,3,0
$$HAR,14:18:2,420018387,-936155440,3760785,15844300,23646,93,65355,3210,8700,3,0
$$HAR,14:18:5,420014980,-936152532,3780883,13845508,10262,133,65178,3210,8592,3,0
$$HAR,14:18:8,420012155,-936150395,3799860,16783314,16815,94,65009,3210,8550,3,0
$$HAR,14:18:11,420007541,-936149316,3823429,14876058,14924,94,64837,3210,8531,3,0
$$HAR,14:18:14,420005307,-936146420,3844300,16458304,10028,94,64661,3210,8573,3,0
$$HAR,14:18:17,420001123,-936146311,3863310,16693604,18809,94,64486,3210,8620,3,0
$$HAR,14:18:20,419998081,-936143392,3884329,12325616,9788,94,64315,3209,8431,3,0
$$HAR,14:18:23,419995868,-936141759,3904062,17303466,11501,94,64143,3209,8300,3,0
$$HAR,14:18:26,419992287,-936140935,3926613,15262464,15375,94,63982,3209,8177,3,0
$$HAR,14:18:29,419989364,-936136892,3946604,12528486,11315,94,63814,3209,8135,3,0
$$HAR,14:18:32,419986699,-936135947,3967778,17832842,15613,94,63646,3209,8093,3,0
$$HAR,14:18:35,419982561,-936133242,3989534,13202940,14934,94,63482,3208,8060,3,0
$$HAR,14:18:38,419980697,-936131371,4009506,18361888,8786,94,63314,3208,7774,3,0
$$HAR,14:18:41,419976920,-936130142,4030923,15277412,18645,94,63150,3208,7442,3,0
$$HAR,14:18:44,419973933,-936126652,4052606,12343734,9166,94,62986,3207,7145,3,0
$$HAR,14:18:47,419971471,-936125344,4075286,17131984,16534,94,62820,3207,6945,3,0
$$HAR,14:18:50,419967151,-936122739,4097344,13238768,14859,94,62655,3206,6838,3,0
$$HAR,14:18:53,419965398,-936120032,4121118,16167804,10734,94,62484,3206,6759,3,0
$$HAR,14:18:56,419960895,-936117704,4141920,15627070,19627,94,62311,3206,6671,3,0
$$HAR,14:18:59,419958527,-936116130,4162128,15834350,4103,94,62133,3206,6662,3,0
$$HAR,14:19:2,419955675,-936114516,4185194,14585470,18437,94,61965,3206,6690,3,0
$$HAR,14:19:5,419951893,-936111689,4209053,17566020,11855,94,61797,3205,6629,3,0
$$HAR,14:19:8,419948837,-936112114,4227502,16440502,10854,94,61625,3205,6662,3,0
$$HAR,14:19:11,419946303,-936109695,4251066,12872512,12269,94,61464,3205,6680,3,0
$$HAR,14:19:14,419943258,-936105947,4274445,16643742,16003,94,61297,3204,6661,3,0
$$HAR,14:19:17,419941211,-936105388,4293490,11011818,7075,94,61128,3204,6647,3,0
$$HAR,14:19:20,419939409,-936101547,4311618,13554940,16256,94,60960,3204,6559,3,0
$$HAR,14:19:23,419936499,-936098459,4334779,15072830,11909,94,60802,3203,6499,3,0
$$HAR,14:19:26,419933545,-936097695,4354006,16318138,9217,94,60640,3203,6531,3,0
$$HAR,14:19:29,419931865,-936094563,4375376,11426112,14931,94,60480,3203,6587,3,0
$$HAR,14:19:32,419928534,-936090466,4396552,16497874,15622,94,60320,3203,6707,3,0
$$HAR,14:19:35,419926470,-936088886,4418477,10271344,10027,94,60161,3202,6503,3,0
$$HAR,14:19:38,419924284,-936083818,4440055,14134918,18948,94,59999,3201,6163,3,0
$$HAR,14:19:41,419920429,-936081492,4460283,16254194,11596,94,59839,3201,6061,3,0
$$HAR,14:19:44,419918411,-936078215,4483255,11239616,15561,94,59679,3199,5997,3,0
$$HAR,14:19:47,419915540,-936072949,4503312,14801884,18054,94,59519,3199,5854,3,0
$$HAR,14:19:50,419912411,-936071086,4525488,14409022,7028,94,59361,3197,5803,3,0
$$HAR,14:19:53,419910974,-936067023,4545473,12167456,18688,94,59201,3196,5726,3,0
$$HAR,14:19:56,419907251,-936062947,4567978,15592282,14566,94,59043,3196,5822,3,0
$$HAR,14:19:59,419905669,-936060618,4588767,10034672,9839,94,58882,3195,5936,3,0
$$HAR,14:20:2,419903291,-936056145,4612014,14158962,17713,94,58720,3194,6027,3,0
$$HAR,14:20:5,419899192,-936053126,4630872,15349248,14934,94,58558,3193,5968,3,0
$$HAR,14:20:8,419897135,-936050452,4652054,11492384,10756,94,58406,3192,5954,3,0
$$HAR,14:20:11,419894702,-936045338,4674943,13598436,21488,94,58248,3191,5990,3,0
$$HAR,14:20:14,419891290,-936042502,4696680,13173182,7700,94,58090,3190,6022,3,0
$$HAR,14:20:17,419890099,-936039415,4714196,12512440,11460,94,57931,3189,5871,3,0
$$HAR,14:20:20,419887792,-936036379,4737364,14313080,11582,94,57781,3188,5838,3,0
$$HAR,14:20:23,419884107,-936033198,4759440,13582708,20396,94,57627,3187,5870,3,0
$$HAR,14:20:26,419881938,-936028300,4779801,11023860,10517,94,57468,3186,6007,3,0
$$HAR,14:20:29,419879777,-936026223,4800123,15940322,15153,94,57316,3185,6233,3,0
$$HAR,14:20:32,419875924,-936022692,4823078,12811848,18834,94,57164,3185,6463,3,0
$$HAR,14:20:35,419873647,-936017140,4843726,12903480,12616,101,57009,3184,6578,3,0
$$HAR,14:20:38,419870342,-936014974,4863463,15614982,17000,95,56857,3184,6647,3,0
$$HAR,14:20:41,419866647,-936012593,4884818,13618278,17406,95,56704,3183,6721,3,0
$$HAR,14:20:44,419863389,-936007053,4904437,12915446,19498,95,56550,3183,6592,3,0
$$HAR,14:20:47,419859405,-936003943,4926322,16510210,11617,95,56398,3182,6522,3,0
$$HAR,14:20:50,419857166,-936000307,4946664,12099302,18611,95,56244,3181,6486,3,0
$$HAR,14:20:53,419854648,-935995486,4966032,13645988,14726,95,56095,3180,6315,3,0
$$HAR,14:20:56,419850606,-935991412,4989555,14417652,23472,95,55946,3180,6273,3,0
$$HAR,14:20:59,419846619,-935988320,5013952,13611034,8671,95,55791,3179,6402,3,0
$$HAR,14:21:2,419844456,-935983214,5034268,12839874,23288,95,55636,3178,6351,3,0
$$HAR,14:21:5,419840044,-935977881,5054792,14372768,18920,95,55482,3177,6213,3,0
$$HAR,14:21:8,419836793,-935974454,5076255,12866658,10827,95,55335,3175,6134,3,0
$$HAR,14:21:11,419834175,-935969009,5097702,12972396,25053,94,55184,3174,5918,3,0
$$HAR,14:21:14,419829303,-935963846,5118513,15205662,16995,94,55034,3173,5789,3,0
$$HAR,14:21:17,419826696,-935960146,5139451,11640754,17348,94,54884,3172,5716,3,0
$$HAR,14:21:20,419822949,-935953543,5160959,13959032,25001,94,54737,3170,5482,3,0
$$HAR,14:21:23,419818782,-935949744,5183178,14499784,12740,94,54589,3169,5336,3,0
$$HAR,14:21:26,419816085,-935944212,5205766,12043384,26604,94,54440,3168,5427,3,1
$$HAR,14:21:29,419810921,-935937418,5226837,14768696,24987,94,54290,3166,5404,3,0
$$HAR,14:21:32,419806335,-935932590,5251735,12923634,20528,94,54140,3165,5317,3,0
$$HAR,14:21:35,419802875,-935925047,5273940,13026306,28549,94,53987,3163,5308,3,0
$$HAR,14:21:38,419797081,-935920091,5292554,15746582,23041,94,53833,3161,5166,3,0
$$HAR,14:21:41,419792228,-935915094,5314650,13433254,23280,94,53684,3160,5048,3,0
$$HAR,14:21:44,419787642,-935909357,5340043,13367566,26837,94,53539,3158,4952,3,0
$$HAR,14:21:47,419783567,-935901632,5359903,13540316,19278,94,53383,3156,4857,3,0
$$HAR,14:21:50,419778017,-935897699,5379166,14986140,30331,94,53235,3155,4702,3,0
$$HAR,14:21:53,419773108,-935890393,5398326,11917148,25143,94,53089,3153,4562,3,0
$$HAR,14:21:56,419768962,-935884048,5418063,14370838,22360,94,52945,3152,4575,3,0
$$HAR,14:21:59,419763698,-935878986,5440608,14623070,29817,94,52807,3150,4647,3,0
$$HAR,14:22:2,419757514,-935871576,5460593,13132118,26954,94,52664,3149,4719,3,0
$$HAR,14:22:5,419753062,-935864822,5483513,13656178,21803,94,52524,3148,4638,3,0
$$HAR,14:22:8,419748380,-935860502,5503493,14805148,24399,94,52382,3147,4548,3,0
$$HAR,14:22:11,419743248,-935853517,5525913,12478536,28887,94,52241,3146,4407,3,0
$$HAR,14:22:14,419737294,-935846656,5546707,15484162,28596,94,52096,3145,4389,3,0
$$HAR,14:22:17,419732368,-935842250,5568321,12734728,21748,94,51953,3144,4429,3,0
$$HAR,14:22:20,419728003,-935834768,5592174,14109224,27826,94,51813,3143,4262,3,0
$$HAR,14:22:23,419721848,-935830379,5611619,14846736,21358,94,51666,3141,3988,3,0
$$HAR,14:22:26,419718431,-935824649,5633636,12806262,22578,96,51521,3140,3719,3,0
$$HAR,14:22:29,419712598,-935818623,5656062,14129498,30623,94,51376,3139,3643,3,0
$$HAR,14:22:32,419709029,-935811385,5674793,11660700,17029,94,51232,3138,3643,3,0
$$HAR,14:22:35,419704564,-935806596,5696233,14941780,27610,94,51092,3137,3620,3,0
$$HAR,14:22:38,419698995,-935800179,5717736,12580460,24766,94,50957,3136,3544,3,0
$$HAR,14:22:41,419695549,-935793772,5739940,13717238,18324,94,50821,3134,3512,3,0
$$HAR,14:22:44,419690843,-935789328,5764278,13553026,26776,94,50680,3132,3485,3,0
$$HAR,14:22:47,419686360,-935781048,5783482,12896562,27937,94,50538,3131,3427,3,0
$$HAR,14:22:50,419682009,-935775348,5804772,13898536,16373,94,50398,3129,3338,3,0
$$HAR,14:22:53,419678461,-935769926,5830434,12858930,26428,94,50259,3128,3324,3,0
$$HAR,14:22:56,419673009,-935762502,5852573,14511068,29218,94,50114,3126,3364,3,0
$$HAR,14:22:59,419668158,-935758104,5874455,13082618,16271,94,49968,3125,3253,3,0
$$HAR,14:23:2,419664909,-935751340,5895756,12540006,28354,94,49824,3124,3163,3,0
$$HAR,14:23:5,419659913,-935743977,5918275,14306738,24755,105,49684,3123,3172,3,0
$$HAR,14:23:8,419655369,-935740120,5937777,13281666,16512,95,49539,3122,3199,3,0
$$HAR,14:23:11,419651439,-935733032,5958731,13182956,31507,95,49395,3120,3128,3,0
$$HAR,14:23:14,419645537,-935727473,5979278,15635570,20879,95,49253,3118,3007,3,0
$$HAR,14:23:17,419641570,-935722984,6002430,12337804,22037,95,49113,3117,3092,3,0
$$HAR,14:23:20,419637373,-935715710,6025617,14259530,25350,96,48974,3116,3140,3,0
$$HAR,14:23:23,419631881,-935711995,6046467,15537656,20641,96,48830,3115,3114,3,0
$$HAR,14:23:26,419627939,-935705990,6069954,12211806,27035,96,48689,3113,3176,3,0
$$HAR,14:23:29,419622307,-935699173,6090196,14993230,29917,96,48546,3112,3118,3,0
$$HAR,14:23:32,419616706,-935694430,6110225,14129006,20333,96,48410,3111,3069,3,0
$$HAR,14:23:35,419612848,-935688699,6132405,12069886,24211,96,48277,3110,3109,3,0
$$HAR,14:23:38,419607708,-935682586,6156611,15935932,24060,89,48144,3109,3193,3,0
$$HAR,14:23:41,419602855,-935679511,6178252,13921792,19318,89,48004,3108,3246,3,0
$$HAR,14:23:44,419599125,-935673955,6201454,13628780,22269,89,47864,3107,3273,3,0
$$HAR,14:23:47,419593137,-935667888,6224369,14721958,30040,89,47724,3106,3331,3,0
$$HAR,14:23:50,419588535,-935664006,6247040,14601716,13038,89,47578,3105,3437,3,0
$$HAR,14:23:53,419584097,-935658408,6268855,13376966,30710,89,47437,3104,3482,3,0
$$HAR,14:23:56,419578645,-935651955,6290909,14197160,18945,89,47298,3104,3424,3,0
$$HAR,14:23:59,419574939,-935648158,6312672,14961714,22520,89,47162,3103,3402,3,0
$$HAR,14:24:2,419568972,-935642104,6334809,13034592,26963,89,47022,3102,3455,3,0
$$HAR,14:24:5,419564067,-935635768,6354717,14872390,28981,89,46887,3101,3441,3,0
$$HAR,14:24:8,419558251,-935631785,6378581,13805968,17917,89,46753,3100,3424,3,0
$$HAR,14:24:11,419554984,-935626572,6397971,13738078,21406,89,46618,3099,3374,3,0
$$HAR,14:24:14,419549849,-935620914,6422875,13683918,26525,89,46484,3099,3410,3,0
$$HAR,14:24:17,419543966,-935616362,6444313,16766430,26423,89,46346,3098,3499,3,0
$$HAR,14:24:20,419538631,-935611681,6469406,12568180,27254,89,46212,3097,3548,3,0
$$HAR,14:24:23,419534154,-935604656,6492807,14832004,23868,89,46072,3096,3557,3,0
$$HAR,14:24:26,419528234,-935601156,6514819,14999412,20663,89,45932,3096,3526,3,0
$$HAR,14:24:29,419524361,-935595960,6536346,12844314,21100,89,45794,3095,3503,3,0
$$HAR,14:24:32,419518569,-935589095,6559295,14591404,32590,89,45658,3095,3454,3,0
$$HAR,14:24:35,419512151,-935584706,6581272,15919014,19562,89,45519,3094,3409,3,0
$$HAR,14:24:38,419507626,-935579714,6602909,13128832,27654,89,45387,3093,3422,3,0
$$HAR,14:24:41,419502232,-935572320,6623767,13871690,25439,89,45254,3093,3449,3,0
$$HAR,14:24:44,419498113,-935567088,6644354,14579872,19034,89,45123,3092,3414,3,1
$$HAR,14:24:47,419491949,-935562504,6667492,14400868,30931,89,44990,3091,3405,3,0
$$HAR,14:24:50,419486676,-935555386,6689016,13481016,28093,89,44860,3090,3382,3,0
$$HAR,14:24:53,419481233,-935548818,6711424,13410506,22510,89,44726,3090,3445,3,0
$$HAR,14:24:56,419476643,-935544873,6733524,15846028,27119,89,44597,3089,3529,3,0
$$HAR,14:24:59,419469658,-935538719,6751606,13517446,30164,89,44465,3089,3636,3,0
$$HAR,14:25:2,419464833,-935532472,6774367,13912264,20465,89,44340,3088,3649,3,0
$$HAR,14:25:5,419459628,-935528406,6797130,15117520,28036,89,44212,3088,3623,3,1
$$HAR,14:25:8,419453184,-935521202,6818948,13028400,30150,89,44083,3087,3592,3,0
$$HAR,14:25:11,419448798,-935514346,6838101,13570702,21799,89,43952,3087,3493,3,0
$$HAR,14:25:14,419443511,-935509287,6862148,14699676,29883,89,43829,3086,3426,3,0
$$HAR,14:25:17,419436977,-935501568,6881803,12857066,28642,89,43701,3086,3408,3,0
$$HAR,14:25:20,419432801,-935495628,6904730,14515070,22178,89,43575,3085,3346,3,0
$$HAR,14:25:23,419426386,-935490940,6924308,14803510,30237,89,43449,3085,3182,3,0
$$HAR,14:25:26,419421314,-935483906,6947433,12079896,25731,89,43324,3084,3128,3,0
$$HAR,14:25:29,419416812,-935478247,6972014,15784772,24455,89,43200,3084,3195,3,0
$$HAR,14:25:32,419410064,-935473250,6991060,14081114,32455,89,43073,3083,3141,3,0
$$HAR,14:25:35,419404722,-935465710,7012079,12987394,25024,99,42946,3083,3012,3,0
$$HAR,14:25:38,419400123,-935461051,7033082,15317278,20116,89,42824,3082,2959,3,0
$$HAR,14:25:41,419394404,-935456297,7057481,14173398,30165,89,42699,3082,2888,3,0
$$HAR,14:25:44,419388320,-935448632,7075789,13386396,26121,89,42573,3081,2831,3,0
$$HAR,14:25:47,419383876,-935443219,7097742,14928636,21995,89,42451,3081,2755,3,0
$$HAR,14:25:50,419377226,-935438920,7120553,14794070,30808,89,42328,3080,2676,3,0
$$HAR,14:25:53,419371528,-935431438,7140005,12847864,27882,89,42201,3080,2667,3,0
$$HAR,14:25:56,419366345,-935425649,7161707,15048226,23964,89,42080,3079,2689,3,0
$$HAR,14:25:59,419359715,-935421226,7184905,14868508,31326,89,41961,3079,2711,3,0
$$HAR,14:26:2,419354235,-935414718,7208667,12799072,26020,89,41840,3078,2812,3,0
$$HAR,14:26:5,419348170,-935407285,7233583,14903360,31238,89,41714,3077,2883,3,0
$$HAR,14:26:8,419341843,-935403596,7253722,14475890,20067,89,41586,3076,3003,3,0
$$HAR,14:26:11,419337096,-935396515,7273756,13311948,31073,89,41458,3075,2985,3,0
$$HAR,14:26:14,419330889,-935389154,7295428,13681304,29671,83,41336,3075,2896,3,0
$$HAR,14:26:17,419326435,-935382326,7317419,14022284,20129,83,41213,3073,2816,3,0
$$HAR,14:26:20,419319913,-935377307,7339784,14889638,33944,83,41094,3072,2719,3,0
$$HAR,14:26:23,419312807,-935370349,7360971,13742446,27650,83,40971,3071,2666,3,0
$$HAR,14:26:26,419307897,-935364529,7383298,14878784,21792,83,40853,3070,2679,3,0
$$HAR,14:26:29,419301213,-935360230,7406136,14685820,33493,83,40729,3069,2697,3,0
$$HAR,14:26:32,419294907,-935352346,7425407,13128826,29093,83,40606,3068,2688,3,0
$$HAR,14:26:35,419289197,-935345444,7446055,14060180,30310,83,40487,3067,2763,3,0
$$HAR,14:26:38,419282484,-935338072,7471442,14767876,30644,83,40371,3067,2838,3,0
$$HAR,14:26:41,419275902,-935334660,7491648,15404586,21060,83,40246,3066,2860,3,0
$$HAR,14:26:44,419270638,-935327773,7513282,13425532,33679,83,40123,3065,2864,3,0
$$HAR,14:26:47,419264022,-935321149,7537956,14883490,26933,83,40002,3064,2807,3,0
$$HAR,14:26:50,419258558,-935316893,7561366,13743126,21274,83,39883,3063,2780,3,0
$$HAR,14:26:53,419252922,-935309138,7582204,13960440,35489,83,39760,3062,2767,3,0
$$HAR,14:26:56,419245575,-935303421,7604339,15604896,26687,83,39640,3061,2762,3,0
$$HAR,14:26:59,419240414,-935298288,7627179,12988240,26399,83,39519,3059,2616,3,0
$$HAR,14:27:2,419233920,-935290262,7649288,14732950,34695,83,39399,3058,2479,3,0
$$HAR,14:27:5,419226617,-935285272,7672877,14591674,25599,83,39278,3057,2501,3,0
$$HAR,14:27:8,419221780,-935278125,7694029,13174782,30795,87,39154,3055,2567,3,0
$$HAR,14:27:11,419214314,-935271156,7716597,15346502,35876,87,39034,3053,2461,3,0
$$HAR,14:27:14,419207871,-935265832,7740096,13400230,22559,87,38913,3052,2409,3,0
$$HAR,14:27:17,419202570,-935257936,7761248,13809650,36474,87,38795,3050,2466,3,0
$$HAR,14:27:20,419195334,-935251214,7787720,15058842,28141,87,38676,3048,2470,3,0
$$HAR,14:27:23,419189327,-935246508,7806258,14429650,24741,87,38555,3046,2408,3,0
$$HAR,14:27:23,419189327,-935246508,7806258,14429650,24741,87,38437,3045,2417,3,0
$$HAR,14:27:29,419176500,-935232538,7852075,13759028,40270,87,38318,3043,2377,3,0
$$HAR,14:27:32,419169819,-935224039,7873893,13521402,25709,87,38200,3042,2351,3,0
$$HAR,14:27:35,419164560,-935218109,7895450,14542466,28419,87,38085,3040,2377,3,0
$$HAR,14:27:38,419157894,-935212915,7911331,14771252,28744,87,37968,3039,2359,3,0
$$HAR,14:27:41,419151141,-935206033,7936478,13742910,34525,87,37861,3037,2372,3,0
$$HAR,14:27:44,419145174,-935196455,7956879,12908522,28998,87,37746,3036,2434,3,0
$$HAR,14:27:47,419139111,-935190674,7979472,15357466,30493,87,37630,3035,2482,3,0
$$HAR,14:27:50,419131406,-935184242,7998344,14061428,35173,87,37517,3033,2389,3,0
$$HAR,14:27:53,419124895,-935176575,8021755,13155652,28684,87,37407,3032,2354,3,0
$$HAR,14:27:56,419119979,-935169258,8040159,13885380,28541,87,37294,3031,2310,3,0
$$HAR,14:27:59,419113402,-935163553,8064218,14824010,32948,87,37187,3030,2275,3,0
$$HAR,14:28:2,419105831,-935154968,8086933,13214150,35751,87,37074,3029,2275,3,0
$$HAR,14:28:5,419100650,-935147158,8108789,14384918,23931,90,36960,3028,2249,3,0
$$HAR,14:28:8,419093623,-935141750,8130380,14704538,36474,87,36850,3027,2270,3,0
$$HAR,14:28:11,419086241,-935133757,8155053,13146246,31177,87,36739,3026,2327,3,0
$$HAR,14:28:14,419081057,-935127219,8177987,14750576,27695,87,36623,3024,2318,3,0
$$HAR,14:28:17,419073658,-935121853,8195610,14567622,33585,87,36511,3024,2270,3,0
$$HAR,14:28:20,419066921,-935114045,8219868,13220490,32149,87,36401,3022,2235,3,0
$$HAR,14:28:23,419061865,-935106608,8241391,14358154,25760,87,36287,3021,2208,3,0
$$HAR,14:28:26,419054521,-935100941,8264412,14748496,36957,87,36177,3020,2191,3,0
$$HAR,14:28:29,419047263,-935092095,8285483,13078280,34330,87,36065,3019,2160,3,0
$$HAR,14:28:32,419041834,-935084221,8306003,13879594,26418,87,35955,3018,2213,3,0
$$HAR,14:28:35,419035380,-935078149,8329085,14630738,34905,87,35846,3017,2256,3,0
$$HAR,14:28:38,419027577,-935069516,8352090,13130634,35635,87,35738,3016,2291,3,0
$$HAR,14:28:41,419022047,-935061354,8376564,14436714,27903,87,35625,3015,2384,3,0
$$HAR,14:28:44,419014907,-935055919,8397105,14668028,34061,87,35515,3014,2427,3,0
$$HAR,14:28:47,419007245,-935047389,8418882,13491602,37381,87,35403,3013,2423,3,0
$$HAR,14:28:50,419001661,-935039395,8442248,13892044,26114,87,35295,3012,2384,3,0
$$HAR,14:28:53,418994644,-935033761,8462119,14856734,36025,87,35185,3011,2335,3,0
$$HAR,14:28:56,418987222,-935025456,8485424,13136518,34207,87,35078,3009,2243,3,0
$$HAR,14:28:59,418981714,-935017285,8507084,14108354,29605,87,34969,3008,2208,3,0
$$HAR,14:29:2,418974064,-935011109,8530446,14880780,37458,87,34860,3007,2159,3,0
$$HAR,14:29:5,418966811,-935001975,8551250,12820890,35420,87,34751,3006,2115,3,0
$$HAR,14:29:8,418960946,-934994102,8571848,14567320,27241,87,34641,3005,2063,3,0
$$HAR,14:29:11,418953990,-934987257,8596774,14228044,39650,87,34537,3004,2058,3,0
$$HAR,14:29:14,418946036,-934978230,8622626,13369624,30847,87,34429,3003,2106,3,0
$$HAR,14:29:17,418940704,-934971870,8644373,15069390,31261,87,34316,3002,2084,3,0
$$HAR,14:29:20,418931867,-934964718,8667616,14204420,38891,87,34203,3001,2089,3,0
$$HAR,14:29:23,418925434,-934955726,8691242,13243066,32302,87,34089,2999,2093,3,0
$$HAR,14:29:26,418917729,-934949313,8713541,15921950,35594,87,33976,2998,2106,3,0
$$HAR,14:29:29,418909629,-934941912,8738146,13037138,36417,87,33865,2997,2062,3,0
$$HAR,14:29:32,418903851,-934933021,8759282,13587344,31603,87,33755,2995,1961,3,0
$$HAR,14:29:35,418897739,-934925252,8781103,13521276,30794,87,33648,2993,1988,3,0
$$HAR,14:29:38,418889900,-934917246,8804995,14833992,41415,87,33541,2992,2036,3,0
$$HAR,14:29:41,418881619,-934910750,8828475,14127396,28119,87,33432,2991,2123,3,0
$$HAR,14:29:44,418875667,-934901766,8851556,13338744,40240,87,33325,2989,2105,3,0
$$HAR,14:29:47,418867276,-934892094,8871527,14325006,39186,87,33216,2988,2083,3,0
$$HAR,14:29:50,418860419,-934883614,8896489,13002998,28899,87,33112,2986,2048,3,0
$$HAR,14:29:53,418853701,-934877211,8918185,15233524,38569,87,33005,2985,2040,3,0
$$HAR,14:29:56,418845525,-934868494,8942028,13128432,39377,87,32898,2983,2004,3,0
$$HAR,14:29:59,418838119,-934858786,8968970,14758284,35917,87,32791,2982,1982,3,0
$$HAR,14:30:2,418830527,-934853068,8990385,14646936,30985,88,32680,2981,2000,3,0
$$HAR,14:30:5,418822531,-934843761,9014417,12991096,42875,88,32568,2980,2039,3,0
$$HAR,14:30:8,418816157,-934835203,9038105,14773412,29919,88,32458,2979,2100,3,0
$$HAR,14:30:11,418808337,-934828949,9059138,14324252,36839,88,32348,2977,2043,3,1
$$HAR,14:30:14,418800466,-934820680,9087008,13837244,38861,88,32243,2976,1991,3,0
$$HAR,14:30:17,418793844,-934810739,9112939,13462536,33424,88,32129,2974,1982,3,0
$$HAR,14:30:20,418785835,-934804184,9135710,15583426,36620,88,32013,2973,2012,3,0
$$HAR,14:30:23,418777701,-934797259,9160146,13928518,38496,88,31901,2971,1964,3,0
$$HAR,14:30:26,418769637,-934787515,9186836,13325464,36699,88,31790,2969,1838,3,0
$$HAR,14:30:29,418763923,-934780070,9210387,14551580,29642,88,31675,2967,1837,3,0
$$HAR,14:30:32,418755203,-934773274,9229694,14874058,41588,102,31561,2966,1876,3,0
$$HAR,14:30:35,418747655,-934764224,9251390,13403634,34865,86,31455,2964,1820,3,0
$$HAR,14:30:38,418741569,-934756085,9275009,14564802,30943,86,31351,2962,1789,3,0
$$HAR,14:30:41,418733360,-934749382,9300118,14212588,39200,86,31246,2960,1802,3,0
$$HAR,14:30:44,418726057,-934738891,9318788,12975362,35885,86,31138,2958,1780,3,0
$$HAR,14:30:47,418719556,-934731099,9343273,14546692,30641,86,31036,2956,1732,3,0
$$HAR,14:30:50,418711699,-934724661,9367567,14449450,38703,86,30933,2955,1741,3,0
$$HAR,14:30:53,418704286,-934714812,9389551,12867986,34394,86,30828,2953,1784,3,0
$$HAR,14:30:56,418698550,-934707475,9413689,14780482,29388,86,30724,2952,1758,3,0
$$HAR,14:30:59,418690652,-934701271,9435893,14466916,37761,86,30620,2950,1718,3,0
$$HAR,14:31:2,418683568,-934692054,9458826,12816112,32898,86,30519,2949,1697,3,0
$$HAR,14:31:5,418677459,-934685101,9483500,15433258,30761,86,30418,2947,1692,3,0
$$HAR,14:31:8,418669417,-934679177,9508494,13996790,37585,86,30314,2946,1649,3,0
$$HAR,14:31:11,418662077,-934669292,9531678,13634198,34958,86,30209,2945,1662,3,0
$$HAR,14:31:14,418656250,-934662310,9552450,13990014,27865,86,30105,2943,1718,3,0
$$HAR,14:31:17,418648475,-934654512,9576723,14547072,43003,86,30002,2942,1757,3,0
$$HAR,14:31:20,418640904,-934645048,9601691,12530568,32006,86,29901,2940,1722,3,0
$$HAR,14:31:23,418635271,-934637306,9623337,14636438,33221,86,29797,2938,1614,3,0
$$HAR,14:31:26,418627012,-934630299,9644675,14316740,36128,86,29696,2936,1553,3,0
$$HAR,14:31:29,418619941,-934621954,9672396,13381730,37227,86,29599,2935,1618,3,0
$$HAR,14:31:32,418613517,-934611977,9698970,14130576,33398,86,29494,2933,1709,3,0
$$HAR,14:31:35,418605066,-934604488,9720306,14064484,42578,86,29390,2932,1766,3,0
$$HAR,14:31:38,418597939,-934593904,9741917,13109988,34748,86,29286,2931,1752,3,0
$$HAR,14:31:41,418592098,-934586108,9763232,13809884,28471,86,29185,2929,1722,3,0
$$HAR,14:31:44,418584733,-934578254,9787327,14272960,41054,86,29087,2928,1700,3,0
$$HAR,14:31:47,418577334,-934568250,9812202,12440076,33811,86,28990,2927,1648,3,0
$$HAR,14:31:50,418572181,-934560084,9833775,14136038,31587,86,28891,2925,1609,3,0
$$HAR,14:31:53,418564237,-934552586,9856143,14311112,38891,86,28793,2924,1613,3,0
$$HAR,14:31:56,418557270,-934542784,9878784,12477882,35475,86,28696,2923,1669,3,0
$$HAR,14:31:59,418551704,-934534651,9903036,14729508,30272,86,28601,2921,1739,3,0
$$HAR,14:32:2,418543645,-934527456,9926091,13955258,40392,86,28502,2920,1704,3,0
$$HAR,14:32:5,418536293,-934517468,9947250,13142266,36452,86,28406,2918,1665,3,0
$$HAR,14:32:8,418530037,-934508824,9971987,14172312,31110,86,28312,2917,1704,3,0
$$HAR,14:32:11,418522075,-934502437,9994948,14674436,40022,85,28216,2916,1773,3,0
$$HAR,14:32:14,418514298,-934492687,10017319,12860680,36505,85,28119,2914,1799,3,0
$$HAR,14:32:17,418508022,-934484693,10040591,14745388,29263,85,28025,2913,1756,3,0
$$HAR,14:32:20,418500580,-934478187,10065715,14321360,39473,85,27932,2911,1738,3,0
$$HAR,14:32:23,418492119,-934468415,10087304,13350840,38124,85,27835,2910,1677,3,0
$$HAR,14:32:26,418486047,-934460487,10110271,14512378,28057,85,27738,2908,1616,3,0
$$HAR,14:32:29,418477893,-934453326,10133473,14345102,43937,85,27643,2907,1621,3,0
$$HAR,14:32:32,418470001,-934443366,10158178,12993466,33918,85,27548,2906,1668,3,0
$$HAR,14:32:35,418464004,-934435395,10181781,14512970,33975,85,27451,2904,1625,3,0
$$HAR,14:32:38,418455281,-934427680,10201605,14192602,42019,85,27356,2903,1581,3,0
$$HAR,14:32:41,418447552,-934417219,10225022,13038518,38224,85,27265,2901,1577,3,0
$$HAR,14:32:44,418440996,-934408770,10248808,14693240,31945,85,27173,2900,1638,3,0
$$HAR,14:32:47,418432565,-934400923,10273887,13864336,44587,85,27080,2898,1677,3,0
$$HAR,14:32:50,418424661,-934389830,10299161,13141194,35764,85,26986,2897,1598,3,0
$$HAR,14:32:53,418418330,-934381877,10321894,14326390,34753,85,26891,2896,1551,3,0
$$HAR,14:32:56,418409353,-934373030,10342991,14071152,45320,85,26794,2894,1524,3,0
$$HAR,14:32:59,418401588,-934362721,10367023,13043410,35090,85,26702,2893,1529,3,0
$$HAR,14:33:2,418395130,-934354413,10388350,14409900,35391,85,26610,2891,1568,3,0
$$HAR,14:33:5,418386682,-934346812,10412224,14364378,41654,97,26519,2890,1542,3,0
$$HAR,14:33:8,418379049,-934336155,10436602,12591906,37378,85,26429,2889,1520,3,0
$$HAR,14:33:11,418372562,-934327897,10458895,14883000,32520,85,26335,2887,1541,3,0
$$HAR,14:33:14,418364461,-934320375,10480622,13883676,40059,85,26243,2886,1593,3,0
$$HAR,14:33:17,418356841,-934309541,10505408,12959812,39317,85,26155,2884,1593,3,0
$$HAR,14:33:20,418350216,-934301308,10531418,14749128,31516,85,26063,2883,1550,3,0
$$HAR,14:33:23,418341728,-934293625,10552443,14324248,43816,85,25967,2881,1532,3,0
$$HAR,14:33:26,418333177,-934283470,10576151,13208184,39417,85,25878,2880,1528,3,0
$$HAR,14:33:29,418327006,-934273875,10599878,13670170,31886,85,25790,2879,1524,3,0
$$HAR,14:33:32,418318969,-934266301,10621979,14583062,41707,85,25698,2877,1480,3,0
$$HAR,14:33:35,418310380,-934256323,10644183,13246794,41023,85,25607,2876,1415,3,0
$$HAR,14:33:38,418303876,-934245882,10669658,13171654,33920,85,25520,2874,1337,3,0
$$HAR,14:33:41,418296335,-934238443,10693642,14862426,38520,85,25431,2873,1303,3,0
$$HAR,14:33:44,418287948,-934228889,10717492,13295030,42229,85,25340,2871,1315,3,0
$$HAR,14:33:47,418280817,-934217931,10742727,13291440,34651,85,25250,2869,1246,3,0
$$HAR,14:33:50,418274642,-934210450,10768500,14152412,32346,85,25160,2868,1199,3,0
$$HAR,14:33:53,418266596,-934202827,10786101,14415618,38364,85,25067,2867,1199,3,0
$$HAR,14:33:56,418259101,-934194166,10812183,13324710,37277,85,24980,2865,1238,3,0
$$HAR,14:33:59,418253377,-934184151,10840305,13321964,30074,85,24891,2864,1298,3,0
$$HAR,14:34:2,418245404,-934176944,10863724,14703266,40836,85,24797,2863,1350,3,0
$$HAR,14:34:5,418237211,-934167299,10886314,13356028,39920,85,24705,2861,1319,3,0
$$HAR,14:34:8,418229975,-934156969,10912265,13370152,34441,85,24616,2860,1306,3,0
$$HAR,14:34:11,418223799,-934149675,10935392,14771172,32397,85,24526,2858,1345,3,0
$$HAR,14:34:14,418215046,-934140779,10958117,13594474,45445,85,24434,2856,1345,3,0
$$HAR,14:34:17,418207704,-934130275,10982464,13271024,34002,85,24347,2855,1276,3,0
$$HAR,14:34:20,418201480,-934122035,11008472,14305652,34975,85,24259,2853,1241,3,0
$$HAR,14:34:23,418192707,-934113667,11033271,13968134,44056,85,24169,2851,1276,3,0
$$HAR,14:34:26,418185537,-934102802,11058813,12718506,33928,85,24079,2850,1276,3,0
$$HAR,14:34:29,418179143,-934095061,11080848,14803644,34283,85,23989,2848,1228,3,0
$$HAR,14:34:32,418170946,-934087050,11104974,13773920,39170,85,23899,2847,1215,3,1
$$HAR,14:34:35,418163746,-934076254,11128334,12675070,40025,85,23812,2845,1172,3,0
$$HAR,14:34:38,418157800,-934066950,11152666,13776648,29187,85,23726,2843,1133,3,0
$$HAR,14:34:41,418150762,-934059458,11178006,13817930,39227,85,23640,2842,1159,3,0
$$HAR,14:34:44,418143565,-934048309,11200609,12483566,39207,85,23552,2840,1245,3,0
$$HAR,14:34:47,418138293,-934038707,11226786,12846714,28744,85,23466,2839,1288,3,0
$$HAR,14:34:50,418132246,-934030671,11249777,13966760,37032,85,23379,2837,1292,3,0
$$HAR,14:34:53,418124652,-934020320,11275226,12617192,41207,85,23294,2835,1297,3,0
$$HAR,14:34:56,418119701,-934008823,11297613,11979596,32971,85,23207,2834,1327,3,0
$$HAR,14:34:59,418113964,-933999794,11320238,13878416,35164,85,23123,2833,1314,3,0
$$HAR,14:35:2,418107005,-933989893,11347271,12586170,41360,85,23041,2831,1270,3,0
$$HAR,14:35:5,418101081,-933977031,11371841,11896730,36823,85,22956,2830,1245,3,1
$$HAR,14:35:8,418095919,-933968022,11396686,13610292,32355,85,22869,2828,1266,3,0
$$HAR,14:35:11,418088558,-933957761,11419783,12855972,43988,85,22783,2826,1279,3,0
$$HAR,14:35:11,418088558,-933957761,11419783,12855972,43988,85,22697,2825,1236,3,0
$$HAR,14:35:17,418077877,-933934500,11467690,12470596,31707,85,22613,2823,1206,3,0
$$HAR,14:35:20,418071183,-933924730,11494134,13475090,42670,85,22529,2821,1223,3,1
$$HAR,14:35:23,418064175,-933912847,11516660,12232978,41542,85,22444,2820,1249,3,0
$$HAR,14:35:26,418058069,-933900512,11539055,12469636,39767,85,22361,2818,1214,3,0
$$HAR,14:35:29,418052618,-933888914,11571020,12044358,33117,85,22281,2816,1162,3,0
$$HAR,14:35:32,418046462,-933880691,11595774,13907344,39618,85,22191,2814,1115,3,0
$$HAR,14:35:35,418039521,-933868670,11621604,12172504,43774,139,22102,2813,1080,3,0
$$HAR,14:35:38,418034165,-933855993,11649157,12348784,37430,85,22017,2811,1072,3,0
$$HAR,14:35:41,418029013,-933845909,11676921,13311488,31667,85,21930,2809,1033,3,0
$$HAR,14:35:44,418021742,-933836250,11702627,13002522,42926,85,21841,2808,994,3,0
$$HAR,14:35:47,418015388,-933823052,11725645,11818332,41662,85,21754,2806,951,3,0
$$HAR,14:35:50,418010428,-933811585,11748900,12419802,33247,85,21670,2804,934,3,0
$$HAR,14:35:53,418004402,-933802232,11774099,13244474,38299,85,21587,2803,964,3,0
$$HAR,14:35:56,417997236,-933789803,11800230,12311080,45167,85,21504,2801,1041,3,0
$$HAR,14:35:59,417992354,-933777663,11822856,11559386,32630,85,21419,2799,1110,3,0
$$HAR,14:36:2,417987218,-933767920,11847727,13395596,36091,85,21339,2797,1187,3,0
$$HAR,14:36:5,417979866,-933757970,11872753,12943302,41447,85,21260,2796,1205,3,0
$$HAR,14:36:8,417974291,-933745345,11895360,11592756,37616,85,21179,2794,1183,3,0
$$HAR,14:36:11,417969504,-933735304,11920121,13199296,32228,84,21100,2792,1200,3,0
$$HAR,14:36:14,417962606,-933725650,11947926,12900596,42941,84,21021,2790,1221,3,0
$$HAR,14:36:17,417956738,-933713063,11975921,11731420,36791,84,20940,2789,1264,3,0
$$HAR,14:36:20,417952588,-933701791,11997326,11862460,37479,84,20857,2787,1307,3,0
$$HAR,14:36:23,417947527,-933689152,12023930,11454884,38812,84,20777,2785,1290,3,0
$$HAR,14:36:26,417942978,-933678821,12053095,13402650,31465,84,20697,2783,1243,3,0
$$HAR,14:36:29,417935859,-933668634,12077136,12229974,43523,84,20614,2781,1217,3,0
$$HAR,14:36:32,417931213,-933655168,12100946,11184570,38477,84,20531,2779,1247,3,0
$$HAR,14:36:35,417927288,-933643581,12125244,11687884,31970,84,20451,2777,1238,3,0
$$HAR,14:36:38,417922194,-933633512,12152858,12718006,40470,84,20373,2776,1225,3,0
$$HAR,14:36:41,417915909,-933620060,12176910,11463164,42117,84,20293,2774,1195,3,0
$$HAR,14:36:44,417912217,-933607929,12197440,11353898,33391,84,20213,2772,1203,3,0
$$HAR,14:36:47,417907644,-933597212,12222624,12566052,34399,84,20138,2770,1160,3,0
$$HAR,14:36:50,417901393,-933586778,12250371,12484620,41766,84,20062,2768,1135,3,0
$$HAR,14:36:53,417896404,-933572941,12275482,11021674,41368,84,19985,2766,1139,3,0
$$HAR,14:36:56,417892477,-933561453,12297209,12154876,30944,84,19906,2764,1165,3,0
$$HAR,14:36:59,417887066,-933551283,12324596,12681962,41224,84,19833,2762,1212,3,0
$$HAR,14:37:2,417880521,-933538212,12349463,11708828,41295,82,19756,2761,1233,3,0
$$HAR,14:37:5,417876673,-933526781,12374252,11721308,29953,82,19678,2758,1207,3,0
$$HAR,14:37:8,417871058,-933517321,12399544,13298408,39789,82,19601,2757,1216,3,0
$$HAR,14:37:11,417863987,-933505581,12425830,12255160,41240,82,19526,2755,1241,3,0
$$HAR,14:37:14,417858666,-933492953,12448436,12050854,39771,82,19450,2753,1271,3,0
$$HAR,14:37:17,417853331,-933482603,12477476,12801382,29834,82,19374,2751,1207,3,0
$$HAR,14:37:20,417847304,-933474579,12503507,13315376,39221,82,19297,2750,1155,3,0
$$HAR,14:37:23,417840327,-933462619,12528464,12270424,38846,82,19220,2748,1134,3,0
$$HAR,14:37:26,417835916,-933451919,12554035,11716458,31627,82,19142,2746,1159,3,0
$$HAR,14:37:29,417830685,-933443805,12578517,14314234,31260,82,19068,2744,1202,3,0
$$HAR,14:37:32,417823752,-933435408,12605337,13138724,39139,82,18992,2742,1142,3,0
$$HAR,14:37:35,417817105,-933424737,12625720,13142994,36478,82,18916,2740,1091,3,0
$$HAR,14:37:38,417810350,-933415998,12655412,13845528,32609,82,18846,2738,1103,3,0
$$HAR,14:37:41,417805674,-933408721,12683247,11390036,25345,82,18771,2737,1146,3,0
$$HAR,14:37:44,417800739,-933397985,12707033,13251792,40694,82,18692,2735,1172,3,0
$$HAR,14:37:47,417793976,-933389790,12737478,14408060,27729,82,18617,2733,1189,3,0
$$HAR,14:37:50,417789223,-933383677,12763942,12045242,25241,82,18541,2730,1133,3,0
$$HAR,14:37:53,417784000,-933373935,12790304,13156444,38928,82,18465,2728,1073,3,0
$$HAR,14:37:56,417776501,-933365042,12819938,14648466,38198,140,18387,2726,1056,3,0
$$HAR,14:37:59,417770818,-933359691,12845595,12872674,24785,86,18312,2724,1056,3,0
$$HAR,14:38:2,417766887,-933351584,12866673,12859078,30697,86,18236,2722,1021,3,0
$$HAR,14:38:5,417761153,-933343360,12897014,13486300,30167,86,18164,2719,957,3,0
$$HAR,14:38:8,417755030,-933337821,12924160,16190618,26757,86,18090,2717,983,3,0
$$HAR,14:38:11,417750077,-933332423,12951954,11736944,26094,86,18014,2715,978,3,0
$$HAR,14:38:14,417745899,-933323857,12976280,13868118,28866,86,17939,2713,948,3,0
$$HAR,14:38:17,417739584,-933317522,13006794,14584264,30102,86,17865,2711,905,3,0
$$HAR,14:38:20,417734198,-933313665,13036357,13880540,17099,86,17788,2709,880,3,0
$$HAR,14:38:23,417730851,-933306737,13059693,12754740,27611,86,17708,2707,901,3,0
$$HAR,14:38:26,417725512,-933299956,13090199,14127704,26677,86,17632,2705,909,3,0
$$HAR,14:38:29,417720539,-933296145,13118177,15428434,13261,86,17557,2703,896,3,0
$$HAR,14:38:32,417717852,-933291004,13144249,12178950,25702,86,17480,2701,884,3,0
$$HAR,14:38:35,417713822,-933284092,13173598,13168948,19456,86,17407,2699,871,3,0
$$HAR,14:38:38,417709980,-933280504,13203413,15417976,15791,86,17332,2697,892,3,0
$$HAR,14:38:41,417707698,-933275364,13230695,11395408,23451,86,17255,2695,926,3,0
$$HAR,14:38:44,417703742,-933267782,13256464,13553498,25870,86,17180,2693,956,3,0
$$HAR,14:38:47,417698769,-933262280,13277218,14050884,23327,86,17106,2692,990,3,0
$$HAR,14:38:50,417694202,-933255802,13300622,12775740,26181,86,17038,2690,1037,3,0
$$HAR,14:38:53,417691311,-933248577,13325976,11006776,18000,86,16971,2688,1101,3,0
$$HAR,14:38:56,417689067,-933244408,13352383,14922970,11818,86,16904,2686,1183,3,0
$$HAR,14:38:59,417685688,-933240662,13375055,12905454,20780,86,16837,2685,1170,3,0
$$HAR,14:39:2,417682125,-933235043,13404935,12892742,20902,86,16772,2683,1127,3,0
$$HAR,14:39:5,417679548,-933226974,13429059,9950378,25490,86,16705,2681,1067,3,0
$$HAR,14:39:8,417679001,-933220642,13453132,10266130,12181,86,16636,2679,1016,3,0
$$HAR,14:39:11,417677514,-933215993,13481103,12550322,17634,86,16571,2677,1007,3,0
$$HAR,14:39:14,417674001,-933210277,13510879,12247970,21948,86,16505,2675,1067,3,0
$$HAR,14:39:17,417673124,-933203572,13538218,7856074,15999,88,16434,2674,1101,3,0
$$HAR,14:39:20,417672182,-933199182,13566909,13132016,15879,86,16364,2672,1092,3,0
$$HAR,14:39:23,417669060,-933194097,13593851,11748074,20290,86,16293,2670,1028,3,0
$$HAR,14:39:26,417668332,-933186638,13621549,8290325,21412,86,16223,2668,955,3,0
$$HAR,14:39:29,417668077,-933181113,13649123,12117680,11529,86,16152,2666,942,3,0
$$HAR,14:39:32,417665747,-933176391,13673776,11325670,20591,86,16084,2665,981,3,0
$$HAR,14:39:35,417663844,-933168124,13699648,10011024,26007,86,16016,2663,959,3,0
$$HAR,14:39:38,417663957,-933160551,13726560,8207294,15230,86,15951,2660,925,3,0
$$HAR,14:39:41,417663306,-933155136,13758256,11147692,20762,86,15885,2659,891,3,0
$$HAR,14:39:44,417660850,-933146293,13783565,10297868,28510,86,15815,2657,904,3,0
$$HAR,14:39:47,417660759,-933138116,13810703,7799498,19559,86,15747,2655,908,3,0
$$HAR,14:39:50,417660969,-933131606,13839665,10428770,19903,86,15679,2653,929,3,0
$$HAR,14:39:53,417658554,-933124196,13865963,11310212,25689,86,15611,2651,972,3,0
$$HAR,14:39:56,417657962,-933115211,13894834,7828471,26661,86,15543,2650,1023,3,0
$$HAR,14:39:59,417658922,-933107391,13922801,9383624,16284,86,15477,2648,1083,3,0
$$HAR,14:40:2,417657830,-933101640,13949991,10655126,21197,86,15409,2646,1100,3,0
$$HAR,14:40:5,417656497,-933091971,13975340,9527870,31033,86,15341,2644,1061,3,0
$$HAR,14:40:8,417656831,-933082029,14002195,7906468,23739,86,15275,2642,1019,3,0
$$HAR,14:40:11,417658005,-933074169,14028277,8872620,21358,86,15210,2640,1014,3,0
$$HAR,14:40:14,417656838,-933066594,14054258,11014654,22436,86,15144,2638,1057,3,1
$$HAR,14:40:17,417655570,-933056677,14082465,8793018,32721,86,15081,2637,1074,3,0
$$HAR,14:40:20,417656664,-933046139,14110677,8023734,23564,86,15017,2635,1061,3,0
$$HAR,14:40:23,417656932,-933038758,14137126,9006532,23240,86,14951,2633,1018,3,0
$$HAR,14:40:26,417656476,-933028233,14164162,9476224,31803,159,14886,2631,941,3,0
$$HAR,14:40:29,417655725,-933016026,14187673,7944740,28527,91,14822,2629,903,3,0
$$HAR,14:40:32,417657098,-933006757,14215468,9642002,24313,89,14758,2628,903,3,0
$$HAR,14:40:35,417654885,-932997752,14245816,10775316,30303,88,14694,2626,920,3,0
$$HAR,14:40:38,417653747,-932985039,14273046,9058718,37185,88,14628,2624,945,3,0
$$HAR,14:40:41,417654013,-932974013,14299334,8799718,24691,88,14563,2622,945,3,0
$$HAR,14:40:44,417653133,-932964403,14332808,10624008,32542,88,14500,2620,928,3,0
$$HAR,14:40:47,417650044,-932951982,14359314,9963554,36394,88,14434,2619,924,3,0
$$HAR,14:40:50,417650180,-932940357,14388568,8470890,29695,88,14367,2617,919,3,0
$$HAR,14:40:53,417649707,-932931300,14414978,10612644,23367,88,14302,2615,924,3,0
$$HAR,14:40:56,417647132,-932921693,14445828,10468214,35443,88,14238,2614,945,3,0
$$HAR,14:40:59,417645672,-932908290,14469665,9428190,34706,88,14174,2612,992,3,0
$$HAR,14:41:2,417644526,-932898377,14498700,10345982,22799,88,14112,2610,1030,3,0
$$HAR,14:41:5,417641752,-932889071,14527508,11126432,35465,88,14050,2609,1077,3,0
$$HAR,14:41:8,417638795,-932875932,14552321,10173018,35968,88,13986,2607,1073,3,0
$$HAR,14:41:11,417637680,-932864580,14578140,9100336,30421,88,13925,2605,1060,3,0
$$HAR,14:41:14,417636569,-932854677,14603667,11240724,26064,88,13865,2603,1090,3,0
$$HAR,14:41:17,417632985,-932846042,14628553,11809802,32177,88,13807,2601,1124,3,0
$$HAR,14:41:20,417629220,-932834195,14656655,10995790,36530,88,13748,2600,1128,3,0
$$HAR,14:41:23,417627554,-932822559,14684033,9511764,29744,88,13688,2598,1149,3,0
$$HAR,14:41:26,417625679,-932813577,14712101,12095076,27263,88,13629,2596,1188,3,0
$$HAR,14:41:29,417620926,-932803812,14739747,11923580,35770,88,13569,2594,1192,3,0
$$HAR,14:41:32,417617348,-932792006,14763624,10586190,35877,88,13508,2592,1145,3,0
$$HAR,14:41:35,417614641,-932781443,14794508,11968404,25017,88,13451,2590,1111,3,0
$$HAR,14:41:38,417610532,-932774425,14819713,12717004,26175,88,13391,2588,1136,3,0
$$HAR,14:41:41,417606088,-932766581,14841429,12823594,28589,88,13331,2586,1174,3,0
$$HAR,14:41:44,417601527,-932759158,14865284,12700300,26001,88,13277,2584,1179,3,0
$$HAR,14:41:47,417596790,-932750946,14887742,12719928,32683,88,13222,2583,1162,3,0
$$HAR,14:41:50,417592712,-932740760,14913088,10995640,28943,88,13170,2581,1153,3,0
$$HAR,14:41:53,417590979,-932732201,14940176,10805760,20443,88,13117,2578,1149,3,0
$$HAR,14:41:56,417587685,-932726215,14965433,13139390,23265,88,13063,2577,1170,3,0
$$HAR,14:41:59,417583559,-932718685,14996187,12602144,28119,88,13010,2575,1187,3,0
$$HAR,14:42:2,417578978,-932710300,15024532,11975252,25948,88,12952,2573,1148,3,0
$$HAR,14:42:5,417576766,-932704384,15055384,10781272,12800,88,12896,2571,1084,3,0
$$HAR,14:42:8,417575466,-932698779,15087206,10513704,20538,88,12838,2569,1046,3,0
$$HAR,14:42:11,417574433,-932693080,15107443,10069666,12917,88,12779,2568,1046,3,0
$$HAR,14:42:14,417572126,-932686960,15140764,13034518,25785,88,12724,2566,1063,3,0
$$HAR,14:42:17,417567404,-932681937,15166334,14475108,18854,88,12667,2564,1088,3,0
$$HAR,14:42:20,417563107,-932677731,15186925,13807570,21411,88,12609,2562,1058,3,0
$$HAR,14:42:23,417559697,-932671858,15220684,11389042,20292,88,12555,2560,1037,3,0
$$HAR,14:42:26,417558841,-932665779,15248640,9824534,12823,88,12498,2559,1007,3,0
$$HAR,14:42:29,417556820,-932663008,15277853,14861114,12621,88,12439,2557,999,3,0
$$HAR,14:42:32,417553364,-932658826,15307962,13569702,22985,88,12383,2555,994,3,0
$$HAR,14:42:35,417549266,-932653746,15333857,13574254,16492,88,12324,2553,973,3,0
$$HAR,14:42:38,417546800,-932650515,15373352,11650388,12007,88,12269,2552,960,3,0
$$HAR,14:42:41,417546578,-932645044,15396550,7840142,18712,88,12207,2550,951,3,0
$$HAR,14:42:44,417545896,-932640327,15426082,13428314,10355,88,12148,2548,922,3,0
$$HAR,14:42:47,417543494,-932637836,15458010,15566704,15552,88,12091,2546,921,3,0
$$HAR,14:42:50,417539522,-932634568,15481034,13917832,15639,88,12034,2544,960,3,0
$$HAR,14:42:53,417536360,-932631202,15504609,15633082,15399,88,11978,2543,968,3,0
$$HAR,14:42:56,417532708,-932630193,15525146,17608346,12921,180,11925,2541,955,3,0
$$HAR,14:42:59,417531818,-932628109,15562048,9688622,6919,86,11875,2539,943,3,0
$$HAR,14:43:2,417532405,-932624895,15584473,7269131,10265,86,11822,2538,947,3,0
$$HAR,14:43:5,417532821,-932622080,15610030,7232584,5853,86,11772,2536,964,3,0
$$HAR,14:43:8,417533987,-932618692,15636879,7608723,15775,86,11722,2534,1010,3,0
$$HAR,14:43:11,417533982,-932612698,15668804,10817108,15264,86,11671,2532,1062,3,0
$$HAR,14:43:14,417532184,-932609619,15701933,16274454,5924,86,11618,2530,1130,3,0
$$HAR,14:43:17,417532627,-932608568,15729862,5358852,12299,86,11563,2529,1159,3,0
$$HAR,14:43:20,417533997,-932603268,15756185,8519100,15843,86,11508,2527,1181,3,0
$$HAR,14:43:23,417533448,-932597136,15779839,10382420,19074,86,11454,2525,1159,3,0
$$HAR,14:43:26,417532455,-932591511,15815002,8467596,10840,86,11403,2523,1163,3,0
$$HAR,14:43:29,417534133,-932587790,15848935,5692518,16435,86,11351,2521,1197,3,0
$$HAR,14:43:32,417536487,-932580842,15875303,7649518,22227,86,11293,2520,1227,3,0
$$HAR,14:43:35,417537070,-932574964,15912231,8036044,16352,86,11235,2518,1197,3,0
$$HAR,14:43:38,417538519,-932568826,15956478,6616109,12918,86,11178,2516,1112,3,0
$$HAR,14:43:41,417539488,-932566747,15985931,9873726,5538,86,11116,2514,1023,3,0
$$HAR,14:43:44,417538616,-932561407,16009760,9479698,21661,86,11053,2513,963,3,0
$$HAR,14:43:47,417539848,-932554635,16042230,6251491,22551,86,10997,2511,916,3,0
$$HAR,14:43:50,417542066,-932546882,16070082,7585363,22117,86,10942,2509,874,3,0
$$HAR,14:43:53,417544385,-932540056,16097198,5393910,16290,86,10887,2507,865,3,0
$$HAR,14:43:56,417544791,-932535402,16127031,10393984,18739,86,10833,2505,899,3,0
$$HAR,14:43:59,417543285,-932527000,16156551,9944516,27036,86,10780,2503,890,3,0
$$HAR,14:44:2,417543486,-932517045,16184216,7967831,27135,86,10727,2502,924,3,0
$$HAR,14:44:5,417544504,-932509779,16214460,8939174,13717,86,10676,2500,988,3,0
$$HAR,14:44:8,417543298,-932504460,16243533,11005738,19919,86,10624,2498,1022,3,0
$$HAR,14:44:11,417541527,-932496263,16271625,10570500,24837,86,10572,2496,979,3,0
$$HAR,14:44:14,417540940,-932488118,16305286,8344450,20173,86,10521,2494,920,3,0
$$HAR,14:44:17,417542167,-932482925,16334652,8285307,10391,86,10469,2492,877,3,0
$$HAR,14:44:20,417540579,-932478654,16365623,13383584,16062,86,10417,2491,864,3,0
$$HAR,14:44:23,417537901,-932473490,16398307,10246358,19824,86,10366,2489,894,3,0
$$HAR,14:44:26,417538167,-932466256,16427201,8235623,18005,86,10313,2488,928,3,0
$$HAR,14:44:29,417538516,-932461680,16453671,8458700,10675,86,10260,2486,932,3,0
$$HAR,14:44:32,417538704,-932457285,16475722,10133038,13146,86,10210,2484,898,3,0
$$HAR,14:44:35,417538022,-932453070,16508302,8829318,15227,86,10164,2483,903,3,0
$$HAR,14:44:38,417536209,-932445442,16538393,11953996,26474,86,10115,2481,941,3,0
$$HAR,14:44:41,417534058,-932437220,16561579,9981656,21982,86,10066,2479,979,3,0
$$HAR,14:44:44,417531925,-932430137,16586926,12411084,21603,86,10020,2477,1000,3,0
$$HAR,14:44:47,417530796,-932423898,16624626,8572478,14666,86,9974,2476,1042,3,0
$$HAR,14:44:50,417529924,-932420299,16661804,9498316,17528,86,9925,2474,1072,3,0
$$HAR,14:44:53,417529407,-932411073,16689651,10611392,30051,89,9871,2472,1085,3,0
$$HAR,14:44:56,417526259,-932404013,16718478,13176066,17288,89,9819,2470,1089,3,0
$$HAR,14:44:59,417523293,-932398372,16752151,12737208,21557,89,9772,2468,1085,3,0
$$HAR,14:45:2,417519511,-932391219,16786416,11471320,26833,89,9723,2466,1080,3,0
$$HAR,14:45:5,417517855,-932382089,16807648,9536190,22249,89,9672,2464,1080,3,0
$$HAR,14:45:8,417515773,-932374936,16841828,12392020,25389,89,9625,2462,1072,3,0
$$HAR,14:45:11,417511333,-932369119,16872076,15071118,20158,89,9577,2461,1063,3,0
$$HAR,14:45:14,417507784,-932366190,16902399,12887112,15184,89,9529,2459,1067,3,0
$$HAR,14:45:17,417506248,-932362645,16931749,11186574,7720,89,9481,2457,1063,3,0
$$HAR,14:45:20,417505665,-932358590,16953165,10230036,16197,89,9433,2455,1042,3,0
$$HAR,14:45:23,417504743,-932353405,16980222,9826518,11953,89,9390,2453,1016,3,0
$$HAR,14:45:26,417504715,-932349148,17006525,8674644,12747,89,9347,2451,999,3,0
$$HAR,14:45:29,417504375,-932343845,17036853,10102202,14422,97,9305,2450,995,3,0
$$HAR,14:45:32,417503122,-932340816,17079426,16358642,9664,88,9261,2448,982,3,0
$$HAR,14:45:35,417501357,-932340430,17113183,6156945,3480,88,9212,2446,923,3,0
$$HAR,14:45:38,417502247,-932338648,17138040,6373800,5654,88,9161,2444,884,3,0
$$HAR,14:45:41,417501869,-932337685,17168599,15502820,6807,88,9116,2443,859,3,0
$$HAR,14:45:44,417499814,-932334572,17198868,12269274,17189,88,9068,2441,855,3,0
$$HAR,14:45:47,417498264,-932329482,17231124,8849464,13413,88,9022,2439,854,3,0
$$HAR,14:45:50,417499662,-932324630,17258638,5901424,12832,88,8977,2438,846,3,0
$$HAR,14:45:53,417500000,-932322794,17288446,14140472,3360,88,8931,2436,872,3,0
$$HAR,14:45:56,417498584,-932321065,17317107,12729696,11863,88,8886,2434,876,3,0
$$HAR,14:45:59,417496483,-932316069,17346840,10853400,20595,88,8842,2433,918,3,0
$$HAR,14:46:2,417496448,-932309926,17377375,6938605,14439,86,8798,2431,960,3,0
$$HAR,14:46:5,417495254,-932305750,17415983,14642722,15720,86,8753,2429,981,3,0
$$HAR,14:46:8,417491345,-932302897,17441641,13241204,15992,86,8707,2428,977,3,0
$$HAR,14:46:11,417489421,-932298017,17479912,11705586,12208,86,8662,2426,968,3,0
$$HAR,14:46:14,417489789,-932295667,17510138,2969193,6145,86,8615,2424,956,3,0
$$HAR,14:46:17,417488895,-932294957,17540385,16312742,11529,81,8570,2423,956,3,0
$$HAR,14:46:20,417485853,-932292646,17570227,13295156,13356,81,8525,2421,956,3,0
$$HAR,14:46:23,417483131,-932289102,17600894,13842102,15254,81,8480,2420,973,3,0
$$HAR,14:46:26,417480710,-932287761,17641306,21491900,5680,81,8436,2418,981,3,0
$$HAR,14:46:29,417481099,-932287906,17673501,6346920,10090,81,8390,2416,968,3,0
$$HAR,14:46:32,417480398,-932283273,17702260,12253318,14447,82,8343,2414,926,3,0
$$HAR,14:46:35,417477919,-932279968,17741367,14971206,14268,82,8300,2413,892,3,0
$$HAR,14:46:38,417474422,-932279448,17775453,21274168,10499,82,8255,2411,900,3,0
$$HAR,14:46:41,417473179,-932279530,17813917,13472398,13212,82,8208,2409,896,3,0
$$HAR,14:46:44,417469188,-932275217,17846731,15177038,21145,82,8160,2408,883,3,0
$$HAR,14:46:47,417465307,-932275026,17875109,21401296,8653,82,8112,2406,862,3,0
$$HAR,14:46:50,417464181,-932275246,17904409,13179264,5092,82,8068,2405,849,3,0
$$HAR,14:46:53,417463440,-932273900,17942372,8216829,4442,82,8026,2403,849,3,1
$$HAR,14:46:56,417463924,-932273211,17981661,24605132,4048,82,7983,2401,883,3,0
$$HAR,14:46:59,417462130,-932275690,18007564,20912648,12338,82,7935,2399,908,3,0
$$HAR,14:47:2,417460199,-932275798,18042006,15801718,6177,82,7891,2397,900,3,1
$$HAR,14:47:5,417457959,-932273362,18069477,12128606,12505,82,7848,2395,866,3,0
$$HAR,14:47:8,417458146,-932271225,18103299,769474,5905,82,7806,2394,862,3,0
$$HAR,14:47:11,417459688,-932272176,18132981,30721440,5252,82,7766,2392,866,3,0
$$HAR,14:47:14,417460839,-932272905,18163548,165741,7817,82,7725,2390,895,3,0
$$HAR,14:47:17,417462792,-932271325,18201690,7191360,10524,82,7685,2388,908,3,0
$$HAR,14:47:20,417462191,-932268148,18230942,13412340,6151,82,7643,2387,929,3,0
$$HAR,14:47:23,417462672,-932265717,18262404,6344087,12947,82,7602,2385,929,3,0
$$HAR,14:47:26,417465317,-932262708,18296475,48374,13251,82,7562,2383,946,3,0
$$HAR,14:47:29,417468089,-932263867,18331957,31790898,7567,81,7521,2381,967,3,0
$$HAR,14:47:32,417469255,-932265293,18365759,31811760,7298,81,7480,2379,959,3,0
$$HAR,14:47:35,417471588,-932266906,18394971,35944492,12509,81,7439,2378,916,3,0
$$HAR,14:47:38,417474262,-932264037,18428133,6930176,14888,81,7398,2376,870,3,0
$$HAR,14:47:41,417475053,-932260867,18465856,6895382,2362,81,7358,2374,844,3,0
$$HAR,14:47:44,417475322,-932260605,18500092,3811278,2789,81,7316,2373,857,3,0
$$HAR,14:47:47,417475739,-932257142,18541546,7892416,16349,81,7276,2371,886,3,0
$$HAR,14:47:50,417478414,-932251627,18568236,3669190,20208,82,7232,2369,924,3,0
$$HAR,14:47:53,417481525,-932248678,18595460,3412691,9198,81,7189,2368,946,3,0
$$HAR,14:47:56,417482968,-932247782,18630916,8360464,4253,81,7150,2366,937,3,0
$$HAR,14:47:59,417482624,-932244648,18663512,9807912,15098,97,7111,2364,945,3,0
$$HAR,14:48:2,417483345,-932239346,18690508,5869132,12751,79,7073,2363,954,3,0
$$HAR,14:48:5,417484540,-932234703,18725722,7724847,13457,79,7036,2361,975,3,0
$$HAR,14:48:8,417484462,-932231230,18774227,14099970,6864,79,6997,2359,1009,3,0
$$HAR,14:48:11,417483365,-932231887,18801196,27879248,5489,78,6954,2358,1004,3,0
$$HAR,14:48:14,417483293,-932230749,18835904,13425234,8937,78,6914,2356,979,3,0
$$HAR,14:48:17,417480977,-932230309,18860596,15787754,9732,78,6874,2354,958,3,0
$$HAR,14:48:20,417480193,-932225899,18895987,7547254,13449,78,6837,2353,966,3,0
$$HAR,14:48:23,417481118,-932223705,18934691,5297732,9129,78,6800,2351,991,3,0
$$HAR,14:48:26,417482759,-932219320,18975009,7917157,14085,78,6761,2349,1013,3,0
$$HAR,14:48:29,417481370,-932217281,19016041,16404068,14558,78,6719,2348,1047,3,0
$$HAR,14:48:32,417478310,-932215859,19049512,17288190,4099,78,6679,2346,1063,3,0
$$HAR,14:48:35,417478657,-932216248,19081732,12089984,4269,78,6638,2345,1076,3,0
$$HAR,14:48:38,417477304,-932212732,19120721,12752388,13334,78,6598,2343,1042,3,0
$$HAR,14:48:41,417475809,-932212005,19160795,25381484,8259,78,6560,2342,1067,3,0
$$HAR,14:48:44,417474611,-932213508,19203829,13934674,10003,78,6522,2340,1093,3,0
$$HAR,14:48:47,417473509,-932209703,19238075,10266548,9621,78,6480,2339,1110,3,0
$$HAR,14:48:50,417470953,-932207728,19270145,18037376,16045,78,6440,2337,1131,3,0
$$HAR,14:48:53,417467503,-932206185,19303844,12968794,12237,78,6400,2335,1152,3,0
$$HAR,14:48:56,417466060,-932202135,19341128,12579210,9934,78,6362,2334,1147,3,0
$$HAR,14:48:59,417464655,-932201828,19382969,24711206,4463,78,6324,2332,1139,3,0
$$HAR,14:49:2,417464199,-932204795,19412377,23236280,10481,78,6284,2330,1143,3,1
$$HAR,14:49:5,417461067,-932205292,19445542,16575216,14764,78,6247,2329,1088,3,0
$$HAR,14:49:8,417457925,-932204499,19475135,16923202,8893,78,6210,2327,1050,3,0
$$HAR,14:49:11,417455188,-932204031,19517246,19924704,11043,78,6176,2326,995,3,0
$$HAR,14:49:14,417455016,-932205665,19553357,72400,9037,78,6139,2324,978,3,0
$$HAR,14:49:17,417454200,-932204471,19597973,16589370,14310,78,6103,2322,953,3,0
$$HAR,14:49:20,417450033,-932203905,19630840,18152690,8796,78,6065,2321,940,3,0
$$HAR,14:49:23,417448992,-932205189,19663312,22930328,11574,79,6026,2319,906,3,0
$$HAR,14:49:26,417445479,-932206394,19698359,16573782,9325,79,5989,2318,893,3,0
$$HAR,14:49:29,417444834,-932207083,19741467,21210308,5941,79,5953,2316,885,3,0
$$HAR,14:49:32,417441658,-932205637,19778587,14286256,18368,79,5915,2314,859,3,0
$$HAR,14:49:35,417438239,-932203271,19805478,18960610,10439,79,5878,2313,830,3,0
$$HAR,14:49:38,417434542,-932205269,19828569,18987914,16485,79,5844,2311,783,3,0
$$HAR,14:49:41,417432177,-932206485,19866520,25703712,7781,79,5813,2310,792,3,0
$$HAR,14:49:44,417433044,-932208280,19908167,30303864,6958,79,5782,2308,842,3,0
$$HAR,14:49:47,417432193,-932212285,19941930,23970336,16358,79,5748,2307,889,3,0
$$HAR,14:49:50,417429615,-932214467,19977171,17190260,9624,79,5715,2306,901,3,0
$$HAR,14:49:53,417427830,-932213215,20009860,9644390,5793,79,5682,2304,918,3,0
$$HAR,14:49:56,417427807,-932211786,20052953,20508514,1920,79,5649,2302,948,3,0
$$HAR,14:49:59,417428519,-932213786,20091260,30750398,10109,78,5615,2301,977,3,0
$$HAR,14:50:2,417428007,-932216288,20122318,20937584,10781,78,5579,2299,998,3,0
$$HAR,14:50:5,417426547,-932217215,20164483,13973294,4308,78,5548,2297,1011,3,0
$$HAR,14:50:8,417424761,-932215081,20205657,12860406,11267,78,5514,2296,1028,3,0
$$HAR,14:50:11,417424115,-932211209,20226986,7014949,10924,78,5479,2294,1040,3,0
$$HAR,14:50:14,417423421,-932210612,20261098,19797914,10524,78,5447,2293,1036,3,0
$$HAR,14:50:17,417420627,-932212352,20288029,22288454,11745,78,5414,2291,1044,3,0
$$HAR,14:50:20,417419142,-932213715,20321510,15197892,7450,78,5386,2290,1078,3,0
$$HAR,14:50:23,417417069,-932211410,20353965,10465440,6808,78,5358,2288,1091,3,0
$$HAR,14:50:26,417418143,-932210564,20378759,33742304,7308,78,5328,2287,1129,3,0
$$HAR,14:50:29,417418897,-932211091,20403029,21488254,1803,82,5300,2285,1175,3,0
$$HAR,14:50:32,417418265,-932213468,20436407,23325094,10686,82,5274,2283,1239,3,0
$$HAR,14:50:35,417416708,-932213670,20480268,9341638,4523,77,5248,2282,1289,3,0
$$HAR,14:50:38,417417718,-932214065,20532613,30607682,9429,77,5219,2280,1302,3,0
$$HAR,14:50:41,417418091,-932218810,20560640,24948826,17686,77,5186,2279,1272,3,0
$$HAR,14:50:44,417416751,-932221409,20595244,33621024,908,77,5155,2277,1230,3,0
$$HAR,14:50:47,417416999,-932220749,20632319,12861260,1840,77,5124,2276,1200,3,0
$$HAR,14:50:50,417417042,-932223085,20673143,28814296,13956,77,5095,2274,1209,3,0
$$HAR,14:50:53,417417478,-932226596,20722829,21479058,7572,77,5064,2273,1221,3,0
$$HAR,14:50:56,417414484,-932226441,20755518,14642614,9787,77,5030,2271,1217,3,0
$$HAR,14:50:59,417415483,-932225616,20790821,34919284,12348,77,4996,2269,1200,3,0
$$HAR,14:51:2,417417887,-932227809,20827581,30273330,9413,77,4966,2268,1204,3,0
$$HAR,14:51:5,417418897,-932231076,20870093,27162564,9491,77,4935,2266,1229,3,0
$$HAR,14:51:8,417418331,-932232286,20908738,10075640,4318,77,4904,2265,1229,3,0
$$HAR,14:51:11,417420194,-932230364,20938126,986755,12880,77,4872,2263,1204,3,0
$$HAR,14:51:14,417422231,-932230926,20973858,29763706,5695,77,4844,2262,1153,3,0
$$HAR,14:51:17,417422275,-932233126,21004254,27015844,997,77,4815,2260,1119,3,0
$$HAR,14:51:20,417424040,-932232145,21038719,35091596,12110,77,4787,2258,1094,3,0
$$HAR,14:51:23,417427374,-932234540,21070921,33651124,15549,77,4759,2257,1107,3,0
$$HAR,14:51:26,417430776,-932233789,21110507,3936459,8376,77,4732,2255,1132,3,0
$$HAR,14:51:29,417431256,-932234997,21150391,26577468,7708,77,4704,2254,1140,3,0
$$HAR,14:51:32,417431124,-932236400,21190760,11031906,4081,77,4678,2252,1157,3,0
$$HAR,14:51:35,417430717,-932235449,21230337,13989260,2447,77,4649,2251,1144,3,0
$$HAR,14:51:38,417431350,-932233325,21265639,5201777,12430,77,4617,2249,1140,3,0
$$HAR,14:51:41,417433993,-932231480,21306387,34669716,6798,77,4589,2248,1157,3,0
$$HAR,14:51:44,417435062,-932233166,21357148,27705110,7206,77,4559,2246,1153,3,0
$$HAR,14:51:47,417433036,-932234719,21393208,17347916,12798,77,4529,2245,1178,3,0
$$HAR,14:51:50,417431572,-932233385,21419448,8805504,2628,78,4497,2243,1182,3,0
$$HAR,14:51:53,417431202,-932234818,21438985,22107526,10027,77,4469,2242,1135,3,0
$$HAR,14:51:56,417430763,-932236318,21475698,33344976,7908,79,4445,2240,1114,3,0
$$HAR,14:51:59,417433430,-932238674,21514156,32157400,7962,77,4420,2239,1123,3,0
$$HAR,14:52:2,417435026,-932237717,21551994,2502390,13555,77,4393,2237,1127,3,0
$$HAR,14:52:5,417438050,-932236642,21590771,3892617,3708,77,4367,2236,1123,3,0
$$HAR,14:52:8,417437754,-932234300,21622575,4205771,6068,77,4340,2234,1131,3,0
$$HAR,14:52:11,417439336,-932236591,21651243,26872670,15766,78,4317,2233,1308,3,0
$$HAR,14:52:14,417438578,-932238609,21681054,3394286,4815,78,4292,2232,1182,3,0
$$HAR,14:52:17,417439645,-932238791,21718468,10801684,287,78,4268,2230,1245,3,0
$$HAR,14:52:20,417439790,-932237584,21762333,6305343,2035,78,4244,2229,1304,3,0
$$HAR,14:52:23,417439306,-932238801,21794323,22502764,11376,78,4218,2228,1359,3,0
$$HAR,14:52:26,417438020,-932241279,21830882,32161318,3990,78,4193,2227,1393,3,0
$$HAR,14:52:29,417439403,-932242194,21873577,24892680,7913,78,4167,2226,1414,3,0
$$HAR,14:52:32,417436653,-932244713,21905934,18914796,17598,78,4141,2224,1452,3,0
$$HAR,14:52:35,417436263,-932245887,21947412,33500630,10838,78,4115,2223,1448,3,0
$$HAR,14:52:38,417437479,-932247578,21993720,19195812,3333,78,4090,2222,1431,3,0
$$HAR,14:52:41,417436115,-932246040,22034190,31914308,4539,78,4062,2221,1448,3,0
$$HAR,14:52:44,417437232,-932249280,22067119,26329812,10373,78,4036,2220,1575,3,0
$$HAR,14:52:47,417437014,-932248796,22100643,7424514,10446,84,4009,2218,1502,3,0
$$HAR,14:52:50,417438514,-932246784,22142367,27326800,1689,78,3985,2217,1545,3,0
$$HAR,14:52:53,417436975,-932247414,22190178,907489,5030,78,3962,2216,1643,3,0
$$HAR,14:52:56,417438961,-932247104,22215697,34756772,11114,78,3932,2215,1642,3,0
$$HAR,14:52:59,417440129,-932246686,22235265,2787587,5154,80,3910,2214,1680,3,0
$$HAR,14:53:2,417440833,-932246190,22185694,1956615,3216,78,3888,2212,1718,3,0
$$HAR,14:53:5,417441029,-932246510,22117016,34536216,4927,78,3880,2211,1761,3,0
$$HAR,14:53:8,417441096,-932247134,22047523,31280974,5890,78,3886,2210,1821,3,0
$$HAR,14:53:11,417441138,-932248284,21979925,29032638,6026,78,3901,2209,1906,3,0
$$HAR,14:53:14,417440934,-932248850,21914749,20072856,6654,78,3924,2208,1978,3,0
$$HAR,14:53:17,417440115,-932249922,21852038,18266598,3828,78,3952,2206,2042,3,0
$$HAR,14:53:20,417439898,-932250773,21788199,26591864,4785,78,3983,2205,2067,3,0
$$HAR,14:53:23,417440281,-932251838,21725765,27456954,7087,83,4017,2204,2071,3,0
$$HAR,14:53:26,417440536,-932253364,21662466,30279406,6759,80,4054,2202,2075,3,0
$$HAR,14:53:29,417441597,-932253707,21599808,30828106,5813,78,4093,2201,2075,3,0
$$HAR,14:53:32,417442503,-932254178,21538478,1834138,5304,78,4133,2200,2067,3,0
$$HAR,14:53:35,417443122,-932254346,21477031,11165338,1593,78,4175,2199,2058,3,0
$$HAR,14:53:38,417443503,-932254980,21415917,24969590,4526,78,4217,2198,2033,3,0
$$HAR,14:53:41,417443810,-932255833,21354686,33205680,4999,78,4259,2197,2015,3,0
$$HAR,14:53:44,417444729,-932255750,21293446,3059912,6448,78,4302,2195,1994,3,0
$$HAR,14:53:47,417446006,-932255660,21231675,2688539,2772,78,4346,2194,2002,3,0
$$HAR,14:53:50,417447690,-932255653,21170356,33988416,9468,78,4390,2193,1956,3,0
$$HAR,14:53:53,417449629,-932255518,21110414,1165229,10538,78,4434,2192,1943,3,0
$$HAR,14:53:56,417451737,-932255275,21051208,1501709,10357,78,4480,2191,1926,3,0
$$HAR,14:53:59,417453790,-932255528,20992798,34817088,3693,78,4526,2190,1908,3,0
$$HAR,14:54:2,417455724,-932256656,20932900,30949450,6994,78,4571,2189,1913,3,0
$$HAR,14:54:5,417457420,-932257985,20873601,28880338,4130,78,4617,2188,1879,3,0
$$HAR,14:54:8,417458545,-932259379,20814154,25223626,2323,78,4663,2187,1862,3,0
$$HAR,14:54:11,417458924,-932260797,20758076,24864080,4809,78,4708,2186,1844,3,0
$$HAR,14:54:14,417459136,-932262084,20700397,23288584,6356,78,4754,2185,1840,3,0
$$HAR,14:54:17,417458580,-932263707,20642588,25736390,8424,78,4801,2184,1810,3,0
$$HAR,14:54:20,417457986,-932265239,20584533,30675844,2194,78,4848,2183,1781,3,0
$$HAR,14:54:23,417457680,-932266471,20526888,20184286,4355,78,4896,2182,1755,3,0
$$HAR,14:54:26,417456911,-932267465,20470134,20275308,7214,78,4943,2181,1738,3,0
$$HAR,14:54:29,417456276,-932268155,20412709,27154980,4901,78,4989,2180,1729,3,0
$$HAR,14:54:32,417455925,-932268959,20355360,30055870,3133,78,5037,2179,1717,3,0
$$HAR,14:54:35,417455099,-932269567,20298768,15974806,1408,78,5085,2178,1691,3,0
$$HAR,14:54:38,417454227,-932269802,20241758,11217954,4075,78,5133,2177,1678,3,1
$$HAR,14:54:41,417453255,-932269056,20185034,13131060,7593,78,5182,2176,1666,3,0
$$HAR,14:54:44,417452555,-932268320,20129481,18263180,5144,81,5232,2175,1653,3,0
$$HAR,14:54:47,417451941,-932268117,20072834,26885000,2719,81,5281,2174,1636,3,0
$$HAR,14:54:50,417451509,-932268307,20017292,35400776,2481,81,5331,2173,1619,3,0
$$HAR,14:54:53,417451089,-932269212,19960726,15930174,1332,81,5382,2171,1610,3,0
$$HAR,14:54:56,417450571,-932270232,19904096,22247130,6992,81,5433,2170,1606,3,0
$$HAR,14:54:59,417449760,-932271569,19846879,25216760,8135,81,5484,2170,1576,3,0
$$HAR,14:55:2,417449050,-932272999,19792754,25090984,2381,81,5538,2169,1563,3,0
$$HAR,14:55:5,417447640,-932273673,19737645,16301972,6135,81,5589,2168,1559,3,0
$$HAR,14:55:8,417446124,-932273831,19682228,18009496,9552,81,5641,2167,1551,3,0
$$HAR,14:55:11,417444628,-932273873,19627373,18923046,7798,81,5693,2166,1542,3,0
$$HAR,14:55:14,417443145,-932273524,19573405,20264786,5344,81,5746,2165,1525,3,0
$$HAR,14:55:17,417441976,-932272936,19520403,18554234,1452,81,5800,2164,1521,3,0
$$HAR,14:55:20,417441027,-932272255,19467253,11764844,5472,81,5853,2163,1508,3,0
$$HAR,14:55:23,417439774,-932271612,19413956,16896954,8598,81,5906,2162,1504,3,0
$$HAR,14:55:26,417438368,-932271514,19357387,19153694,9442,81,5960,2161,1479,3,0
$$HAR,14:55:29,417436871,-932271613,19303839,19101604,9384,81,6014,2160,1453,3,0
$$HAR,14:55:32,417435088,-932271361,19251493,17889520,3299,81,6069,2159,1445,3,0
$$HAR,14:55:35,417433613,-932270814,19200446,15441240,3245,87,6123,2158,1419,3,1
$$HAR,14:55:38,417432333,-932270035,19149487,13850572,7697,82,6178,2158,1402,3,0
$$HAR,14:55:41,417431067,-932268724,19098873,16495530,8507,81,6233,2156,1390,3,0
$$HAR,14:55:44,417430027,-932267082,19047856,15251254,4650,81,6287,2155,1381,3,0
$$HAR,14:55:47,417429078,-932264969,18997730,10615926,3139,81,6342,2154,1368,3,0
$$HAR,14:55:50,417428416,-932262655,18946627,7675257,7748,81,6397,2153,1355,3,0
$$HAR,14:55:53,417427951,-932259742,18895769,9962790,11763,80,6452,2152,1339,3,0
$$HAR,14:55:56,417427808,-932256714,18844956,10973692,10589,80,6508,2151,1322,3,0
$$HAR,14:55:59,417427534,-932253856,18795797,12722928,8188,80,6563,2150,1309,3,0
$$HAR,14:56:2,417427131,-932250967,18746452,11703256,5996,80,6620,2149,1326,3,0
$$HAR,14:56:5,417427228,-932248341,18697109,6043680,4575,80,6676,2148,1292,3,0
$$HAR,14:56:8,417428007,-932245552,18648689,5960601,4773,80,6730,2147,1275,3,0
$$HAR,14:56:11,417428813,-932242910,18601036,4724543,8794,80,6786,2146,1262,3,0
$$HAR,14:56:14,417429889,-932240068,18552702,5789613,13159,80,6841,2145,1258,3,0
$$HAR,14:56:17,417431304,-932236959,18503886,7616664,10303,80,6899,2144,1246,3,0
$$HAR,14:56:20,417432832,-932234052,18455910,5969483,6942,80,6955,2143,1229,3,0
$$HAR,14:56:23,417434563,-932231601,18407022,2431537,5417,80,7013,2142,1224,3,0
$$HAR,14:56:26,417436348,-932230011,18359895,719248,5397,80,7070,2141,1203,3,0
$$HAR,14:56:29,417438087,-932228767,18312880,5813,6790,80,7127,2141,1199,3,0
$$HAR,14:56:32,417439742,-932227653,18265899,3846249,9302,80,7186,2140,1191,3,0
$$HAR,14:56:35,417441069,-932226704,18217514,4991025,7789,80,7242,2139,1178,3,0
$$HAR,14:56:38,417442079,-932225677,18170932,7500679,5774,80,7302,2138,1174,3,0
$$HAR,14:56:41,417442451,-932225126,18122128,11333110,4688,80,7360,2137,1144,3,0
$$HAR,14:56:44,417442242,-932224518,18075162,14346550,5797,80,7418,2136,1140,3,0
$$HAR,14:56:47,417441663,-932223857,18027562,15342306,7014,80,7477,2135,1110,3,0
$$HAR,14:56:50,417440671,-932223203,17982128,19539204,4235,80,7536,2134,1094,3,0
$$HAR,14:56:53,417439831,-932222280,17936712,19115218,4516,80,7596,2133,1072,3,0
$$HAR,14:56:56,417438562,-932220870,17890505,17644530,7647,80,7654,2133,1072,3,0
$$HAR,14:56:59,417436870,-932219476,17844571,17556488,8278,80,7713,2132,1052,3,0
$$HAR,14:57:2,417434577,-932217770,17798207,17025842,9651,80,7773,2131,1047,3,0
$$HAR,14:57:5,417432341,-932215903,17752787,13197956,7412,80,7834,2130,1035,3,0
$$HAR,14:57:8,417430125,-932213840,17706255,12077400,9482,80,7895,2130,1022,3,0
$$HAR,14:57:11,417427968,-932211379,17659548,12283336,11676,80,7956,2129,1005,3,0
$$HAR,14:57:14,417426153,-932208986,17613672,12425702,12391,80,8017,2128,1005,3,0
$$HAR,14:57:17,417424579,-932206622,17568064,12187368,11845,80,8077,2127,1001,3,0
$$HAR,14:57:20,417423208,-932204436,17522645,12526852,11239,80,8140,2127,1001,3,0
$$HAR,14:57:23,417421864,-932202183,17478815,12983202,12439,80,8202,2126,988,3,0
$$HAR,14:57:26,417420333,-932199415,17434101,13043458,14441,80,8264,2125,971,3,0
$$HAR,14:57:29,417418611,-932195705,17389933,12524898,15908,80,8326,2124,959,3,0
$$HAR,14:57:32,417417676,-932191456,17345619,10810288,15800,80,8389,2124,946,3,0
$$HAR,14:57:35,417416894,-932187421,17302539,11760982,13057,80,8452,2123,959,3,0
$$HAR,14:57:38,417416364,-932183786,17258686,11635058,11219,80,8514,2122,925,3,0
$$HAR,14:57:41,417416135,-932180415,17215177,11879830,9016,80,8578,2121,921,3,0
$$HAR,14:57:44,417415851,-932177252,17171489,12492520,7986,80,8641,2121,908,3,0
$$HAR,14:57:47,417415414,-932174297,17127887,12896994,7585,80,8704,2120,900,3,0
$$HAR,14:57:50,417414607,-932171419,17085441,13814432,7304,80,8767,2119,900,3,0
$$HAR,14:57:53,417413553,-932168630,17042104,14193510,7359,80,8833,2118,887,3,0
$$HAR,14:57:56,417412360,-932165836,16998997,12163224,7628,80,8897,2117,875,3,0
$$HAR,14:57:59,417410694,-932162351,16956093,10547322,11707,80,8961,2116,875,3,0
$$HAR,14:58:2,417408630,-932158199,16913152,12872930,12169,88,9026,2116,866,3,0
$$HAR,14:58:5,417406030,-932153331,16870512,12053794,20117,80,9092,2115,858,3,0
$$HAR,14:58:8,417403407,-932148091,16827659,12961758,21038,80,9157,2114,858,3,0
$$HAR,14:58:11,417400911,-932142059,16784556,12184318,23662,80,9224,2114,850,3,0
$$HAR,14:58:14,417398324,-932135953,16742212,12507622,21127,80,9289,2113,854,3,0
$$HAR,14:58:17,417396192,-932130030,16700141,12323844,19702,80,9356,2112,841,3,0
$$HAR,14:58:20,417394482,-932124058,16658746,11954276,19557,80,9423,2111,837,3,0
$$HAR,14:58:23,417393289,-932117889,16616797,11308718,18517,80,9490,2111,837,3,0
$$HAR,14:58:26,417391859,-932111855,16574719,11689814,14414,80,9556,2110,833,3,0
$$HAR,14:58:29,417390533,-932106008,16532869,10534138,13332,80,9623,2109,828,3,0
$$HAR,14:58:32,417389366,-932100225,16490438,9577734,14233,80,9690,2108,828,3,0
$$HAR,14:58:35,417388153,-932094892,16448610,9133842,14476,80,9758,2108,820,3,0
$$HAR,14:58:38,417387030,-932089417,16406990,9232830,13277,80,9826,2107,816,3,0
$$HAR,14:58:41,417385768,-932083975,16364712,9787812,11991,80,9895,2106,791,3,0
$$HAR,14:58:44,417384586,-932078615,16323122,9285358,12684,80,9964,2105,770,3,0
$$HAR,14:58:47,417383720,-932072662,16282208,9348514,13597,80,10035,2104,766,3,0
$$HAR,14:58:50,417382922,-932065903,16241446,10476910,15883,80,10103,2103,766,3,0
$$HAR,14:58:53,417382233,-932058925,16201186,9302218,17008,80,10174,2102,753,3,0
$$HAR,14:58:56,417381981,-932051419,16160271,8396684,20913,80,10243,2101,740,3,0
$$HAR,14:58:59,417381602,-932043272,16119424,8587836,19189,80,10314,2101,732,3,0
$$HAR,14:59:2,417381776,-932035164,16078876,7902253,22079,80,10383,2100,728,3,0
$$HAR,14:59:5,417382031,-932027691,16037835,7821356,22056,80,10455,2099,719,3,0
$$HAR,14:59:8,417382313,-932020558,15997344,8657882,22191,80,10526,2098,719,3,0
$$HAR,14:59:11,417382662,-932013974,15957372,9375460,18519,80,10599,2098,732,3,0
$$HAR,14:59:14,417383462,-932007848,15917895,8697976,20955,80,10670,2097,707,3,0
$$HAR,14:59:17,417383978,-932001732,15878183,9693432,16372,80,10740,2096,711,3,0
$$HAR,14:59:20,417384512,-931996624,15838491,9202384,18191,80,10812,2095,694,3,0
$$HAR,14:59:23,417384725,-931991474,15798745,9014984,18571,80,10883,2095,698,3,0
$$HAR,14:59:26,417384526,-931986630,15759584,8474044,16679,80,10956,2094,673,3,0
$$HAR,14:59:29,417384342,-931982460,15720164,7664749,13250,80,11027,2093,665,3,0
$$HAR,14:59:32,417383897,-931978171,15680651,7757700,8733,81,11098,2092,665,3,1
$$HAR,14:59:35,417383554,-931974108,15641514,8760534,6939,80,11171,2091,652,3,0
$$HAR,14:59:38,417383178,-931970078,15602353,11458120,7531,80,11245,2090,627,3,0
$$HAR,14:59:41,417382512,-931966327,15563527,12925842,8086,80,11317,2089,623,3,0
$$HAR,14:59:44,417381371,-931962693,15523677,13834070,9226,80,11392,2089,623,3,0
$$HAR,14:59:47,417379817,-931959464,15485626,11823828,8472,80,11465,2088,606,3,0
$$HAR,14:59:50,417377990,-931956176,15447398,10611022,10873,80,11538,2087,602,3,0
$$HAR,14:59:53,417376315,-931952532,15409023,11078204,15166,80,11612,2087,606,3,0
$$HAR,14:59:56,417374222,-931948702,15371085,10715944,13927,81,11685,2086,594,3,0
$$HAR,14:59:59,417372206,-931944800,15333557,10744584,12623,80,11760,2085,585,3,0
$$HAR,15:0:2,417370064,-931940584,15295867,11467914,15583,80,11834,2084,581,3,0
$$HAR,15:0:5,417367975,-931936524,15257829,10979768,15438,80,11909,2083,577,3,0
$$HAR,15:0:8,417365467,-931932295,15222939,13140330,11930,80,11984,2083,569,3,0
$$HAR,15:0:11,417363221,-931927699,15188438,13398570,13810,80,12057,2082,569,3,0
$$HAR,15:0:14,417360661,-931922791,15152319,12352930,13431,80,12129,2081,556,3,0
$$HAR,15:0:17,417357975,-931917357,15114296,12035110,14239,80,12201,2080,552,3,0
$$HAR,15:0:20,417355343,-931911459,15077144,11468696,16580,80,12275,2079,548,3,0
$$HAR,15:0:23,417352560,-931904869,15040213,11098832,20441,80,12349,2078,548,3,1
$$HAR,15:0:26,417349747,-931897887,15003288,10880228,23047,80,12423,2077,548,3,0
$$HAR,15:0:29,417346677,-931890473,14967066,11054400,22046,80,12498,2076,535,3,0
$$HAR,15:0:32,417343170,-931881760,14933045,12249682,29800,104,12573,2075,531,3,0
$$HAR,15:0:35,417339860,-931873671,14897981,12594098,23609,82,12649,2074,510,3,0
$$HAR,15:0:38,417336475,-931865169,14860652,12823826,27442,82,12722,2073,519,3,0
$$HAR,15:0:41,417332696,-931856484,14823111,12848814,28400,82,12797,2072,523,3,0
$$HAR,15:0:44,417329035,-931847676,14787299,12053188,26683,82,12872,2071,531,3,0
$$HAR,15:0:47,417325463,-931838007,14753400,11080238,31991,82,12948,2070,514,3,0
$$HAR,15:0:50,417321996,-931827749,14722300,11740994,30557,82,13023,2069,523,3,0
$$HAR,15:0:53,417318555,-931817178,14687451,11633278,28350,89,13095,2068,535,3,0
$$HAR,15:0:56,417315851,-931806175,14652721,11520714,35932,86,13169,2067,552,3,0
$$HAR,15:0:59,417312810,-931795327,14616478,11276300,36388,86,13244,2066,535,3,0
$$HAR,15:1:2,417310082,-931784650,14581059,10275508,35706,86,13321,2065,522,3,0
$$HAR,15:1:5,417306929,-931773486,14548179,10704608,27516,86,13397,2064,518,3,0
$$HAR,15:1:8,417304555,-931762440,14513471,11112234,28673,86,13471,2063,514,3,0
$$HAR,15:1:11,417302032,-931751524,14478506,11309332,28348,86,13547,2062,493,3,0
$$HAR,15:1:14,417300644,-931741633,14446449,9592296,32960,86,13622,2061,473,3,0
$$HAR,15:1:17,417298611,-931730947,14412139,9571064,27175,86,13698,2059,460,3,0
$$HAR,15:1:20,417296851,-931720463,14376384,10021720,24919,86,13773,2058,439,3,0
$$HAR,15:1:23,417295673,-931709576,14342726,10787186,31718,86,13849,2057,431,3,0
$$HAR,15:1:26,417294458,-931699583,14308535,9652192,33330,87,13928,2056,431,3,0
$$HAR,15:1:29,417293433,-931689148,14273401,9144980,32740,86,14006,2055,422,3,0
$$HAR,15:1:32,417292191,-931678619,14239533,8961566,27824,86,14084,2054,410,3,0
$$HAR,15:1:35,417291298,-931668501,14204909,8939756,28318,86,14161,2053,406,3,0
$$HAR,15:1:38,417290227,-931658956,14170544,9115812,22589,86,14238,2052,406,3,0
$$HAR,15:1:41,417289757,-931648817,14138261,10420492,28542,86,14317,2051,414,3,0
$$HAR,15:1:44,417289180,-931640154,14105980,8697742,28419,87,14395,2049,402,3,0
$$HAR,15:1:47,417288658,-931631006,14071659,8495924,26173,86,14473,2048,377,3,0
$$HAR,15:1:50,417287869,-931621812,14038105,9174806,20710,86,14551,2047,368,3,0
$$HAR,15:1:53,417287449,-931613276,14003781,9060224,19905,86,14629,2046,372,3,0
$$HAR,15:1:56,417286990,-931604305,13970823,10664000,24577,86,14709,2045,368,3,0
$$HAR,15:1:59,417286418,-931596155,13937854,9898922,27217,86,14789,2044,368,3,0
$$HAR,15:2:2,417285607,-931588211,13903155,9075140,25912,86,14867,2042,343,3,0
$$HAR,15:2:5,417284507,-931580261,13869173,8860494,21166,86,14948,2041,331,3,0
$$HAR,15:2:8,417283548,-931572735,13835054,8962786,18927,86,15028,2040,327,3,0
$$HAR,15:2:11,417282365,-931565040,13803365,10583552,16542,86,15109,2039,314,3,0
$$HAR,15:2:14,417281287,-931557919,13769454,9912730,16233,86,15189,2037,306,3,0
$$HAR,15:2:17,417280051,-931550848,13735293,10689478,15358,86,15269,2036,302,3,0
$$HAR,15:2:20,417278914,-931544010,13701683,11733780,17931,86,15352,2035,289,3,0
$$HAR,15:2:23,417277872,-931537799,13668453,11164598,21399,86,15434,2033,281,3,0
$$HAR,15:2:26,417276581,-931531950,13635327,10182248,21277,86,15516,2032,273,3,0
$$HAR,15:2:29,417274564,-931526032,13602543,10089202,14516,86,15599,2031,269,3,0
$$HAR,15:2:32,417272835,-931519876,13569812,11861200,14168,86,15682,2030,273,3,0
$$HAR,15:2:35,417271021,-931513641,13536529,12732102,20473,86,15764,2028,281,3,0
$$HAR,15:2:38,417268856,-931508510,13505409,10521812,19916,86,15847,2027,306,3,0
$$HAR,15:2:41,417266603,-931502985,13472449,10481596,15522,86,15928,2026,281,3,0
$$HAR,15:2:44,417264182,-931497247,13439901,11921476,13676,86,16011,2025,281,3,0
$$HAR,15:2:47,417261788,-931491518,13406356,12220028,14854,86,16095,2024,289,3,0
$$HAR,15:2:50,417258844,-931486015,13373656,12699536,14879,86,16178,2023,297,3,0
$$HAR,15:2:53,417255818,-931480418,13340556,12913628,15832,86,16261,2021,310,3,0
$$HAR,15:2:56,417252380,-931474547,13306697,13825396,17447,86,16347,2020,310,3,0
$$HAR,15:2:59,417249069,-931468592,13274196,13976572,23543,86,16433,2019,306,3,0
$$HAR,15:3:2,417245235,-931463108,13241890,13895806,24596,86,16519,2018,302,3,0
$$HAR,15:3:5,417241054,-931457498,13209024,14128044,26094,86,16605,2017,310,3,0
$$HAR,15:3:8,417236409,-931451926,13175516,14012890,28076,86,16692,2016,310,3,0
$$HAR,15:3:11,417231549,-931447053,13143956,13122894,20842,86,16780,2015,310,3,0
$$HAR,15:3:14,417226494,-931440871,13111995,14519810,21764,86,16866,2014,306,3,0
$$HAR,15:3:17,417221440,-931434529,13078228,15058228,25118,104,16950,2012,285,3,0
$$HAR,15:3:20,417216561,-931428549,13046503,13474966,31128,89,17037,2011,268,3,0
$$HAR,15:3:23,417210409,-931422672,13016348,14133910,22974,89,17125,2010,260,3,0
$$HAR,15:3:26,417204936,-931416126,12984188,14572960,26155,89,17212,2008,256,3,0
$$HAR,15:3:29,417199950,-931409364,12952781,13500384,32302,89,17298,2007,252,3,0
$$HAR,15:3:32,417194376,-931402489,12920330,12893752,30254,89,17385,2006,223,3,0
$$HAR,15:3:35,417188574,-931395306,12887391,12941198,29188,89,17473,2004,227,3,0
$$HAR,15:3:38,417182788,-931388219,12854499,12979434,25755,89,17561,2003,235,3,0
$$HAR,15:3:41,417176730,-931380212,12823127,14364438,30298,89,17650,2002,243,3,0
$$HAR,15:3:44,417171340,-931372601,12792274,13190122,34532,89,17740,2001,272,3,0
$$HAR,15:3:47,417165670,-931365231,12760336,12441442,28932,89,17828,1999,227,3,0
$$HAR,15:3:50,417159987,-931357198,12727997,13060580,26177,89,17917,1998,223,3,0
$$HAR,15:3:53,417154552,-931348684,12695613,13769392,28409,89,18008,1997,231,3,0
$$HAR,15:3:56,417149300,-931340009,12662819,13647502,33459,89,18098,1995,231,3,0
$$HAR,15:3:59,417143840,-931331367,12630769,13337884,34914,89,18189,1994,227,3,0
$$HAR,15:4:2,417138474,-931322497,12598051,13023538,36041,89,18280,1992,227,3,0
$$HAR,15:4:5,417133303,-931313428,12565595,12165366,35923,89,18371,1991,235,3,0
$$HAR,15:4:8,417127440,-931304288,12534491,12702226,28894,89,18465,1990,218,3,0
$$HAR,15:4:11,417122088,-931294274,12503595,13301486,32812,89,18557,1989,214,3,0
$$HAR,15:4:14,417116767,-931284037,12471534,13128856,37903,89,18648,1987,210,3,0
$$HAR,15:4:17,417111307,-931273521,12439577,12717834,40104,88,18742,1986,198,3,0
$$HAR,15:4:20,417105262,-931263819,12408948,12018920,33685,88,18835,1985,214,3,0
$$HAR,15:4:23,417099453,-931253635,12377199,12376572,31619,88,18927,1983,198,3,0
$$HAR,15:4:26,417093705,-931243207,12345406,12966070,31863,88,19021,1982,185,3,0
$$HAR,15:4:29,417088143,-931232627,12313229,13241820,35350,88,19115,1981,181,3,0
$$HAR,15:4:32,417082633,-931221934,12280693,13025050,38626,88,19209,1979,181,3,0
$$HAR,15:4:35,417077295,-931211552,12248557,12446798,39624,88,19305,1978,206,3,0
$$HAR,15:4:38,417072055,-931201506,12218734,11596480,34099,88,19401,1977,202,3,0
$$HAR,15:4:41,417066609,-931190116,12190210,13071988,35614,88,19497,1975,185,3,0
$$HAR,15:4:44,417061495,-931179495,12160846,12619630,39186,88,19591,1974,198,3,0
$$HAR,15:4:44,417061495,-931179495,12160846,12619630,39186,88,19683,1973,165,3,0
$$HAR,15:4:51,417048471,-931154696,12094204,12276704,32681,88,19782,1971,160,3,0
$$HAR,15:4:54,417043020,-931143519,12064866,12964156,34834,88,19879,1970,165,3,0
$$HAR,15:4:57,417037541,-931132202,12034142,12958572,40002,88,19975,1968,160,3,0
$$HAR,15:5:0,417032072,-931122008,12005632,11755772,37411,88,20072,1967,169,3,0
$$HAR,15:5:3,417026379,-931111134,11976805,11891790,34455,88,20167,1965,144,3,0
$$HAR,15:5:6,417020440,-931099696,11948586,13187412,36072,88,20261,1964,132,3,0
$$HAR,15:5:9,417015044,-931089844,11921938,11958094,36862,88,20355,1963,148,3,0
$$HAR,15:5:12,417010002,-931077562,11896508,11696082,35024,88,20446,1961,140,3,0
$$HAR,15:5:15,417005087,-931067341,11871538,12874940,37538,88,20535,1960,144,3,0
$$HAR,15:5:18,417000115,-931055192,11844132,11313568,36237,88,20621,1958,127,3,0
$$HAR,15:5:21,416996276,-931043720,11822302,11512610,34262,88,20708,1957,123,3,0
$$HAR,15:5:24,416991181,-931031401,11796595,12652760,37559,88,20793,1955,115,3,0
$$HAR,15:5:27,416986246,-931019486,11768928,12188488,42701,88,20876,1953,115,3,0
$$HAR,15:5:30,416980630,-931008328,11742257,11702526,34757,88,20961,1951,123,3,0
$$HAR,15:5:33,416975720,-930996032,11718279,12329556,42474,88,21048,1950,127,3,0
$$HAR,15:5:36,416970108,-930984763,11693232,11566820,36369,88,21132,1948,164,3,0
$$HAR,15:5:39,416964215,-930973073,11665524,13011498,36487,88,21217,1946,127,3,0
$$HAR,15:5:42,416958842,-930961919,11639436,12483866,42439,88,21304,1945,123,3,0
$$HAR,15:5:45,416953050,-930950776,11612123,11959944,40969,89,21389,1943,123,3,0
$$HAR,15:5:48,416946317,-930939102,11587227,13135784,36251,88,21477,1941,131,3,0
$$HAR,15:5:51,416940852,-930928030,11562000,12411914,42538,88,21564,1939,131,3,0
$$HAR,15:5:54,416934795,-930917297,11536202,11954292,36767,88,21649,1938,135,3,0
$$HAR,15:5:57,416928290,-930906182,11509937,13483882,35808,89,21734,1936,123,3,0
$$HAR,15:6:0,416922631,-930896326,11485330,12329566,39782,89,21823,1934,123,3,0
$$HAR,15:6:3,416916323,-930886127,11457801,12184320,34334,89,21909,1933,115,3,0
$$HAR,15:6:6,416909980,-930875525,11431183,13293846,32862,89,21998,1931,102,3,0
$$HAR,15:6:9,416903953,-930865131,11403852,13523982,37116,89,22088,1929,94,3,0
$$HAR,15:6:12,416897924,-930854958,11377106,13097162,40030,89,22179,1927,115,3,0
$$HAR,15:6:15,416891986,-930844864,11350433,12265068,39140,89,22271,1926,90,3,0
$$HAR,15:6:18,416885581,-930834499,11323549,12449304,32517,89,22361,1924,86,3,0
$$HAR,15:6:21,416879502,-930823655,11297415,13496582,36288,89,22452,1922,86,3,0
$$HAR,15:6:24,416873956,-930813717,11272517,12418204,39339,89,22544,1921,78,3,0
$$HAR,15:6:27,416867808,-930803495,11246345,12126814,35692,89,22633,1919,73,3,0
$$HAR,15:6:30,416861562,-930793249,11218669,12721458,32274,89,22724,1917,86,3,0
$$HAR,15:6:33,416855424,-930782957,11191608,13396340,32979,89,22816,1916,98,3,0
$$HAR,15:6:33,416855424,-930782957,11191608,13396340,32979,89,22909,1914,106,3,0
$$HAR,15:6:40,416840887,-930761161,11134131,12785430,31960,89,23007,1913,111,3,1
$$HAR,15:6:43,416834727,-930751003,11111122,13466666,39571,89,23103,1911,102,3,0
$$HAR,15:6:46,416827976,-930742517,11086374,12877994,32467,89,23197,1909,98,3,0
$$HAR,15:6:49,416821099,-930732827,11062271,14271472,37131,89,23289,1907,90,3,0
$$HAR,15:6:52,416814359,-930724699,11039308,13047370,34519,89,23379,1906,115,3,0
$$HAR,15:6:55,416807138,-930715282,11014391,14022922,33079,89,23468,1904,102,3,0
$$HAR,15:6:58,416800289,-930705738,10988805,13911484,40833,89,23557,1902,106,3,0
$$HAR,15:7:1,416793139,-930697076,10962955,13126966,38910,89,23647,1901,102,3,0
$$HAR,15:7:4,416785909,-930688228,10936772,13051522,34333,89,23738,1899,111,3,0
$$HAR,15:7:7,416778638,-930679223,10911418,13995328,32748,89,23831,1898,123,3,0
$$HAR,15:7:10,416772192,-930669943,10887632,13500828,40802,89,23923,1896,127,3,0
$$HAR,15:7:13,416764535,-930661412,10863994,13761108,32167,89,24015,1895,131,3,0
$$HAR,15:7:16,416758461,-930652248,10842301,12997440,37307,89,24105,1893,127,3,0
$$HAR,15:7:19,416750783,-930642196,10820412,14080802,39959,89,24193,1891,123,3,0
$$HAR,15:7:22,416743057,-930634303,10799087,14012966,32346,89,24281,1890,111,3,0
$$HAR,15:7:25,416736371,-930625215,10774768,13914904,40136,89,24365,1888,94,3,0
$$HAR,15:7:28,416729427,-930616568,10748295,13121468,38588,89,24450,1887,94,3,0
$$HAR,15:7:31,416722290,-930607787,10722958,13038918,34071,89,24540,1885,102,3,0
$$HAR,15:7:34,416714940,-930599069,10697295,14143988,32738,89,24631,1884,123,3,0
$$HAR,15:7:37,416708879,-930590576,10675352,12872658,34132,89,24724,1882,131,3,0
$$HAR,15:7:40,416701784,-930580982,10651760,14223692,34577,89,24814,1880,139,3,0
$$HAR,15:7:43,416695106,-930571731,10626645,13664088,40678,89,24904,1879,144,3,0
$$HAR,15:7:46,416687850,-930563237,10601851,12986292,34994,89,24994,1877,131,3,0
$$HAR,15:7:49,416680219,-930553359,10577932,14163578,39130,89,25086,1875,114,3,0
$$HAR,15:7:52,416672651,-930544897,10554063,13941566,35086,141,25177,1873,110,3,0
$$HAR,15:7:55,416665539,-930535261,10530407,13655580,33247,86,25267,1872,114,3,1
$$HAR,15:7:58,416658581,-930525078,10506755,13774872,42114,86,25360,1870,110,3,0
$$HAR,15:8:1,416650913,-930516511,10483262,13275706,34058,86,25452,1868,98,3,0
$$HAR,15:8:4,416643456,-930506431,10458977,14250658,40154,86,25545,1866,98,3,0
$$HAR,15:8:7,416636236,-930498176,10436141,13231332,34709,86,25638,1864,127,3,0
$$HAR,15:8:10,416629301,-930487863,10414844,13546448,40991,86,25729,1863,98,3,0
$$HAR,15:8:13,416621662,-930478962,10391011,13124440,36208,86,25819,1861,102,3,0
$$HAR,15:8:16,416613709,-930469809,10365989,14375698,36281,86,25910,1859,90,3,0
$$HAR,15:8:19,416606637,-930460963,10342947,13360130,40654,86,26002,1857,77,3,0
$$HAR,15:8:22,416598588,-930452267,10318746,13997846,33013,86,26094,1855,77,3,0
$$HAR,15:8:25,416591725,-930442838,10296047,13432714,40367,86,26188,1853,82,3,0
$$HAR,15:8:25,416591725,-930442838,10296047,13432714,40367,86,26279,1852,86,3,0
$$HAR,15:8:32,416573702,-930421898,10240604,14394330,39653,86,26376,1850,82,3,0
$$HAR,15:8:35,416566254,-930412907,10214270,13985764,41975,86,26477,1847,69,3,0
$$HAR,15:8:38,416558749,-930404100,10187408,13476202,40903,86,26579,1846,73,3,0
$$HAR,15:8:41,416550848,-930395698,10162250,13813650,32871,86,26680,1844,77,3,0
$$HAR,15:8:44,416544073,-930386495,10140242,13724220,41035,86,26783,1842,82,3,0
$$HAR,15:8:47,416536557,-930378087,10115073,13215672,36322,86,26883,1840,90,3,0
$$HAR,15:8:50,416528623,-930369007,10090520,14571348,35470,86,26982,1838,77,3,0
$$HAR,15:8:53,416521880,-930360530,10067283,13245676,38744,86,27081,1837,69,3,0
$$HAR,15:8:56,416513960,-930351698,10044242,14490864,33426,86,27181,1835,69,3,0
$$HAR,15:8:59,416507450,-930343341,10021388,13294476,37304,86,27276,1833,73,3,0
$$HAR,15:9:2,416499712,-930334327,9999327,14692188,35528,86,27374,1831,69,3,0
$$HAR,15:9:5,416492722,-930326178,9974393,14098968,38908,86,27468,1829,69,3,0
$$HAR,15:9:8,416485698,-930318706,9949612,13333904,31888,86,27566,1827,61,3,0
$$HAR,15:9:11,416478503,-930309734,9926863,14346140,38286,86,27664,1825,57,3,0
$$HAR,15:9:14,416471113,-930302685,9904290,14102326,29879,86,27763,1823,86,3,0
$$HAR,15:9:17,416464773,-930295015,9882489,13491722,36166,86,27860,1822,69,3,0
$$HAR,15:9:20,416457492,-930287321,9857361,13521250,30707,86,27954,1820,77,3,0
$$HAR,15:9:23,416450369,-930278796,9832101,14625236,33798,86,28050,1818,86,3,0
$$HAR,15:9:26,416443834,-930270608,9806885,13774964,38196,86,28150,1816,82,3,0
$$HAR,15:9:29,416436646,-930263141,9783734,13888366,29358,86,28251,1814,82,3,0
$$HAR,15:9:32,416430143,-930254604,9758983,14332614,35865,86,28351,1811,77,3,0
$$HAR,15:9:35,416423890,-930247013,9735553,12926878,33641,86,28451,1809,90,3,0
$$HAR,15:9:38,416417148,-930238576,9710046,13402320,29795,86,28551,1808,90,3,0
$$HAR,15:9:41,416410763,-930229124,9686426,13446226,37519,86,28653,1806,98,3,0
$$HAR,15:9:44,416404747,-930220396,9664020,13508864,29529,86,28754,1804,94,3,0
$$HAR,15:9:47,416398670,-930211276,9642306,13466738,38347,86,28857,1802,90,3,0
$$HAR,15:9:50,416391177,-930202748,9620252,14141046,31262,86,28956,1800,90,3,0
$$HAR,15:9:53,416385128,-930194063,9597281,13249436,37585,86,29053,1798,94,3,0
$$HAR,15:9:56,416377591,-930185773,9574455,14440330,32559,86,29151,1796,94,3,0
$$HAR,15:9:59,416371189,-930178058,9552620,13078576,36121,86,29250,1794,102,3,0
$$HAR,15:10:2,416363910,-930168602,9530130,14318766,37576,86,29348,1792,102,3,0
$$HAR,15:10:5,416357081,-930160759,9506872,13038580,34831,86,29444,1791,143,3,0
$$HAR,15:10:8,416349848,-930151852,9483847,14569968,33672,86,29543,1789,127,3,0
$$HAR,15:10:11,416343095,-930143647,9458494,14113724,38837,86,29640,1787,143,3,0
$$HAR,15:10:14,416336233,-930136192,9434111,13226976,32214,86,29741,1786,176,3,0
$$HAR,15:10:17,416329195,-930127354,9411711,14546236,35866,86,29845,1784,176,3,0
$$HAR,15:10:20,416322718,-930120337,9388811,13289272,31853,86,29948,1782,184,3,0
$$HAR,15:10:23,416315631,-930111905,9366542,14721222,34137,86,30049,1780,188,3,0
$$HAR,15:10:26,416309277,-930105028,9344270,13302742,31817,86,30149,1779,180,3,0
$$HAR,15:10:29,416301974,-930097009,9321393,14798120,33611,86,30249,1777,184,3,0
$$HAR,15:10:32,416295668,-930089798,9299036,13227656,33913,87,30349,1775,205,3,0
$$HAR,15:10:35,416288519,-930081148,9277381,14563320,34715,91,30451,1773,184,3,0
$$HAR,15:10:38,416281782,-930073538,9252738,13768224,37962,87,30550,1772,221,3,0
$$HAR,15:10:41,416274228,-930066401,9229364,14303334,29868,87,30653,1770,188,3,0
$$HAR,15:10:44,416267590,-930058233,9206488,14101170,38290,87,30755,1768,188,3,0
$$HAR,15:10:47,416260067,-930051079,9184884,14168568,30393,87,30858,1766,213,3,0
$$HAR,15:10:50,416253955,-930042965,9163736,13227658,36083,87,30960,1765,192,3,0
$$HAR,15:10:53,416246321,-930034261,9141744,14689096,34402,87,31059,1763,192,3,0
$$HAR,15:10:56,416239390,-930026081,9117665,14109244,39005,87,31159,1761,208,3,0
$$HAR,15:10:59,416232152,-930018814,9094860,13625350,31414,87,31261,1759,204,3,0
$$HAR,15:11:2,416225050,-930009710,9073407,14085380,39363,87,31363,1758,221,3,1
$$HAR,15:11:5,416217192,-930001767,9052671,14122984,31151,87,31465,1756,241,3,0
$$HAR,15:11:8,416210110,-929992938,9029748,14168546,39827,87,31565,1754,250,3,0
$$HAR,15:11:11,416202461,-929985487,9008203,13893502,31520,87,31668,1752,258,3,0
$$HAR,15:11:14,416196046,-929977365,8987887,13789408,34005,87,31769,1750,270,3,0
$$HAR,15:11:17,416188687,-929969897,8965877,14586528,38800,84,31869,1749,278,3,0
$$HAR,15:11:20,416180136,-929960951,8945347,13887106,40286,84,31969,1747,287,3,0
$$HAR,15:11:23,416171816,-929953046,8924665,14688754,33795,87,32067,1745,299,3,0
$$HAR,15:11:26,416164603,-929944856,8902661,14124632,40319,87,32166,1743,315,3,0
$$HAR,15:11:29,416156597,-929937691,8880340,14165324,31483,87,32265,1741,328,3,0
$$HAR,15:11:32,416149450,-929929138,8859108,14204164,39844,87,32365,1740,340,3,0
$$HAR,15:11:35,416141600,-929921971,8837304,13959824,31135,87,32465,1738,361,3,0
$$HAR,15:11:38,416134167,-929913494,8814494,14706770,37676,87,32565,1736,369,3,0
$$HAR,15:11:41,416127076,-929906441,8792643,13472096,32837,87,32669,1735,381,3,0
$$HAR,15:11:44,416119922,-929897503,8772338,14200458,38737,87,32772,1733,397,3,0
$$HAR,15:11:47,416112526,-929890347,8750277,13487916,30816,87,32871,1732,402,3,0
$$HAR,15:11:50,416105377,-929881730,8728984,14408826,37717,87,32974,1730,406,3,0
$$HAR,15:11:53,416098121,-929875139,8708371,13915726,29087,87,33075,1728,410,3,0
$$HAR,15:11:56,416091395,-929867064,8687955,14188970,37510,87,33176,1726,418,3,0
$$HAR,15:11:59,416083563,-929860325,8667447,14678562,29144,87,33277,1725,435,3,0
$$HAR,15:12:2,416076419,-929852954,8644161,15086460,35527,87,33374,1723,438,3,0
$$HAR,15:12:5,416069552,-929846458,8622248,13652424,34505,87,33478,1722,447,3,0
$$HAR,15:12:8,416062144,-929839642,8599314,14290880,28316,87,33582,1720,455,3,0
$$HAR,15:12:11,416055411,-929831759,8577733,14376096,37121,87,33687,1718,467,3,0
$$HAR,15:12:14,416048394,-929824996,8555364,13424988,31902,87,33791,1717,492,3,0
$$HAR,15:12:17,416040993,-929817397,8533268,14899536,31095,87,33896,1716,479,3,0
$$HAR,15:12:20,416034322,-929809963,8510191,14504194,36186,87,34002,1714,471,3,0
$$HAR,15:12:23,416027731,-929802828,8486808,13473978,35410,87,34110,1712,496,3,1
$$HAR,15:12:26,416021007,-929795572,8463048,13251060,31009,87,34219,1711,500,3,0
$$HAR,15:12:29,416014011,-929787219,8442572,14536590,35455,87,34331,1709,504,3,0
$$HAR,15:12:32,416007075,-929780955,8423001,13932850,27691,87,34440,1708,521,3,0
$$HAR,15:12:35,416000524,-929773193,8401749,14728172,34250,87,34544,1707,537,3,0
$$HAR,15:12:38,415994221,-929766442,8379887,13392130,33619,87,34650,1705,541,3,0
$$HAR,15:12:41,415987134,-929759412,8358016,14456398,27457,87,34757,1704,541,3,0
$$HAR,15:12:44,415981082,-929751799,8336812,14030424,35715,87,34863,1702,545,3,0
$$HAR,15:12:47,415974517,-929744901,8314432,13108064,30809,87,34970,1700,570,3,0
$$HAR,15:12:50,415967480,-929737165,8292583,14764390,31091,87,35078,1699,557,3,0
$$HAR,15:12:53,415961446,-929730137,8271835,13421118,34751,87,35186,1697,582,3,0
$$HAR,15:12:56,415954799,-929723059,8249109,13366486,28457,87,35294,1696,566,3,0
$$HAR,15:12:59,415948074,-929715355,8227067,14733476,31685,87,35403,1694,578,3,0
$$HAR,15:13:2,415941863,-929709299,8208400,13700206,27237,88,35514,1693,582,3,0
$$HAR,15:13:5,415935443,-929701817,8182388,14741924,32499,87,35617,1691,599,3,0
$$HAR,15:13:8,415929538,-929694598,8160613,13872214,35061,85,35723,1689,607,3,0
$$HAR,15:13:11,415923055,-929688109,8138877,13324044,27661,85,35831,1688,619,3,0
$$HAR,15:13:14,415916591,-929680726,8117349,14868172,28678,85,35941,1686,623,3,0
$$HAR,15:13:17,415910580,-929673829,8094704,14446500,33633,85,36050,1685,635,3,0
$$HAR,15:13:20,415904471,-929667616,8073457,13234626,30012,85,36162,1683,656,3,0
$$HAR,15:13:23,415897611,-929660430,8053184,14913558,30576,85,36274,1681,652,3,1
$$HAR,15:13:26,415891630,-929654209,8033727,13352476,31119,85,36383,1680,664,3,0
$$HAR,15:13:29,415884701,-929647158,8013800,14895972,29211,85,36492,1678,672,3,0
$$HAR,15:13:32,415878921,-929640677,7994142,13501190,32678,85,36600,1677,701,3,0
$$HAR,15:13:35,415872236,-929634207,7973429,14187144,25648,85,36704,1675,697,3,0
$$HAR,15:13:38,415866118,-929626702,7953352,14219922,34205,85,36811,1674,718,3,0
$$HAR,15:13:41,415859120,-929620564,7934774,14519286,26410,85,36917,1673,738,3,0
$$HAR,15:13:44,415852851,-929613287,7913693,14552186,33673,85,37023,1671,755,3,0
$$HAR,15:13:47,415846368,-929607486,7894784,13717838,26011,86,37127,1669,767,3,0
$$HAR,15:13:50,415840280,-929599804,7874992,14299322,33582,86,37231,1668,780,3,0
$$HAR,15:13:53,415833885,-929593781,7855526,13504288,26276,86,37334,1666,804,3,0
$$HAR,15:13:56,415827592,-929586607,7833580,14850280,28641,86,37439,1665,821,3,0
$$HAR,15:13:59,415821874,-929579874,7812461,13815720,33691,86,37546,1664,837,3,0
$$HAR,15:14:2,415815565,-929573601,7790878,13372160,27443,86,37653,1663,854,3,0
$$HAR,15:14:5,415808965,-929566811,7769482,15068318,28217,86,37765,1661,874,3,0
$$HAR,15:14:8,415803307,-929560804,7750599,13417214,29686,86,37874,1660,891,3,0
$$HAR,15:14:11,415796542,-929554228,7730089,14976016,26460,86,37981,1659,911,3,0
$$HAR,15:14:14,415790608,-929547587,7708888,14479768,33759,86,38090,1657,928,3,0
$$HAR,15:14:17,415784375,-929541749,7687404,13445202,28699,86,38198,1656,932,3,0
$$HAR,15:14:20,415777682,-929535346,7666529,15044600,25975,86,38309,1655,948,3,0
$$HAR,15:14:23,415771759,-929528890,7645576,14549708,32831,86,38421,1654,961,3,0
$$HAR,15:14:26,415765577,-929523209,7623970,13718130,30339,86,38535,1652,973,3,0
$$HAR,15:14:29,415758836,-929517660,7602826,14997306,24866,86,38646,1651,981,3,0
$$HAR,15:14:32,415753030,-929511447,7582620,14494280,32113,86,38760,1650,994,3,0
$$HAR,15:14:35,415746580,-929506480,7563387,14602746,23255,86,38872,1648,1006,3,0
$$HAR,15:14:38,415741445,-929500265,7544853,13663194,29436,86,38980,1647,1014,3,0
$$HAR,15:14:41,415734934,-929494052,7525704,15176038,25894,86,39089,1646,1023,3,0
$$HAR,15:14:44,415729708,-929488097,7505931,13556446,29463,86,39195,1644,1043,3,0
$$HAR,15:14:47,415723326,-929481741,7487053,15019718,25299,86,39302,1643,1035,3,0
$$HAR,15:14:50,415718045,-929475560,7467176,13806062,30317,86,39408,1642,1043,3,0
$$HAR,15:14:53,415711505,-929469463,7448686,15236240,26178,86,39514,1640,1068,3,0
$$HAR,15:14:56,415706089,-929463614,7428377,13894778,30529,86,39619,1639,1101,3,0
$$HAR,15:14:59,415699326,-929457725,7410028,15346028,26687,86,39727,1638,1097,3,0
$$HAR,15:15:2,415693780,-929452164,7389895,14163778,31381,86,39831,1637,1114,3,0
$$HAR,15:15:5,415687846,-929446905,7368392,13502800,25173,86,39937,1636,1126,3,0
$$HAR,15:15:8,415681631,-929440952,7347182,15180340,24584,86,40049,1634,1142,3,0
$$HAR,15:15:11,415675967,-929434912,7326359,14632736,31457,86,40160,1633,1155,3,0
$$HAR,15:15:14,415669952,-929429892,7306325,13700760,24577,86,40271,1632,1179,3,0
$$HAR,15:15:17,415663843,-929423303,7286482,15077106,29636,86,40386,1630,1188,3,0
$$HAR,15:15:20,415658302,-929417730,7266045,13477164,29047,86,40497,1629,1238,3,0
$$HAR,15:15:23,415651844,-929411613,7246230,15104614,25359,86,40608,1628,1221,3,0
$$HAR,15:15:26,415646562,-929405632,7226255,13854842,30764,86,40721,1627,1241,3,0
$$HAR,15:15:29,415640433,-929400137,7206212,13969588,22782,86,40833,1626,1241,3,0
$$HAR,15:15:32,415634510,-929393897,7184126,15142458,27011,87,40944,1625,1258,3,0
$$HAR,15:15:35,415628658,-929388003,7164717,14365034,31105,99,41059,1624,1274,3,0
$$HAR,15:15:38,415622972,-929382857,7143674,13667506,23420,89,41175,1623,1337,3,0
$$HAR,15:15:41,415617367,-929376234,7123738,14691428,30111,89,41290,1622,1324,3,0
$$HAR,15:15:44,415611583,-929371340,7104473,13656676,22852,89,41405,1621,1362,3,0
$$HAR,15:15:47,415605890,-929365109,7084191,15094602,26908,90,41516,1619,1353,3,0
$$HAR,15:15:50,415600921,-929360251,7065039,13300196,23966,90,41630,1619,1374,3,0
$$HAR,15:15:53,415595413,-929353965,7045942,15072804,25548,90,41741,1618,1382,3,0
$$HAR,15:15:56,415590628,-929348474,7025415,13489030,28323,90,41853,1616,1399,3,0
$$HAR,15:15:59,415584967,-929343174,7005417,14288352,20986,90,41966,1615,1411,3,0
$$HAR,15:16:2,415580331,-929336950,6985736,14028996,28899,86,42078,1614,1415,3,0
$$HAR,15:16:5,415575268,-929331687,6965332,12917998,22947,86,42192,1613,1465,3,0
$$HAR,15:16:8,415569942,-929325281,6944824,14827482,24382,86,42306,1611,1432,3,0
$$HAR,15:16:11,415565289,-929319445,6924332,13593288,29187,86,42420,1610,1461,3,0
$$HAR,15:16:14,415560160,-929313854,6903154,12901284,23487,86,42536,1609,1448,3,0
$$HAR,15:16:17,415554804,-929307574,6882465,14765548,22915,86,42654,1608,1456,3,0
$$HAR,15:16:20,415550163,-929301503,6862297,13768030,29305,86,42771,1607,1473,3,0
$$HAR,15:16:23,415544746,-929296238,6842303,13387604,21429,86,42890,1606,1481,3,0
$$HAR,15:16:26,415539559,-929289595,6822654,14500990,28389,86,43008,1605,1489,3,0
$$HAR,15:16:29,415534325,-929284554,6803776,13104748,23122,86,43124,1604,1515,3,0
$$HAR,15:16:32,415528756,-929278562,6782975,14996008,23693,86,43240,1603,1506,3,0
$$HAR,15:16:35,415524085,-929273632,6765346,13234540,23766,86,43359,1602,1519,3,0
$$HAR,15:16:38,415518653,-929267271,6746138,14998808,26163,86,43472,1601,1514,3,0
$$HAR,15:16:41,415513949,-929261952,6726258,13313454,26551,86,43586,1600,1556,3,0
$$HAR,15:16:44,415508522,-929256691,6705891,14173358,19700,86,43701,1599,1527,3,0
$$HAR,15:16:47,415503901,-929250617,6686740,14209528,27733,86,43815,1598,1543,3,0
$$HAR,15:16:50,415498918,-929245845,6666845,13055098,21373,86,43931,1597,1560,3,0
$$HAR,15:16:53,415493727,-929240130,6646153,15083430,21834,84,44045,1596,1581,3,0
$$HAR,15:16:56,415489485,-929234864,6627143,13288284,25611,84,44163,1595,1601,3,0
$$HAR,15:16:59,415484184,-929229684,6607519,14430692,18886,84,44279,1594,1614,3,0
$$HAR,15:17:2,415479453,-929223923,6586710,14794982,26283,84,44398,1594,1639,3,0
$$HAR,15:17:5,415474294,-929219773,6569126,14577004,19924,83,44516,1593,1668,3,0
$$HAR,15:17:8,415470092,-929214469,6551038,13521938,26853,83,44632,1592,1685,3,0
$$HAR,15:17:11,415465005,-929209538,6529760,13272690,20337,83,44745,1591,1709,3,0
$$HAR,15:17:14,415459937,-929203530,6510050,14999482,25221,83,44864,1590,1739,3,0
$$HAR,15:17:17,415455376,-929198785,6490484,13155990,24559,83,44980,1589,1772,3,0
$$HAR,15:17:20,415450123,-929193647,6470629,14738992,18976,83,45100,1588,1805,3,0
$$HAR,15:17:23,415445681,-929188041,6450920,14321352,26950,83,45217,1586,1838,3,0
$$HAR,15:17:26,415440727,-929183693,6431886,13408474,19129,83,45335,1585,1872,3,0
$$HAR,15:17:29,415435898,-929178156,6411750,15214378,22694,83,45454,1584,1901,3,0
$$HAR,15:17:32,415431403,-929173099,6390947,14199238,26543,83,45571,1583,1930,3,0
$$HAR,15:17:35,415426584,-929168832,6371741,13575064,18483,83,45692,1583,1972,3,0
$$HAR,15:17:38,415422058,-929163082,6352490,14789958,25085,83,45814,1582,1997,3,0
$$HAR,15:17:41,415417796,-929158538,6332573,12961586,22468,84,45934,1581,2047,3,0
$$HAR,15:17:44,415412821,-929152718,6314355,15006372,23550,84,46054,1580,2055,3,0
$$HAR,15:17:47,415408599,-929147987,6295105,13204956,24674,84,46170,1579,2105,3,0
$$HAR,15:17:50,415403609,-929143171,6275617,14297762,17951,84,46288,1578,2105,3,0
$$HAR,15:17:53,415399485,-929137567,6257162,13964010,26116,84,46408,1578,2135,3,0
$$HAR,15:17:56,415394718,-929133084,6238284,13402112,18364,84,46524,1577,2160,3,0
$$HAR,15:17:59,415390191,-929127379,6219270,14839382,24208,84,46643,1577,2180,3,0
$$HAR,15:18:2,415385977,-929123188,6200788,13140742,18821,88,46761,1576,2235,3,0
$$HAR,15:18:5,415381532,-929117861,6182411,15035132,20521,92,46877,1576,2222,3,0
$$HAR,15:18:8,415377143,-929112257,6160793,14429198,25646,87,46995,1575,2235,3,0
$$HAR,15:18:11,415372851,-929107541,6140835,12780888,22342,87,47115,1575,2281,3,0
$$HAR,15:18:14,415367889,-929102059,6121321,14888440,20202,87,47237,1574,2273,3,0
$$HAR,15:18:17,415364146,-929097267,6103869,12806218,21409,87,47356,1574,2285,3,0
$$HAR,15:18:20,415359366,-929091147,6085906,14701514,23706,87,47475,1573,2293,3,0
$$HAR,15:18:23,415355227,-929086389,6067823,12593340,21433,87,47592,1572,2289,3,0
$$HAR,15:18:26,415350486,-929080149,6048945,14697290,23035,87,47708,1571,2277,3,0
$$HAR,15:18:29,415346427,-929074553,6029213,13175226,26706,87,47823,1570,2298,3,0
$$HAR,15:18:32,415341742,-929069215,6009621,12940678,19142,87,47942,1570,2281,3,0
$$HAR,15:18:35,415337223,-929063000,5990075,14614342,23306,87,48060,1569,2264,3,0
$$HAR,15:18:38,415333230,-929057555,5970808,12863118,25760,88,48183,1568,2293,3,0
$$HAR,15:18:41,415328304,-929052135,5951791,14138438,19286,87,48302,1567,2247,3,0
$$HAR,15:18:44,415324632,-929046994,5935577,12707650,21167,87,48425,1567,2243,3,0
$$HAR,15:18:47,415320041,-929040608,5917327,14568676,23474,87,48542,1566,2234,3,0
$$HAR,15:18:50,415316019,-929034864,5897634,12995592,26616,87,48657,1565,2218,3,0
$$HAR,15:18:53,415311189,-929029382,5879040,13579618,18731,87,48775,1564,2205,3,0
$$HAR,15:18:56,415307005,-929023009,5859875,14173178,26131,87,48892,1564,2184,3,0
$$HAR,15:18:59,415302705,-929018075,5842023,13061906,19715,87,49013,1563,2176,3,1
$$HAR,15:19:2,415298884,-929011602,5824747,13439160,26947,87,49130,1562,2171,3,0
$$HAR,15:19:5,415294510,-929006142,5805673,12348978,20970,87,49248,1562,2167,3,0
$$HAR,15:19:8,415290063,-928999283,5787021,14244982,24634,87,49366,1561,2159,3,0
$$HAR,15:19:11,415286069,-928993848,5769139,12386490,22544,87,49484,1560,2167,3,0
$$HAR,15:19:14,415281516,-928987054,5751073,14233368,23258,87,49602,1559,2158,3,0
$$HAR,15:19:17,415277694,-928980989,5732251,12729608,26650,87,49720,1559,2150,3,0
$$HAR,15:19:20,415272718,-928974833,5714685,14156298,21147,88,49838,1558,2133,3,0
$$HAR,15:19:23,415268970,-928968723,5696319,12965552,27305,88,49957,1557,2108,3,0
$$HAR,15:19:26,415264478,-928963030,5676996,12531048,20281,88,50074,1556,2091,3,0
$$HAR,15:19:29,415260084,-928956068,5659256,13861784,26539,88,50195,1556,2083,3,0
$$HAR,15:19:32,415255100,-928950742,5643037,14080282,20481,88,50314,1555,2083,3,0
$$HAR,15:19:35,415251247,-928944589,5624961,13169260,27336,88,50432,1555,2058,3,0
$$HAR,15:19:38,415246339,-928939139,5607173,13856630,19515,88,50547,1554,2041,3,0
$$HAR,15:19:41,415242595,-928933208,5590723,12924476,26218,88,50663,1553,2020,3,0
$$HAR,15:19:44,415237642,-928927435,5572558,13819904,19395,88,50778,1552,1995,3,0
$$HAR,15:19:47,415233845,-928921334,5555990,13076292,25673,88,50894,1551,1974,3,0
$$HAR,15:19:50,415228681,-928915547,5539132,14676870,21092,88,51010,1550,1966,3,0
$$HAR,15:19:53,415224608,-928910006,5521784,13337092,26088,88,51122,1550,1957,3,0
$$HAR,15:19:56,415219754,-928904954,5504372,13548082,18342,88,51238,1549,1940,3,0
$$HAR,15:19:59,415215532,-928898858,5486888,14239252,25610,88,51350,1548,1928,3,0
$$HAR,15:20:2,415211354,-928894023,5469244,12590310,21229,88,51466,1547,1919,3,0
$$HAR,15:20:5,415206724,-928887776,5452424,14542294,23723,88,51582,1546,1907,3,0
$$HAR,15:20:8,415202741,-928882800,5434724,12596672,23593,88,51697,1546,1915,3,0
$$HAR,15:20:11,415198189,-928877447,5415689,13430846,17932,88,51816,1545,1886,3,0
$$HAR,15:20:14,415194176,-928871186,5398669,13772638,26356,88,51933,1544,1890,3,0
$$HAR,15:20:17,415189593,-928866174,5381201,12741282,20378,88,52053,1544,1919,3,0
$$HAR,15:20:20,415184852,-928860157,5362613,14677566,21735,88,52171,1543,1894,3,0
$$HAR,15:20:23,415180907,-928854504,5345243,12946638,25823,88,52292,1543,1919,3,0
$$HAR,15:20:26,415175746,-928848653,5328251,14382390,20522,88,52409,1542,1919,3,0
$$HAR,15:20:29,415171663,-928842653,5310455,13620226,27129,88,52529,1542,1936,3,0
$$HAR,15:20:32,415166596,-928837537,5294595,14063000,21108,90,52649,1541,1961,3,0
$$HAR,15:20:35,415162730,-928832011,5279570,12730306,24864,89,52765,1540,2003,3,0
$$HAR,15:20:38,415158109,-928826555,5262420,13383836,18079,89,52878,1540,2036,3,0
$$HAR,15:20:41,415154387,-928820222,5245980,13512150,25786,89,52998,1539,2086,3,0
$$HAR,15:20:44,415150089,-928815157,5228450,12522660,18736,86,53112,1539,2161,3,0
$$HAR,15:20:47,415145940,-928809035,5209979,14485902,21285,86,53229,1538,2216,3,0
$$HAR,15:20:50,415142478,-928803669,5191863,12690406,24575,86,53350,1538,2320,3,0
$$HAR,15:20:53,415138227,-928798420,5173759,13124964,16675,86,53470,1538,2392,3,0
$$HAR,15:20:56,415135117,-928792430,5157102,12677826,23772,86,53593,1537,2479,3,0
$$HAR,15:20:59,415130780,-928786979,5140005,14254732,17671,86,53714,1537,2576,3,0
$$HAR,15:21:2,415127592,-928781627,5121734,12872186,23679,86,53833,1537,2669,3,0
$$HAR,15:21:5,415123469,-928776774,5104101,13234756,15468,86,53954,1536,2761,3,0
$$HAR,15:21:8,415120335,-928770994,5086582,13535482,22670,86,54076,1536,2850,3,0
$$HAR,15:21:11,415116749,-928766570,5069107,12231846,16490,83,54198,1536,2964,3,0
$$HAR,15:21:14,415113156,-928760960,5051120,14530372,19320,86,54321,1535,3006,3,0
$$HAR,15:21:17,415110251,-928756653,5033761,12166190,19447,86,54441,1535,3086,3,0
$$HAR,15:21:20,415106428,-928751518,5016911,14592668,17404,86,54565,1534,3158,3,0
$$HAR,15:21:23,415103596,-928747521,5000791,12180472,17398,86,54687,1534,3251,3,0
$$HAR,15:21:26,415099970,-928742599,4983347,14623544,16320,86,54806,1534,3302,3,0
$$HAR,15:21:29,415097217,-928738349,4966554,12550486,19511,86,54926,1533,3395,3,0
$$HAR,15:21:32,415093428,-928733798,4949546,14343888,14421,86,55049,1533,3472,3,0
$$HAR,15:21:35,415090809,-928729275,4932869,12645252,19610,86,55165,1533,3553,3,0
$$HAR,15:21:38,415087016,-928724753,4916349,14616372,14876,86,55287,1533,3642,3,0
$$HAR,15:21:41,415084327,-928720403,4899545,12973014,19392,86,55406,1533,3728,3,0
$$HAR,15:21:44,415080604,-928716354,4883002,14302118,12768,86,55525,1532,3817,3,0
$$HAR,15:21:47,415077801,-928711847,4865706,13851640,19918,86,55643,1532,3906,3,0
$$HAR,15:21:50,415074580,-928708545,4848831,12563240,12632,86,55762,1532,4005,3,0
$$HAR,15:21:53,415071787,-928703961,4832517,14208764,18409,87,55884,1532,4108,3,0
$$HAR,15:21:56,415068771,-928700889,4815752,12361702,12589,87,56004,1532,4236,3,0
$$HAR,15:21:59,415065846,-928696450,4798706,14629790,17269,87,56127,1531,4305,3,0
$$HAR,15:22:2,415063087,-928693655,4781976,12181352,12400,87,56246,1531,4416,3,0
$$HAR,15:22:5,415060375,-928689319,4765981,14159066,17002,87,56367,1532,4520,3,0
$$HAR,15:22:8,415057624,-928686654,4749211,12097674,10640,87,56486,1531,4636,3,0
$$HAR,15:22:11,415055041,-928682512,4732364,14445234,16073,87,56605,1531,4722,3,0
$$HAR,15:22:14,415052614,-928679825,4715812,11581270,11564,87,56725,1531,4821,3,0
$$HAR,15:22:17,415050080,-928675599,4699214,14411678,15018,87,56845,1531,4929,3,0
$$HAR,15:22:20,415047969,-928672561,4682464,11571022,14577,87,56965,1531,5037,3,0
$$HAR,15:22:23,415045116,-928668457,4666103,14657096,14194,87,57088,1531,5137,3,0
$$HAR,15:22:26,415042820,-928665851,4650756,12072716,10308,87,57207,1531,5259,3,0
$$HAR,15:22:29,415040889,-928661460,4634850,13013188,16689,87,57327,1531,5341,3,0
$$HAR,15:22:32,415037831,-928657953,4619272,14779898,11940,87,57446,1531,5445,3,0
$$HAR,15:22:35,415036001,-928654482,4601860,12318514,16579,87,57563,1531,5541,3,0
$$HAR,15:22:38,415033117,-928651115,4584988,14065074,9625,87,57680,1531,5602,3,0
$$HAR,15:22:41,415031315,-928647208,4568147,12832876,16830,87,57802,1531,5663,3,0
$$HAR,15:22:44,415028548,-928644132,4551633,13191544,9111,87,57924,1531,5711,3,0
$$HAR,15:22:47,415026610,-928640148,4534848,13455258,16681,87,58045,1531,5742,3,0
$$HAR,15:22:50,415024086,-928637283,4517944,11698558,9989,87,58169,1531,5755,3,0
$$HAR,15:22:53,415021895,-928633017,4501234,13923814,15941,87,58291,1531,5768,3,0
$$HAR,15:22:56,415019358,-928630453,4485280,12456948,8569,87,58416,1531,5794,3,0
$$HAR,15:22:59,415017465,-928626522,4468963,13711150,15779,87,58536,1532,5768,3,0
$$HAR,15:23:2,415014986,-928624060,4452740,12241478,8812,87,58660,1532,5760,3,0
$$HAR,15:23:5,415013308,-928620474,4437859,13223530,15487,87,58783,1532,5751,3,0
$$HAR,15:23:8,415010491,-928617663,4421012,13701472,8043,87,58905,1532,5742,3,0
$$HAR,15:23:11,415008814,-928614190,4405062,12471722,14275,87,59025,1533,5725,3,0
$$HAR,15:23:14,415005916,-928610972,4388658,15333824,9576,87,59146,1533,5707,3,0
$$HAR,15:23:17,415004135,-928607794,4371454,12936686,15258,87,59266,1533,5689,3,0
$$HAR,15:23:20,415001158,-928604848,4354940,15176248,9448,87,59391,1533,5677,3,0
$$HAR,15:23:23,414999337,-928601653,4338318,12836378,15077,87,59515,1533,5659,3,0
$$HAR,15:23:26,414996289,-928598668,4321802,15507174,9932,87,59641,1533,5637,3,0
$$HAR,15:23:29,414994290,-928595673,4305107,13045306,15637,87,59764,1534,5616,3,0
$$HAR,15:23:32,414991000,-928592645,4289037,16015184,11997,87,59888,1534,5599,3,0
$$HAR,15:23:35,414988853,-928590205,4272158,12868784,14537,87,60010,1534,5599,3,0
$$HAR,15:23:38,414985598,-928587459,4255232,16144918,10490,87,60137,1534,5551,3,0
$$HAR,15:23:41,414983290,-928584624,4237897,14048196,16380,87,60261,1535,5533,3,0
$$HAR,15:23:44,414980011,-928582561,4221061,15359416,9534,87,60392,1535,5507,3,0
$$HAR,15:23:47,414977692,-928579776,4205073,13771844,15637,87,60516,1536,5490,3,0
$$HAR,15:23:50,414974303,-928577527,4188404,15636302,9523,87,60644,1536,5468,3,0
$$HAR,15:23:53,414971849,-928574531,4171720,14347352,16780,87,60770,1536,5446,3,0
$$HAR,15:23:56,414968661,-928572670,4154495,14335244,8896,87,60897,1537,5429,3,0
$$HAR,15:23:59,414966010,-928569496,4138005,14964154,16571,87,61025,1537,5411,3,0
$$HAR,15:24:2,414963053,-928567731,4120999,13264284,9822,87,61156,1537,5433,3,0
$$HAR,15:24:5,414959974,-928564648,4103820,15858424,14696,87,61282,1538,5381,3,0
$$HAR,15:24:8,414957327,-928563002,4087810,12950350,10376,87,61412,1538,5355,3,0
$$HAR,15:24:11,414954341,-928559841,4071505,15597846,15211,87,61540,1539,5333,3,0
$$HAR,15:24:14,414951542,-928558225,4055439,13326128,9816,87,61671,1539,5312,3,0
$$HAR,15:24:17,414948497,-928555433,4038267,16576846,13910,87,61795,1540,5295,3,0
$$HAR,15:24:20,414946047,-928553806,4022233,13423344,11494,87,61924,1540,5308,3,0
$$HAR,15:24:23,414942901,-928550675,4006486,15822044,16090,87,62052,1541,5269,3,0
$$HAR,15:24:26,414939940,-928549243,3989916,13573732,10574,87,62181,1541,5278,3,0
$$HAR,15:24:29,414936730,-928546195,3973997,15767668,16280,87,62305,1541,5243,3,0
$$HAR,15:24:32,414933417,-928544910,3958338,15267630,9073,87,62433,1542,5234,3,0
$$HAR,15:24:35,414930639,-928542146,3942591,15050296,16766,87,62557,1542,5221,3,0
$$HAR,15:24:38,414927081,-928540678,3926587,15719594,9480,87,62686,1543,5213,3,1
$$HAR,15:24:41,414924014,-928537912,3910470,15469512,17266,87,62808,1543,5200,3,0
$$HAR,15:24:44,414920135,-928536373,3895325,16861620,11567,87,62937,1543,5187,3,0
$$HAR,15:24:47,414917298,-928533942,3879011,14864068,17128,87,63061,1544,5183,3,0
$$HAR,15:24:50,414913517,-928532379,3862843,16234702,10277,87,63188,1544,5174,3,0
$$HAR,15:24:53,414910576,-928529681,3846595,15197340,17893,87,63314,1545,5161,3,0
$$HAR,15:24:56,414906782,-928528168,3831027,16281940,10958,87,63443,1545,5152,3,0
$$HAR,15:24:59,414903787,-928525508,3814936,15143664,17728,87,63567,1546,5144,3,0
$$HAR,15:25:2,414900008,-928523922,3799583,16191952,10608,87,63695,1546,5144,3,0
$$HAR,15:25:5,414897227,-928521301,3783702,14719640,17122,87,63822,1547,5135,3,0
$$HAR,15:25:8,414893529,-928519531,3768213,16134612,10064,87,63948,1548,5127,3,0
$$HAR,15:25:11,414891048,-928516978,3752986,13956736,15712,87,64070,1548,5127,3,0
$$HAR,15:25:14,414887335,-928514767,3737068,16691470,11182,87,64201,1549,5127,3,0
$$HAR,15:25:17,414884719,-928512237,3721312,14174536,16457,88,64325,1550,5127,3,0
$$HAR,15:25:20,414880855,-928509955,3705912,16593228,13251,88,64452,1550,5127,3,1
$$HAR,15:25:23,414878089,-928507993,3691122,13475824,14297,88,64574,1551,5132,3,0
$$HAR,15:25:26,414874357,-928505378,3675103,16607238,13532,88,64699,1552,5132,3,0
$$HAR,15:25:29,414871619,-928503358,3660345,13581712,14274,88,64823,1552,5145,3,0
$$HAR,15:25:32,414867816,-928500581,3644953,16525142,14831,88,64950,1553,5136,3,0
$$HAR,15:25:35,414864665,-928498792,3631019,13601584,14570,90,65070,1554,5145,3,0
$$HAR,15:25:38,414860905,-928495626,3615467,16340240,16218,88,65192,1554,5145,3,0
$$HAR,15:25:41,414857769,-928494045,3600890,14561232,11321,88,65317,1555,5167,3,0
$$HAR,15:25:44,414854705,-928490809,3586342,14949426,18176,88,65437,1555,5154,3,0
$$HAR,15:25:47,414850949,-928488938,3570894,15237166,10470,88,65560,1556,5167,3,0
$$HAR,15:25:50,414847918,-928485758,3555968,14737962,17760,88,65682,1556,5185,3,0
$$HAR,15:25:53,414844096,-928483794,3541006,15933588,10723,88,65805,1557,5210,3,0
$$HAR,15:25:56,414841482,-928481013,3526574,14060816,15306,88,65926,1558,5245,3,0
$$HAR,15:25:59,414837823,-928478084,3512603,16361404,15517,88,66048,1559,5285,3,0
$$HAR,15:26:2,414835073,-928476208,3496514,13777792,13871,88,66167,1559,5337,3,0
$$HAR,15:26:5,414831399,-928473830,3481910,16806948,13693,88,66292,1560,5429,3,0
$$HAR,15:26:8,414828820,-928472518,3467670,13718018,10410,88,66414,1561,5529,3,0
$$HAR,15:26:11,414825737,-928469631,3453260,15690170,16066,88,66537,1561,5625,3,0
$$HAR,15:26:14,414822657,-928468350,3438156,14295886,9480,88,66657,1562,5769,3,0
$$HAR,15:26:17,414819737,-928465474,3423877,15004572,15726,88,66778,1563,5870,3,0
$$HAR,15:26:20,414816003,-928463717,3409647,17149754,11065,88,66898,1564,6010,3,1
$$HAR,15:26:23,414813486,-928461527,3394434,14356578,15674,88,67023,1564,6199,3,0
$$HAR,15:26:26,414809942,-928459845,3379648,16919656,9681,88,67143,1565,6406,3,0
$$HAR,15:26:29,414807456,-928457635,3364386,15115758,15507,88,67266,1566,6586,3,0
$$HAR,15:26:32,414804390,-928456415,3349492,15093226,7711,88,67390,1566,6754,3,0
$$HAR,15:26:35,414801816,-928453885,3334865,15626642,15154,88,67515,1567,6914,3,0
$$HAR,15:26:38,414798860,-928452849,3320315,15307484,7470,88,67640,1568,7149,3,0
$$HAR,15:26:41,414796367,-928450335,3305176,15666868,14945,88,67765,1569,7411,3,0
$$HAR,15:26:44,414793499,-928449272,3290932,15447724,7788,88,67887,1570,7661,3,0
$$HAR,15:26:47,414791329,-928446787,3276536,14389160,14583,88,68014,1571,7867,3,0
$$HAR,15:26:50,414788172,-928445200,3261972,16148432,8021,88,68134,1571,8095,3,0
$$HAR,15:26:53,414785995,-928442666,3247262,14319460,14871,88,68261,1572,8352,3,0
$$HAR,15:26:56,414782760,-928440859,3232895,16230558,9111,88,68383,1573,8608,3,0
$$HAR,15:26:59,414780637,-928438520,3218924,13732620,14199,88,68505,1574,8825,3,0
$$HAR,15:27:2,414777359,-928436295,3204968,16518738,11195,88,68626,1575,9079,3,0
$$HAR,15:27:5,414775202,-928434453,3191002,12944676,12053,88,68746,1576,9389,3,1
$$HAR,15:27:8,414772054,-928431837,3176148,16531286,11571,88,68868,1577,9712,3,0
$$HAR,15:27:11,414769954,-928429937,3162023,12930514,12203,88,68990,1578,10005,3,0
$$HAR,15:27:14,414766968,-928426885,3148084,15500636,14272,88,69111,1579,10211,3,0
$$HAR,15:27:17,414764269,-928425366,3134399,13697684,7961,88,69233,1580,10456,3,0
$$HAR,15:27:20,414762142,-928422164,3120273,14144872,14805,88,69354,1581,10719,3,0
$$HAR,15:27:23,414759329,-928420252,3105977,14673980,7569,88,69474,1582,10968,3,1
$$HAR,15:27:26,414757464,-928417502,3092477,13478512,13887,88,69597,1583,11177,3,0
$$HAR,15:27:29,414754346,-928415386,3078341,16524782,9397,88,69716,1584,11377,3,0
$$HAR,15:27:32,414752369,-928412994,3064185,13583798,13906,88,69837,1585,11562,3,0
$$HAR,15:27:35,414749275,-928410758,3050160,16421574,9519,88,69959,1586,11749,3,0
$$HAR,15:27:38,414747361,-928408410,3035781,13291234,13776,88,70082,1587,11973,3,0
$$HAR,15:27:41,414744333,-928406166,3021537,16347980,9568,88,70202,1588,12146,3,0
$$HAR,15:27:44,414742466,-928403998,3007844,12795966,12946,88,70326,1589,12334,3,0
$$HAR,15:27:47,414739461,-928401554,2992965,16419828,9633,88,70448,1590,12584,3,0
$$HAR,15:27:50,414737603,-928399274,2979051,13029734,12832,88,70573,1591,12815,3,0
$$HAR,15:27:53,414734590,-928396703,2964622,16416488,10436,88,70695,1592,12995,3,0
$$HAR,15:27:56,414732629,-928394319,2949736,13534830,14497,88,70818,1593,13174,3,0
$$HAR,15:27:59,414729801,-928392381,2934985,15034216,7267,88,70942,1594,13412,3,0
$$HAR,15:28:2,414727860,-928389558,2920909,14074640,14440,88,71071,1595,13616,3,0
$$HAR,15:28:5,414724915,-928387569,2907560,15094166,7481,95,71195,1596,13783,3,0
$$HAR,15:28:8,414723330,-928385037,2894489,13397466,13486,92,71325,1598,13983,3,0
$$HAR,15:28:11,414720438,-928382779,2879725,16158716,9798,92,71449,1599,14223,3,0
$$HAR,15:28:14,414718703,-928380553,2865174,12712956,12660,92,71569,1600,14411,3,0
$$HAR,15:28:17,414715923,-928377402,2851930,15259270,13803,92,71694,1602,14615,3,0
$$HAR,15:28:20,414713278,-928375852,2838212,14382970,7625,92,71812,1603,14856,3,1
$$HAR,15:28:23,414711309,-928372918,2824143,13863138,14358,92,71936,1604,15097,3,0
$$HAR,15:28:26,414708393,-928370966,2809751,15366362,7655,92,72056,1605,15310,3,0
$$HAR,15:28:29,414706550,-928368258,2795607,13654018,13977,92,72179,1606,15460,3,0
$$HAR,15:28:32,414703700,-928366345,2781227,15823874,7495,92,72301,1608,15601,3,0
$$HAR,15:28:35,414701929,-928363773,2766935,13636244,13624,92,72427,1609,15767,3,0
$$HAR,15:28:38,414698933,-928361609,2753029,16333180,9929,92,72549,1610,15971,3,0
$$HAR,15:28:41,414697172,-928359762,2739179,12557438,11390,92,72674,1611,16195,3,0
$$HAR,15:28:44,414694348,-928357364,2724847,16541580,10143,92,72794,1612,16362,3,0
$$HAR,15:28:47,414692573,-928355539,2711256,12477898,11124,92,72925,1614,16563,3,0
$$HAR,15:28:50,414689819,-928352699,2697018,16122006,12187,92,73049,1615,16729,3,0
$$HAR,15:28:53,414687828,-928350989,2683193,12431716,10381,92,73177,1617,16905,3,0
$$HAR,15:28:56,414685291,-928347692,2669308,15030896,14224,92,73297,1618,17047,3,0
$$HAR,15:28:59,414682783,-928345972,2655633,12953488,8233,92,73424,1619,17215,3,0
$$HAR,15:29:2,414680320,-928342797,2640973,15425512,14396,92,73546,1620,17399,3,0
$$HAR,15:29:5,414678048,-928340849,2626856,12253934,10631,92,73674,1622,17562,3,0
$$HAR,15:29:8,414675398,-928337467,2612915,15094690,13893,92,73800,1623,17720,3,0
$$HAR,15:29:11,414672884,-928335714,2599711,13591660,7513,92,73925,1624,17933,3,0
$$HAR,15:29:14,414670816,-928332484,2585448,14365400,14660,92,74049,1625,18127,3,0
$$HAR,15:29:17,414668022,-928330592,2572149,15072838,8253,92,74179,1627,18307,3,0
$$HAR,15:29:20,414666158,-928327709,2558265,13648136,14819,92,74305,1628,18491,3,0
$$HAR,15:29:23,414663081,-928325322,2544590,15829250,10761,92,74432,1629,18656,3,0
$$HAR,15:29:26,414661160,-928323182,2530947,12582320,12635,92,74556,1631,18841,3,0
$$HAR,15:29:29,414658297,-928320668,2515874,16183050,9171,92,74684,1632,19067,3,0
$$HAR,15:29:32,414656502,-928318276,2502050,12937910,13520,92,74808,1634,19241,3,0
$$HAR,15:29:35,414653491,-928315294,2488599,15345816,13095,92,74937,1635,19361,3,0
$$HAR,15:29:38,414651094,-928313479,2475083,12698368,8682,92,75063,1637,19538,3,0
$$HAR,15:29:41,414648754,-928310041,2461168,14437204,14920,92,75191,1638,19769,3,0
$$HAR,15:29:44,414645930,-928308091,2447447,14022524,7833,92,75314,1639,20005,3,0
$$HAR,15:29:47,414643616,-928304873,2432627,14808070,15313,92,75442,1641,20215,3,0
$$HAR,15:29:50,414640837,-928303033,2419022,14156156,8165,92,75570,1642,20417,3,0
$$HAR,15:29:53,414638683,-928299804,2405244,14093860,14998,92,75702,1644,20651,3,0
$$HAR,15:29:56,414635655,-928297657,2391468,15244072,9059,92,75827,1645,20885,3,0
$$HAR,15:29:59,414633778,-928294710,2377412,13066992,14952,92,75957,1647,21146,3,0
$$HAR,15:30:2,414630745,-928291928,2363373,15407826,9885,92,76085,1648,21365,3,0
$$HAR,15:30:5,414628940,-928289011,2349554,12561278,14402,92,76217,1650,21519,3,0
$$HAR,15:30:8,414625997,-928285723,2335980,15324214,12414,92,76343,1651,21621,3,0
$$HAR,15:30:11,414624079,-928283478,2322176,11867356,11440,92,76472,1652,21785,3,0
$$HAR,15:30:14,414621469,-928279882,2308426,14899276,13712,92,76598,1654,21981,3,0
$$HAR,15:30:17,414619265,-928277656,2294963,11972640,10535,92,76730,1655,22135,3,0
$$HAR,15:30:20,414616851,-928273977,2281386,14494732,14671,92,76856,1657,22244,3,0
$$HAR,15:30:23,414614210,-928271885,2267901,13429428,8457,92,76987,1658,22446,3,0
$$HAR,15:30:26,414612252,-928268399,2253959,13604718,15324,92,77117,1660,22666,3,0
$$HAR,15:30:29,414609245,-928265773,2240307,15331906,10126,92,77249,1662,22841,3,0
$$HAR,15:30:32,414607570,-928263373,2226833,11619830,9811,102,77373,1663,22966,3,0
$$HAR,15:30:35,414605208,-928259788,2214088,14544590,14482,92,77502,1665,23140,3,0
$$HAR,15:30:38,414602974,-928257771,2199461,12418254,8693,91,77630,1666,23405,3,0
$$HAR,15:30:41,414601166,-928254388,2186002,13298614,13709,91,77764,1668,23645,3,0
$$HAR,15:30:44,414598411,-928252008,2172190,15683248,8904,91,77892,1669,23828,3,0
$$HAR,15:30:47,414596794,-928249696,2158158,12587056,12464,91,78022,1671,23971,3,0
$$HAR,15:30:50,414593983,-928246878,2144399,15996560,11425,91,78149,1672,24123,3,0
$$HAR,15:30:53,414592082,-928244973,2130367,12477882,11486,91,78281,1674,24281,3,0
$$HAR,15:30:56,414589263,-928242382,2115947,16429320,10463,91,78415,1676,24413,3,1
$$HAR,15:30:59,414587387,-928240574,2102447,12605434,10881,91,78549,1677,24612,3,0
$$HAR,15:31:2,414584615,-928237829,2088509,16087818,11988,91,78682,1679,24745,3,0
$$HAR,15:31:5,414582465,-928236512,2075238,13266786,7759,91,78814,1680,24858,3,0
$$HAR,15:31:8,414580166,-928233752,2060912,15441850,13139,91,78944,1682,24980,3,0
$$HAR,15:31:11,414577869,-928232535,2046965,13107058,6910,91,79078,1684,25109,3,0
$$HAR,15:31:14,414575678,-928229877,2032601,15575592,12944,91,79210,1685,25247,3,0
$$HAR,15:31:17,414573370,-928228833,2018783,14844582,6309,91,79347,1687,25427,3,0
$$HAR,15:31:20,414571584,-928226370,2004964,14099062,12611,91,79477,1688,25528,3,0
$$HAR,15:31:23,414568766,-928224647,1991491,16743364,9218,91,79611,1690,25674,3,0
$$HAR,15:31:26,414567199,-928223291,1977992,12501772,9050,91,79741,1692,25940,3,0
$$HAR,15:31:29,414564767,-928220865,1964007,16311702,11199,91,79876,1693,26163,3,0
$$HAR,15:31:32,414562994,-928219678,1950068,12102036,8593,91,80012,1695,26340,3,0
$$HAR,15:31:35,414560592,-928217437,1935394,16813942,9845,91,80144,1696,26554,3,0
$$HAR,15:31:38,414558873,-928216499,1922422,13519366,6314,92,80280,1698,26850,3,0
$$HAR,15:31:41,414557051,-928213947,1908608,14942078,12079,92,80412,1699,27132,3,0
$$HAR,15:31:44,414554963,-928212945,1894690,15017580,5488,92,80548,1701,27392,3,0
$$HAR,15:31:47,414553748,-928210977,1881565,12689606,10336,92,80679,1703,27523,3,0
$$HAR,15:31:50,414551339,-928208945,1867567,16703310,8713,92,80813,1704,27699,3,0
$$HAR,15:31:53,414550017,-928207496,1853602,12106304,9863,92,80943,1706,27873,3,0
$$HAR,15:31:56,414547721,-928205328,1839563,16224864,8962,92,81077,1707,28069,3,0
$$HAR,15:31:59,414546197,-928204337,1826664,12862366,5989,92,81213,1709,28358,3,0
$$HAR,15:32:2,414544772,-928201756,1813400,13898094,11254,92,81347,1711,28708,3,0
$$HAR,15:32:5,414542479,-928200367,1799910,16474184,6738,92,81476,1712,29014,3,1
$$HAR,15:32:8,414541308,-928199230,1786821,11487008,7114,92,81611,1714,29239,3,0
$$HAR,15:32:11,414539689,-928196540,1773387,14419334,10896,92,81740,1716,29474,3,0
$$HAR,15:32:14,414537760,-928195400,1760041,14807882,3983,92,81870,1718,29686,3,0
$$HAR,15:32:17,414536444,-928192984,1745828,14160794,10999,92,82000,1719,29854,3,0
$$HAR,15:32:20,414534227,-928191666,1732446,16429482,5897,92,82136,1721,30124,3,0
$$HAR,15:32:23,414533199,-928189948,1719089,12333756,9858,92,82266,1722,30540,3,1
$$HAR,15:32:26,414531016,-928187975,1705385,16723774,7846,92,82402,1724,30833,3,0
$$HAR,15:32:29,414529837,-928186935,1692271,11842596,6442,92,82534,1726,30941,3,0
$$HAR,15:32:32,414528134,-928184494,1678603,15636606,9921,92,82670,1728,31031,3,0
$$HAR,15:32:35,414526654,-928183608,1665382,13286308,5071,92,82801,1730,31276,3,0
$$HAR,15:32:38,414525680,-928181419,1652452,12636536,9925,92,82936,1731,31551,3,0
$$HAR,15:32:41,414523528,-928179431,1639012,16271866,8140,92,83065,1733,31892,3,1
$$HAR,15:32:44,414522399,-928178234,1625697,10991938,7514,92,83197,1735,32140,3,0
$$HAR,15:32:47,414520595,-928175796,1611998,15836732,9001,92,83334,1737,32252,3,0
$$HAR,15:32:50,414519143,-928174860,1599182,13334136,4539,92,83465,1738,32510,3,0
$$HAR,15:32:53,414518004,-928172347,1585553,13875842,10751,92,83604,1740,32947,3,0
$$HAR,15:32:56,414516342,-928171080,1571939,13389396,4198,92,83733,1742,33259,3,0
$$HAR,15:32:59,414515112,-928168481,1557718,14479106,10513,92,83869,1744,33368,3,0
$$HAR,15:33:2,414513381,-928167274,1544569,14712066,4378,92,84003,1746,33427,3,0
$$HAR,15:33:2,414513381,-928167274,1544569,14712066,4378,92,84141,1747,33710,3,0
$$HAR,15:33:8,414510715,-928163241,1517732,15942924,6043,93,84273,1749,33954,3,0
$$HAR,15:33:11,414509897,-928161773,1503980,11082372,6629,93,84411,1751,34043,3,0
$$HAR,15:33:14,414508454,-928159133,1490164,15209584,9734,93,84541,1753,34137,3,0
$$HAR,15:33:17,414507195,-928157900,1477059,12091476,5138,93,84677,1754,34290,3,0
$$HAR,15:33:20,414506403,-928155328,1463977,12353196,10764,93,84811,1756,34515,3,0
$$HAR,15:33:23,414504425,-928153274,1450777,15015332,7058,93,84947,1758,34755,3,0
$$HAR,15:33:26,414503404,-928151980,1437995,11213822,5562,93,85079,1760,34886,3,0
$$HAR,15:33:29,414502485,-928149116,1424874,12757672,10914,93,85213,1762,34931,3,0
$$HAR,15:33:32,414500606,-928147227,1411719,15116444,5494,93,85345,1763,35069,3,0
$$HAR,15:33:35,414499925,-928145137,1398102,11298730,10570,93,85479,1765,35068,3,0
$$HAR,15:33:38,414498152,-928142772,1384445,14971422,6471,93,85613,1767,35088,3,0
$$HAR,15:33:41,414497450,-928141011,1371313,10024620,8184,93,85751,1768,35252,3,0
$$HAR,15:33:44,414496170,-928137931,1357873,14020652,9954,93,85881,1770,35441,3,0
$$HAR,15:33:47,414494868,-928136476,1344863,11517760,4894,93,86017,1772,35645,3,0
$$HAR,15:33:50,414493948,-928133551,1331418,13120018,10741,93,86157,1774,35630,3,0
$$HAR,15:33:53,414492125,-928131512,1318937,14786522,6655,93,86289,1776,35667,3,0
$$HAR,15:33:56,414491433,-928129756,1305530,10453988,8856,93,86427,1777,35905,3,0
$$HAR,15:33:59,414490047,-928126809,1292578,14174956,9579,93,86559,1779,36159,3,0
$$HAR,15:34:2,414488898,-928125439,1279536,10699282,5266,93,86695,1781,36243,3,0
$$HAR,15:34:5,414487973,-928122597,1266205,13488662,10368,93,86827,1782,36317,3,0
$$HAR,15:34:8,414486517,-928121158,1253362,13426206,3948,93,86963,1784,36679,3,0
$$HAR,15:34:11,414485990,-928118743,1240555,11584994,10355,93,87095,1786,37055,3,0
$$HAR,15:34:14,414484261,-928116465,1227520,15053512,6520,93,87230,1788,37247,3,0
$$HAR,15:34:17,414483630,-928114839,1214275,9960072,8298,93,87365,1790,37125,3,0
$$HAR,15:34:20,414482320,-928111914,1201427,13885150,9181,93,87502,1791,36960,3,0
$$HAR,15:34:23,414481025,-928110560,1188716,12174148,3947,93,87633,1793,36920,3,0
$$HAR,15:34:26,414480220,-928107769,1175247,12787050,9944,93,87768,1795,37003,3,0
$$HAR,15:34:29,414478488,-928105375,1163036,14523228,8498,93,87900,1797,37069,3,0
$$HAR,15:34:32,414477606,-928103999,1149771,9204828,6659,93,88036,1799,37100,3,0
$$HAR,15:34:35,414476636,-928101075,1136937,13415752,9575,93,88168,1801,37232,3,0
$$HAR,15:34:38,414475190,-928099647,1124501,13912004,4045,93,88304,1803,37205,3,0
$$HAR,15:34:41,414474900,-928097675,1111830,10039102,8865,93,88436,1805,37333,3,0
$$HAR,15:34:44,414473576,-928094999,1098675,14619032,7049,93,88573,1807,37739,3,0
$$HAR,15:34:47,414473045,-928093432,1085739,8995102,7494,93,88702,1808,38006,3,0
$$HAR,15:34:50,414472111,-928090404,1072404,13570434,8573,93,88843,1810,37956,3,0
$$HAR,15:34:53,414471406,-928088902,1059260,8967708,6283,93,88979,1812,37803,3,0
$$HAR,15:34:56,414470954,-928085816,1046590,11631580,9835,93,89113,1814,37685,3,0
$$HAR,15:34:59,414469588,-928083390,1034140,13714816,6209,93,89250,1816,37643,3,0
$$HAR,15:35:2,414469325,-928081560,1021122,8546622,8479,93,89381,1818,37739,3,0
$$HAR,15:35:5,414468724,-928078183,1008283,11852378,9994,93,89520,1820,37817,3,0
$$HAR,15:35:8,414467641,-928076070,995360,11271604,4431,93,89654,1822,37683,3,0
$$HAR,15:35:11,414467633,-928073177,982187,10121182,10839,93,89790,1824,37865,3,0
$$HAR,15:35:14,414466509,-928070214,968769,12835790,6307,93,89924,1825,38233,3,0
$$HAR,15:35:17,414466210,-928068179,956265,8471930,8320,93,90063,1828,38344,3,0
$$HAR,15:35:20,414465551,-928064572,942944,12491918,10229,93,90194,1829,38266,3,0
$$HAR,15:35:23,414464693,-928062495,930115,9609280,5954,93,90335,1831,38272,3,0
$$HAR,15:35:26,414464509,-928059092,916487,10916620,11905,93,90466,1833,38107,3,0
$$HAR,15:35:29,414463242,-928056276,903090,12121888,5869,93,90609,1835,38067,3,0
$$HAR,15:35:32,414463102,-928053576,889885,9331894,11071,93,90748,1836,38167,3,0
$$HAR,15:35:35,414462028,-928049877,876226,12890030,9405,93,90889,1838,38279,3,0
$$HAR,15:35:38,414461336,-928047654,862514,8815786,7838,93,91032,1840,38235,3,0
$$HAR,15:35:41,414461106,-928043975,849158,11111242,11931,101,91169,1842,38061,3,0
$$HAR,15:35:44,414459508,-928040709,836674,12742036,8197,88,91312,1844,37961,3,0
$$HAR,15:35:47,414459009,-928038079,821245,9258748,10418,88,91452,1846,37963,3,0
$$HAR,15:35:50,414458456,-928034033,808191,10770984,12142,88,91598,1848,38071,3,0
$$HAR,15:35:53,414456943,-928030853,794588,12709634,6965,88,91738,1849,38056,3,0
$$HAR,15:35:56,414456502,-928028230,781023,9286878,10112,88,91885,1851,38035,3,0
$$HAR,15:35:59,414455530,-928024232,766624,12509196,11689,88,92028,1853,38010,3,0
$$HAR,15:36:2,414454393,-928021791,752465,9741476,7301,88,92177,1855,38046,3,0
$$HAR,15:36:5,414453912,-928018166,738508,10967526,12391,88,92330,1857,38041,3,0
$$HAR,15:36:8,414452240,-928014758,724207,13235792,9475,88,92475,1859,38130,3,0
$$HAR,15:36:11,414451040,-928012590,709946,10554312,6726,88,92627,1860,38297,3,0
$$HAR,15:36:14,414450365,-928009133,695190,11530446,12043,88,92775,1862,38322,3,0
$$HAR,15:36:17,414448529,-928006129,680458,13507492,8344,88,92929,1864,38388,3,0
$$HAR,15:36:20,414447750,-928003752,666033,9782142,9852,88,93088,1866,38627,3,0
$$HAR,15:36:23,414446518,-928000009,651276,12900986,10782,88,93237,1868,38804,3,0
$$HAR,15:36:26,414445127,-927997774,638002,11841312,5246,88,93400,1870,38769,3,0
$$HAR,15:36:29,414444871,-927996016,625086,9531080,5318,88,93549,1873,38763,3,0
$$HAR,15:36:32,414444815,-927993122,610098,10604826,10687,88,93702,1875,38988,3,0
$$HAR,15:36:35,414443696,-927990574,595714,12857430,5296,88,93857,1877,39335,3,0
$$HAR,15:36:38,414443437,-927988815,582902,8772202,7830,88,94008,1879,39497,3,0
$$HAR,15:36:41,414442721,-927985585,569867,11829452,8933,88,94161,1881,40197,3,0
$$HAR,15:36:44,414441645,-927983503,557400,12295064,3804,88,94306,1883,41075,3,0
$$HAR,15:36:47,414441711,-927981420,545340,9476120,7663,88,94459,1885,41690,3,0
$$HAR,15:36:50,414440827,-927978412,532412,13247802,8635,88,94598,1887,41828,3,0
$$HAR,15:36:53,414440047,-927977155,517930,11094142,3592,88,94743,1889,41769,3,0
$$HAR,15:36:56,414440154,-927974995,504682,8782706,8550,88,94894,1892,42003,3,0
$$HAR,15:36:59,414439813,-927971881,492961,11124512,8901,88,95040,1894,42439,3,0
$$HAR,15:37:2,414438881,-927969956,480464,12791868,2764,88,95185,1896,42755,3,0
$$HAR,15:37:5,414439199,-927968476,467474,8034465,7762,88,95322,1898,42782,3,0
$$HAR,15:37:8,414438807,-927965835,454112,12163146,6628,88,95467,1900,42679,3,0
$$HAR,15:37:11,414438325,-927964689,439541,9790168,2288,88,95607,1902,43263,3,0
$$HAR,15:37:14,414438683,-927962711,425139,9854706,8171,88,95758,1904,44054,3,0
$$HAR,15:37:17,414437948,-927960843,411596,12693214,3610,88,95911,1906,44391,3,0
$$HAR,15:37:20,414437873,-927959925,398604,6848768,4912,88,96056,1908,44364,3,0
$$HAR,15:37:23,414438173,-927957375,385714,10089672,8428,88,96207,1910,44261,3,0
$$HAR,15:37:26,414437354,-927955144,371991,12369734,4638,88,96350,1912,44450,3,1
$$HAR,15:37:29,414437519,-927953431,358010,7949772,7206,88,96502,1914,44646,3,0
$$HAR,15:37:32,414437314,-927950921,347100,11901986,7380,88,96651,1915,44810,3,0
$$HAR,15:37:35,414436775,-927949679,335488,8498104,3448,88,96794,1917,44867,3,0
$$HAR,15:37:38,414437385,-927947536,324859,8212669,8210,88,96939,1919,44978,3,0
$$HAR,15:37:41,414436853,-927944872,315093,12355114,5864,88,97069,1921,45241,3,0
$$HAR,15:37:44,414436789,-927943559,304123,7032074,5945,88,97199,1923,45511,3,0
$$HAR,15:37:47,414437004,-927940968,293043,9786840,8333,88,97324,1925,45866,3,0
$$HAR,15:37:50,414436422,-927938707,282568,11886036,4489,88,97454,1926,46328,3,0
$$HAR,15:37:53,414436433,-927937593,272656,6275291,4443,88,97573,1928,46752,3,0
$$HAR,15:37:56,414436915,-927935368,262566,8717298,8139,88,97691,1930,47034,3,0
$$HAR,15:37:59,414436546,-927933568,252942,11357234,2176,88,97813,1931,47249,3,0
$$HAR,15:38:2,414436847,-927932621,244050,5703067,4229,88,97929,1933,47423,3,0
$$HAR,15:38:5,414437378,-927930732,232124,9143844,7867,88,98045,1935,47944,3,0
$$HAR,15:38:8,414436686,-927928588,219564,13040806,4474,88,98161,1938,48248,3,0
$$HAR,15:38:11,414436472,-927928274,217480,13036278,529,107,98284,1940,48387,3,0
$$HAR,15:38:14,414436453,-927928174,219062,13036278,38,93,98375,1942,48789,3,0
$$HAR,15:38:17,414436539,-927928129,219634,13036278,24,88,98441,1944,49492,3,0
$$HAR,15:38:20,414436570,-927928153,219828,13036278,25,88,98499,1945,49995,3,0
$$HAR,15:38:23,414436584,-927928159,219940,13036278,80,88,98538,1947,50173,3,0
$$HAR,15:38:26,414436590,-927928159,220142,13036278,72,88,98563,1948,50161,3,0
$$HAR,15:38:29,414436594,-927928167,220459,13036278,10,88,98589,1949,50041,3,0
$$HAR,15:38:32,414436601,-927928178,220561,13036278,24,88,98605,1950,49859,3,0
$$HAR,15:38:35,414436600,-927928172,220723,13036278,22,88,98618,1951,49654,3,0
$$HAR,15:38:38,414436608,-927928168,220822,13036278,29,88,98626,1951,49437,3,0
$$HAR,15:38:41,414436615,-927928168,220861,13036278,14,88,98632,1952,49242,3,0
$$HAR,15:38:44,414436620,-927928165,221054,13036278,16,88,98636,1952,49043,3,0
$$HAR,15:38:47,414436627,-927928156,220929,13036278,42,88,98642,1953,48862,3,0
$$HAR,15:38:50,414436640,-927928156,220671,13036278,70,88,98646,1953,48696,3,0
$$HAR,15:38:53,414436647,-927928169,220621,13036278,15,88,98648,1953,48560,3,0
$$HAR,15:38:56,414436649,-927928184,220680,13036278,25,88,98650,1953,48461,3,0
$$HAR,15:38:59,414436656,-927928190,220905,13036278,12,88,98652,1953,48363,3,0
$$HAR,15:39:2,414436655,-927928188,221162,13036278,48,88,98652,1953,48288,3,0
$$HAR,15:39:5,414436648,-927928182,221191,13036278,53,88,98654,1954,48218,3,0
$$HAR,15:39:8,414436646,-927928178,221410,13036278,32,88,98654,1953,48147,3,0
$$HAR,15:39:11,414436648,-927928185,221215,13036278,42,88,98654,1953,48078,3,0
$$HAR,15:39:14,414436651,-927928194,220987,13036278,34,88,98654,1953,48012,3,0
$$HAR,15:39:17,414436644,-927928193,220975,13036278,33,88,98656,1953,47949,3,0
$$HAR,15:39:20,414436640,-927928189,220956,13036278,65,88,98656,1953,47895,3,0
$$HAR,15:39:23,414436640,-927928189,220815,13036278,40,94,98656,1953,47851,3,0
$$HAR,15:39:26,414436636,-927928185,220750,13036278,21,94,98656,1953,47809,3,0
$$HAR,15:39:29,414436631,-927928179,220677,13036278,12,94,98656,1953,47778,3,0
$$HAR,15:39:32,414436630,-927928173,220762,13036278,7,94,98657,1953,47784,3,0
$$HAR,15:39:35,414436636,-927928171,220668,13036278,61,94,98656,1953,47815,3,0
$$HAR,15:39:38,414436646,-927928165,220819,13036278,39,98,98657,1953,47839,3,0
$$HAR,15:39:41,414436645,-927928158,220932,13036278,29,98,98657,1953,47851,3,0
$$HAR,15:39:44,414436641,-927928151,220980,13036278,32,94,98657,1953,47907,3,0
$$HAR,15:39:47,414436648,-927928152,220990,13036278,55,98,98657,1953,47956,3,0
$$HAR,15:39:50,414436649,-927928151,221094,13036278,22,94,98657,1954,47990,3,0
$$HAR,15:39:53,414436649,-927928155,221207,13036278,69,94,98657,1954,48002,3,0
$$HAR,15:39:56,414436649,-927928148,221211,13036278,39,94,98657,1954,48052,3,0
$$HAR,15:39:59,414436639,-927928137,221226,13036278,16,94,98657,1954,48101,3,0
$$HAR,15:40:2,414436628,-927928123,221471,13036278,51,94,98657,1954,48137,3,0
$$HAR,15:40:5,414436627,-927928108,221754,13036278,33,94,98657,1954,48205,3,0
$$HAR,15:40:8,414436629,-927928108,222028,13036278,43,94,98659,1954,48254,3,0
$$HAR,15:40:11,414436631,-927928106,222227,13036278,17,94,98659,1954,48266,3,0
$$HAR,15:40:14,414436628,-927928100,222336,13036278,7,94,98659,1954,48280,3,0
$$HAR,15:40:17,414436625,-927928104,222262,13036278,39,94,98661,1955,48328,3,0
$$HAR,15:40:20,414436617,-927928105,222324,13036278,7,94,98661,1955,48464,3,0
$$HAR,15:40:23,414436611,-927928106,222301,13036278,31,94,98661,1955,48631,3,0
$$HAR,15:40:26,414436605,-927928095,222413,13036278,32,94,98661,1955,48736,3,0
$$HAR,15:40:29,414436599,-927928090,222161,13036278,13,94,98661,1955,48797,3,0
$$HAR,15:40:32,414436593,-927928082,222149,13036278,46,94,98661,1955,48884,3,0
$$HAR,15:40:35,414436589,-927928086,221957,13036278,59,94,98661,1956,48937,3,0
$$HAR,15:40:38,414436587,-927928082,221795,13036278,29,94,98659,1956,48949,3,0
$$HAR,15:40:41,414436597,-927928062,221998,13036278,486,108,98659,1956,48994,3,0
$$HAR,15:40:44,414436646,-927927946,223725,13036278,37,99,98659,1956,49091,3,0
$$HAR,15:40:47,414436607,-927928017,223612,13036278,71,96,98663,1957,49196,3,0
$$HAR,15:40:50,414436597,-927928055,223623,13036278,35,96,98661,1957,49265,3,0
$$HAR,15:40:53,414436594,-927928086,223377,13036278,30,96,98661,1957,49334,3,0
$$HAR,15:40:56,414436596,-927928112,223182,13036278,22,96,98661,1958,49375,3,0
$$HAR,15:40:59,414436600,-927928127,223098,13036278,27,96,98661,1958,49361,3,1
$$HAR,15:41:2,414436602,-927928137,223013,13036278,8,96,98663,1958,49369,3,0
$$HAR,15:41:5,414436605,-927928142,223028,13036278,11,96,98661,1959,49448,3,0
$$HAR,15:41:8,414436609,-927928143,223032,13036278,56,96,98661,1959,49529,3,0
$$HAR,15:41:11,414436615,-927928145,223078,13036278,10,96,98661,1959,49617,3,0
$$HAR,15:41:14,414436612,-927928133,223158,13036278,49,96,98661,1960,49711,3,0
$$HAR,15:41:17,414436611,-927928136,223050,13036278,19,92,98663,1960,49810,3,0
$$HAR,15:41:20,414436619,-927928134,223218,13036278,13,92,98663,1961,49953,3,0
$$HAR,15:41:23,414436624,-927928125,223398,13036278,26,92,98661,1961,50108,3,0
$$HAR,15:41:26,414436624,-927928126,223338,13036278,51,92,98661,1962,50189,3,0
$$HAR,15:41:29,414436627,-927928125,223444,13036278,26,92,98661,1962,50220,3,0
$$HAR,15:41:32,414436631,-927928130,223419,13036278,15,92,98663,1963,50230,3,0
$$HAR,15:41:35,414436634,-927928147,223127,13036278,29,92,98663,1963,50242,3,0
$$HAR,15:41:38,414436636,-927928149,222814,13036278,13,100,98661,1964,50249,3,0
$$HAR,15:41:41,414436636,-927928153,222687,13036278,83,100,98665,1964,50267,3,0
$$HAR,15:41:44,414436638,-927928153,222556,13036278,35,100,98665,1965,50347,3,0
$$HAR,15:41:47,414436638,-927928161,222454,13036278,39,100,98665,1965,50438,3,0
$$HAR,15:41:50,414436643,-927928168,222133,13036278,31,100,98663,1966,50551,3,0
$$HAR,15:41:53,414436647,-927928167,222074,13036278,29,100,98665,1967,50649,3,0
$$HAR,15:41:56,414436652,-927928168,221880,13036278,48,100,98665,1967,50705,3,0
$$HAR,15:41:59,414436658,-927928176,221675,13036278,54,100,98663,1968,50737,3,0
$$HAR,15:42:2,414436662,-927928173,221606,13036278,65,100,98665,1969,50739,3,0
$$HAR,15:42:5,414436660,-927928176,221498,13036278,19,100,98665,1969,50758,3,1
$$HAR,15:42:8,414436656,-927928172,221666,13036278,38,100,98663,1970,50825,3,0
$$HAR,15:42:11,414436649,-927928164,221828,13036278,97,100,98665,1971,50918,3,0
$$HAR,15:42:14,414436644,-927928168,221916,13036278,20,100,98665,1971,51063,3,0
$$HAR,15:42:17,414436645,-927928170,222056,13036278,19,100,98667,1972,51154,3,0
$$HAR,15:42:20,414436643,-927928176,222199,13036278,32,101,98665,1973,51166,3,0
$$HAR,15:42:23,414436645,-927928187,222289,13036278,60,101,98665,1974,51158,3,0
$$HAR,15:42:26,414436649,-927928198,222277,13036278,22,101,98665,1974,51201,3,0
$$HAR,15:42:29,414436651,-927928208,222301,13036278,45,101,98665,1975,51295,3,0
$$HAR,15:42:32,414436653,-927928210,222397,13036278,18,101,98667,1976,51367,3,0
$$HAR,15:42:35,414436654,-927928213,222361,13036278,26,101,98667,1977,51454,3,0
$$HAR,15:42:38,414436646,-927928205,222305,13036278,11,101,98665,1978,51551,3,0
$$HAR,15:42:41,414436653,-927928208,222176,13036278,4,101,98667,1978,51645,3,0
$$HAR,15:42:44,414436663,-927928206,222115,13036278,19,101,98667,1979,51740,3,0
$$HAR,15:42:47,414436665,-927928209,221982,13036278,8,101,98671,1980,51843,3,0
$$HAR,15:42:50,414436675,-927928209,221829,13036278,33,101,98669,1981,51901,3,0
$$HAR,15:42:53,414436675,-927928208,221968,13036278,21,101,98671,1982,51913,3,0
$$HAR,15:42:56,414436683,-927928222,221601,13036278,29,101,98669,1983,51930,3,0
$$HAR,15:42:59,414436680,-927928221,221436,13036278,37,101,98669,1984,51948,3,0
$$HAR,15:43:2,414436742,-927928214,220680,13036278,1271,110,98669,1985,52031,3,0
$$HAR,15:43:5,414436655,-927928206,220172,13036278,22,104,98671,1986,52105,3,0
$$HAR,15:43:8,414436711,-927928218,220301,13036278,11,112,98669,1987,52161,3,0
$$HAR,15:43:11,414436701,-927928188,220707,13036278,40,101,98671,1988,52198,3,0
$$HAR,15:43:14,414436705,-927928193,220957,13036278,33,101,98669,1989,52246,3,1
$$HAR,15:43:17,414436703,-927928186,221206,13036278,28,101,98671,1990,52295,3,0
$$HAR,15:43:20,414436706,-927928185,221380,13036278,20,101,98669,1991,52347,3,0
$$HAR,15:43:23,414436704,-927928192,221347,13036278,36,101,98671,1992,52401,3,0
$$HAR,15:43:26,414436700,-927928193,221534,13036278,61,101,98669,1993,52463,3,0
$$HAR,15:43:29,414436698,-927928194,221631,13036278,38,101,98671,1994,52496,3,0
$$HAR,15:43:32,414436692,-927928184,221775,13036278,78,101,98669,1995,52509,3,0
$$HAR,15:43:35,414436689,-927928179,221869,13036278,29,101,98673,1996,52544,3,0
$$HAR,15:43:38,414436699,-927928178,221757,13036278,60,101,98671,1997,52606,3,0
$$HAR,15:43:41,414436700,-927928190,221598,13036278,10,101,98673,1999,52675,3,0
$$HAR,15:43:44,414436690,-927928193,221781,13036278,17,101,98673,2000,52717,3,0
$$HAR,15:43:47,414436695,-927928203,221711,13036278,20,101,98671,2001,52740,3,0
$$HAR,15:43:50,414436691,-927928211,221755,13036278,45,101,98673,2002,52765,3,0
$$HAR,15:43:53,414436684,-927928210,221648,13036278,32,101,98671,2003,52801,3,0
$$HAR,15:43:56,414436681,-927928225,221544,13036278,61,101,98671,2004,52852,3,0
$$HAR,15:43:59,414436685,-927928236,221369,13036278,21,101,98673,2005,52993,3,0
$$HAR,15:44:2,414436688,-927928237,221314,13036278,32,101,98671,2007,53170,3,0
$$HAR,15:44:5,414436699,-927928245,221195,13036278,25,101,98673,2008,53278,3,0
$$HAR,15:44:8,414436702,-927928247,221176,13036278,45,101,98671,2009,53338,3,0
$$HAR,15:44:11,414436721,-927928271,220815,13036278,47,101,98671,2010,53368,3,0
$$HAR,15:44:14,414436719,-927928283,220701,13036278,32,101,98673,2012,53364,3,0
$$HAR,15:44:17,414436713,-927928287,220611,13036278,39,101,98671,2013,53409,3,0
$$HAR,15:44:20,414436713,-927928296,220480,13036278,18,101,98675,2014,53508,3,0
$$HAR,15:44:23,414436718,-927928298,220304,13036278,4,101,98673,2015,53591,3,0
$$HAR,15:44:26,414436713,-927928308,220172,13036278,34,101,98673,2016,53664,3,0
$$HAR,15:44:29,414436704,-927928303,220117,13036278,45,101,98675,2017,53711,3,0
$$HAR,15:44:32,414436697,-927928296,220193,13036278,47,101,98673,2019,53765,3,0
$$HAR,15:44:35,414436687,-927928297,220258,13036278,23,101,98673,2020,53795,3,0
$$HAR,15:44:38,414436673,-927928293,220214,13036278,22,101,98675,2021,53826,3,0
$$HAR,15:44:41,414436663,-927928277,220291,13036278,20,101,98673,2023,53874,3,0
$$HAR,15:44:44,414436642,-927928240,220596,13036278,44,101,98673,2024,53920,3,0
$$HAR,15:44:47,414436623,-927928215,220923,13036278,42,101,98673,2025,53979,3,0
$$HAR,15:44:50,414436618,-927928202,221028,13036278,24,101,98673,2026,54029,3,0
$$HAR,15:44:53,414436607,-927928183,221217,13036278,14,102,98673,2027,54058,3,0
$$HAR,15:44:53,414436607,-927928183,221217,13036278,14,102,98673,2029,54088,3,0
$$HAR,15:44:59,414436589,-927928155,221598,13036278,37,102,98675,2030,54113,3,0
$$HAR,15:45:2,414436580,-927928151,221640,13036278,8,102,98677,2031,54150,3,0
$$HAR,15:45:5,414436576,-927928147,221764,13036278,38,102,98673,2033,54166,3,0
$$HAR,15:45:8,414436576,-927928150,221865,13036278,25,102,98675,2034,54225,3,0
$$HAR,15:45:11,414436571,-927928143,222199,13036278,34,102,98675,2035,54275,3,0
$$HAR,15:45:14,414436570,-927928136,222465,13036278,34,102,98673,2037,54311,3,0
$$HAR,15:45:17,414436565,-927928133,222775,13036278,36,102,98673,2038,54341,3,0
$$HAR,15:45:20,414436557,-927928129,222998,13036278,35,102,98675,2039,54347,3,0
$$HAR,15:45:23,414436548,-927928129,223274,13036278,37,102,98671,2041,54369,3,0
$$HAR,15:45:26,414436548,-927928130,223216,13036278,35,102,98673,2042,54387,3,0
$$HAR,15:45:29,414436553,-927928132,223303,13036278,45,102,98673,2044,54442,3,0
$$HAR,15:45:32,414436555,-927928129,223395,13036278,17,102,98677,2045,54515,3,0
$$HAR,15:45:35,414436559,-927928130,223604,13036278,15,102,98675,2046,54580,3,0
$$HAR,15:45:38,414436561,-927928125,223523,13036278,35,102,98675,2048,54635,3,0
$$HAR,15:45:41,414436563,-927928128,223568,13036278,34,102,98677,2049,54676,3,0
$$HAR,15:45:44,414436562,-927928127,223768,13036278,45,102,98673,2051,54730,3,0
$$HAR,15:45:47,414436576,-927928134,223516,13036278,66,102,98675,2052,54760,3,0
$$HAR,15:45:50,414436582,-927928136,223136,13036278,17,102,98675,2054,54777,3,0
$$HAR,15:45:53,414436586,-927928131,223055,13036278,44,102,98675,2055,54815,3,0
$$HAR,15:45:56,414436597,-927928141,222581,13036278,38,102,98673,2056,54868,3,0
$$HAR,15:45:59,414436603,-927928159,222315,13036278,80,102,98673,2058,54954,3,0
$$HAR,15:46:2,414436613,-927928180,222097,13036278,25,102,98673,2059,55044,3,0
$$HAR,15:46:5,414436616,-927928199,221854,13036278,42,102,98677,2061,55105,3,0
$$HAR,15:46:8,414436620,-927928214,221721,13036278,44,102,98675,2062,55158,3,0
$$HAR,15:46:11,414436626,-927928227,221600,13036278,58,102,98675,2064,55194,3,0
$$HAR,15:46:14,414436631,-927928230,221708,13036278,34,102,98675,2065,55224,3,0
$$HAR,15:46:17,414436638,-927928226,222048,13036278,48,102,98675,2067,55248,3,0
$$HAR,15:46:20,414436637,-927928226,222069,13036278,16,102,98673,2068,55279,3,0
$$HAR,15:46:23,414436636,-927928226,222219,13036278,28,102,98675,2070,55328,3,0
$$HAR,15:46:26,414436638,-927928230,222261,13036278,72,102,98675,2072,55419,3,0
$$HAR,15:46:29,414436641,-927928223,222431,13036278,92,102,98675,2073,55497,3,0
$$HAR,15:46:32,414436646,-927928216,222536,13036278,32,102,98675,2075,55623,3,0
$$HAR,15:46:35,414436648,-927928209,222703,13036278,19,102,98673,2076,55825,3,0
$$HAR,15:46:38,414436644,-927928205,222732,13036278,12,102,98677,2078,56017,3,0
$$HAR,15:46:41,414436644,-927928190,222828,13036278,37,102,98677,2079,56177,3,0
$$HAR,15:46:44,414436645,-927928188,222921,13036278,30,102,98679,2081,56269,3,0
$$HAR,15:46:47,414436642,-927928177,223060,13036278,56,102,98679,2082,56351,3,0
$$HAR,15:46:50,414436640,-927928182,222837,13036278,29,102,98677,2084,56452,3,0
$$HAR,15:46:53,414436636,-927928175,222704,13036278,56,102,98677,2086,56520,3,0
$$HAR,15:46:56,414436627,-927928165,222636,13036278,79,102,98679,2087,56575,3,0
$$HAR,15:46:59,414436621,-927928162,222477,13036278,27,102,98679,2089,56604,3,0
$$HAR,15:47:2,414436624,-927928162,222440,13036278,36,102,98679,2090,56623,3,0
$$HAR,15:47:5,414436629,-927928171,222357,13036278,36,102,98677,2092,56640,3,0
$$HAR,15:47:8,414436630,-927928173,222406,13036278,22,102,98677,2094,56683,3,0
$$HAR,15:47:11,414436637,-927928166,222319,13036278,15,102,98681,2095,56698,3,0
$$HAR,15:47:14,414436643,-927928180,222034,13036278,49,102,98681,2097,56688,3,0
$$HAR,15:47:17,414436636,-927928180,222152,13036278,66,102,98681,2098,56699,3,0
$$HAR,15:47:20,414436629,-927928180,222211,13036278,40,102,98679,2100,56717,3,0
$$HAR,15:47:23,414436632,-927928194,221982,13036278,42,102,98679,2102,56736,3,0
$$HAR,15:47:26,414436634,-927928197,221932,13036278,22,102,98679,2103,56749,3,0
$$HAR,15:47:29,414436632,-927928195,222045,13036278,25,102,98679,2105,56779,3,0
$$HAR,15:47:32,414436627,-927928191,222207,13036278,11,102,98679,2106,56811,3,0
$$HAR,15:47:35,414436629,-927928204,221944,13036278,13,103,98679,2108,56866,3,0
$$HAR,15:47:38,414436629,-927928209,221770,13036278,30,103,98683,2110,56927,3,0
$$HAR,15:47:41,414436635,-927928217,221543,13036278,11,103,98681,2111,56960,3,0
$$HAR,15:47:44,414436638,-927928219,221446,13036278,35,103,98681,2113,56967,3,0
$$HAR,15:47:47,414436632,-927928222,221470,13036278,94,103,98681,2114,57018,3,0
$$HAR,15:47:50,414436628,-927928230,221284,13036278,57,103,98681,2116,57067,3,0
$$HAR,15:47:53,414436626,-927928237,221184,13036278,63,103,98681,2118,57116,3,0
$$HAR,15:47:56,414436623,-927928232,221223,13036278,50,103,98677,2120,57149,3,0
$$HAR,15:47:59,414436628,-927928243,221033,13036278,24,103,98677,2121,57156,3,0
$$HAR,15:48:2,414436630,-927928249,221060,13036278,23,103,98677,2123,57179,3,0
$$HAR,15:48:5,414436632,-927928249,221010,13036278,6,103,98679,2125,57221,3,0
$$HAR,15:48:8,414436632,-927928243,220936,13036278,95,103,98681,2126,57233,3,0
$$HAR,15:48:11,414436641,-927928239,220778,13036278,27,103,98681,2128,57238,3,0
$$HAR,15:48:14,414436646,-927928253,220550,13036278,27,103,98679,2129,57238,3,0
$$HAR,15:48:17,414436651,-927928260,220227,13036278,31,103,98679,2131,57251,3,0
$$HAR,15:48:20,414436654,-927928262,220265,13036278,26,103,98679,2133,57287,3,0
$$HAR,15:48:23,414436659,-927928262,220278,13036278,38,103,98681,2135,57335,3,0
$$HAR,15:48:26,414436656,-927928261,220236,13036278,85,103,98681,2137,57384,3,0
$$HAR,15:48:29,414436654,-927928260,220263,13036278,29,103,98681,2138,57433,3,0
$$HAR,15:48:32,414436652,-927928263,220335,13036278,43,103,98681,2140,57456,3,0
$$HAR,15:48:35,414436651,-927928261,220545,13036278,25,103,98683,2142,57481,3,0
$$HAR,15:48:38,414436649,-927928266,220556,13036278,36,103,98681,2143,57505,3,0
$$HAR,15:48:41,414436643,-927928266,220552,13036278,21,103,98683,2145,57545,3,0
$$HAR,15:48:44,414436642,-927928255,220632,13036278,26,103,98683,2146,57611,3,0
$$HAR,15:48:47,414436639,-927928253,220444,13036278,15,103,98683,2148,57705,3,0
$$HAR,15:48:50,414436625,-927928239,220416,13036278,9,103,98683,2150,57810,3,0
$$HAR,15:48:53,414436626,-927928233,220317,13036278,57,103,98683,2152,57944,3,0
$$HAR,15:48:56,414436628,-927928221,220329,13036278,48,103,98681,2153,58089,3,0
$$HAR,15:48:59,414436629,-927928222,220487,13036278,83,103,98681,2155,58188,3,0
$$HAR,15:49:2,414436630,-927928215,220638,13036278,75,103,98681,2156,58237,3,0
$$HAR,15:49:5,414436633,-927928222,220803,13036278,10,103,98685,2158,58255,3,0
$$HAR,15:49:8,414436634,-927928219,220889,13036278,34,103,98685,2160,58251,3,0
$$HAR,15:49:11,414436638,-927928228,220568,13036278,14,103,98685,2162,58229,3,0
$$HAR,15:49:14,414436641,-927928235,220515,13036278,23,103,98685,2163,58245,3,0
$$HAR,15:49:17,414436643,-927928233,220654,13036278,23,103,98683,2165,58269,3,0
$$HAR,15:49:20,414436649,-927928243,220497,13036278,11,103,98683,2167,58312,3,0
$$HAR,15:49:23,414436649,-927928249,220431,13036278,43,103,98683,2168,58331,3,0
$$HAR,15:49:26,414436649,-927928249,220438,13036278,29,103,98683,2170,58358,3,0
$$HAR,15:49:29,414436647,-927928242,220528,13036278,49,103,98683,2172,58369,3,0
$$HAR,15:49:32,414436649,-927928239,220482,13036278,31,103,98683,2173,58382,3,0
$$HAR,15:49:35,414436641,-927928226,220777,13036278,50,103,98685,2175,58393,3,0
$$HAR,15:49:38,414436642,-927928239,220617,13036278,28,103,98683,2177,58395,3,0
$$HAR,15:49:41,414436638,-927928243,220603,13036278,27,103,98683,2178,58422,3,0
$$HAR,15:49:44,414436638,-927928255,220216,13036278,18,103,98683,2180,58452,3,0
$$HAR,15:49:47,414436642,-927928259,220143,13036278,41,103,98683,2182,58478,3,0
$$HAR,15:49:50,414436643,-927928262,220075,13036278,95,103,98683,2183,58495,3,0
$$HAR,15:49:53,414436646,-927928256,220023,13036278,11,103,98683,2185,58524,3,0
$$HAR,15:49:56,414436649,-927928256,220023,13036278,36,103,98683,2187,58535,3,0
$$HAR,15:49:59,414436652,-927928258,219927,13036278,67,103,98683,2189,58551,3,0
$$HAR,15:50:2,414436649,-927928255,219998,13036278,2,103,98681,2191,58551,3,0
$$HAR,15:50:5,414436649,-927928265,219837,13036278,28,103,98683,2192,58567,3,0
$$HAR,15:50:8,414436652,-927928271,219581,13036278,33,103,98683,2194,58547,3,0
$$HAR,15:50:11,414436657,-927928273,219502,13036278,71,103,98685,2196,58565,3,0
$$HAR,15:50:14,414436647,-927928266,219610,13036278,17,103,98683,2197,58603,3,0
$$HAR,15:50:17,414436647,-927928260,219588,13036278,21,103,98685,2199,58655,3,0
$$HAR,15:50:20,414436641,-927928269,219418,13036278,7,103,98685,2201,58707,3,0
$$HAR,15:50:23,414436641,-927928267,219514,13036278,17,103,98685,2203,58750,3,0
$$HAR,15:50:26,414436645,-927928275,219586,13036278,15,103,98685,2205,58774,3,0
$$HAR,15:50:29,414436646,-927928281,219610,13036278,45,103,98683,2206,58805,3,0
$$HAR,15:50:32,414436652,-927928285,219686,13036278,55,103,98685,2208,58854,3,0
$$HAR,15:50:35,414436651,-927928286,219883,13036278,23,104,98687,2210,58888,3,0
$$HAR,15:50:38,414436653,-927928280,220166,13036278,48,104,98687,2211,58935,3,1
$$HAR,15:50:41,414436658,-927928280,220183,13036278,40,104,98687,2213,58991,3,0
$$HAR,15:50:44,414436652,-927928277,220222,13036278,30,104,98687,2215,59020,3,0
$$HAR,15:50:47,414436650,-927928273,220358,13036278,55,104,98687,2216,59036,3,0
$$HAR,15:50:50,414436651,-927928271,220405,13036278,37,104,98685,2218,59053,3,0
$$HAR,15:50:53,414436655,-927928268,220461,13036278,20,104,98685,2220,59076,3,0
$$HAR,15:50:56,414436665,-927928270,220552,13036278,15,104,98685,2222,59134,3,0
$$HAR,15:50:59,414436671,-927928268,220413,13036278,15,104,98689,2223,59198,3,0
$$HAR,15:51:2,414436663,-927928259,220542,13036278,33,104,98689,2225,59219,3,0
$$HAR,15:51:5,414436663,-927928251,220664,13036278,32,104,98689,2227,59256,3,0
$$HAR,15:51:8,414436658,-927928249,220627,13036278,36,104,98689,2228,59275,3,0
$$HAR,15:51:11,414436655,-927928248,220586,13036278,60,104,98685,2230,59309,3,0
$$HAR,15:51:14,414436661,-927928258,220442,13036278,94,104,98685,2232,59320,3,0
$$HAR,15:51:17,414436670,-927928277,220345,13036278,25,104,98685,2234,59338,3,0
$$HAR,15:51:20,414436669,-927928271,220278,13036278,19,104,98685,2235,59400,3,0
$$HAR,15:51:23,414436669,-927928271,220174,13036278,16,104,98687,2237,59478,3,0
$$HAR,15:51:26,414436665,-927928275,220279,13036278,6,104,98689,2239,59541,3,0
$$HAR,15:51:29,414436670,-927928280,220285,13036278,44,104,98689,2240,59558,3,0
$$HAR,15:51:32,414436673,-927928275,220224,13036278,73,104,98687,2242,59574,3,0
$$HAR,15:51:35,414436672,-927928257,220292,13036278,28,104,98687,2244,59648,3,0
$$HAR,15:51:38,414436671,-927928243,220497,13036278,34,104,98687,2246,59717,3,0
$$HAR,15:51:41,414436673,-927928231,220806,13036278,75,104,98687,2247,59761,3,0
$$HAR,15:51:44,414436676,-927928224,220908,13036278,20,104,98687,2249,59753,3,0
$$HAR,15:51:47,414436675,-927928217,220824,13036278,33,104,98687,2251,59730,3,0
$$HAR,15:51:50,414436672,-927928214,220738,13036278,40,104,98687,2252,59709,3,0
$$HAR,15:51:53,414436674,-927928215,220654,13036278,63,104,98687,2254,59699,3,0
$$HAR,15:51:56,414436673,-927928214,220564,13036278,72,104,98691,2256,59678,3,0
$$HAR,15:51:59,414436677,-927928224,220469,13036278,24,104,98689,2257,59639,3,0
$$HAR,15:52:2,414436677,-927928236,220367,13036278,18,104,98689,2259,59618,3,0
$$HAR,15:52:5,414436675,-927928238,220251,13036278,26,104,98691,2261,59608,3,0
$$HAR,15:52:8,414436668,-927928242,220195,13036278,27,104,98691,2263,59619,3,0
$$HAR,15:52:11,414436672,-927928239,220253,13036278,70,104,98691,2265,59661,3,0
$$HAR,15:52:14,414436677,-927928248,220193,13036278,39,104,98691,2266,59706,3,0
$$HAR,15:52:17,414436677,-927928262,220259,13036278,5,104,98691,2268,59737,3,0
$$HAR,15:52:20,414436678,-927928265,220306,13036278,30,104,98689,2270,59766,3,0
$$HAR,15:52:23,414436677,-927928268,220214,13036278,25,104,98691,2271,59779,3,0
$$HAR,15:52:26,414436678,-927928270,220019,13036278,35,104,98693,2273,59780,3,0
$$HAR,15:52:29,414436673,-927928267,219724,13036278,18,104,98693,2275,59817,3,0
$$HAR,15:52:32,414436684,-927928285,219505,13036278,38,104,98693,2276,59854,3,0
$$HAR,15:52:35,414436684,-927928287,219364,13036278,32,104,98693,2278,59869,3,0
$$HAR,15:52:38,414436681,-927928285,219306,13036278,50,104,98693,2280,59886,3,0
$$HAR,15:52:41,414436678,-927928282,219351,13036278,47,104,98691,2281,59918,3,0
$$HAR,15:52:44,414436673,-927928278,219444,13036278,13,104,98691,2283,59968,3,0
$$HAR,15:52:47,414436675,-927928272,219658,13036278,56,104,98691,2285,60036,3,0
$$HAR,15:52:50,414436675,-927928264,219677,13036278,23,104,98691,2287,60079,3,0
$$HAR,15:52:53,414436669,-927928261,219602,13036278,5,104,98693,2288,60085,3,0
$$HAR,15:52:56,414436666,-927928262,219766,13036278,37,104,98693,2290,60067,3,0
$$HAR,15:52:59,414436665,-927928258,219945,13036278,11,104,98691,2291,60061,3,0
$$HAR,15:53:2,414436670,-927928255,219849,13036278,5,104,98691,2293,60056,3,0
$$HAR,15:53:5,414436668,-927928248,219849,13036278,62,104,98691,2294,60054,3,0
$$HAR,15:53:8,414436670,-927928247,219727,13036278,38,104,98691,2296,60057,3,0
$$HAR,15:53:11,414436669,-927928260,219377,13036278,13,104,98691,2298,60055,3,0
$$HAR,15:53:14,414436670,-927928263,219183,13036278,11,104,98691,2299,60030,3,0
$$HAR,15:53:17,414436671,-927928259,219218,13036278,37,104,98689,2301,60031,3,0
$$HAR,15:53:20,414436673,-927928253,219160,13036278,52,104,98689,2303,60016,3,0
$$HAR,15:53:23,414436676,-927928250,219304,13036278,16,104,98693,2304,60016,3,0
$$HAR,15:53:26,414436685,-927928257,219224,13036278,47,104,98693,2306,60001,3,0
$$HAR,15:53:29,414436690,-927928270,219134,13036278,53,104,98693,2308,59984,3,0
$$HAR,15:53:32,414436698,-927928281,219110,13036278,75,104,98693,2309,59957,3,0
$$HAR,15:53:35,414436709,-927928285,219042,13036278,49,104,98691,2311,59916,3,0
$$HAR,15:53:38,414436711,-927928299,218861,13036278,4,104,98691,2313,59908,3,0
$$HAR,15:53:41,414436717,-927928317,218690,13036278,26,104,98691,2314,59884,3,0
$$HAR,15:53:44,414436720,-927928313,218753,13036278,60,104,98691,2316,59874,3,0
$$HAR,15:53:47,414436726,-927928315,218844,13036278,36,104,98691,2318,59859,3,0
$$HAR,15:53:50,414436722,-927928314,219012,13036278,11,104,98695,2320,59847,3,0
$$HAR,15:53:53,414436724,-927928314,219149,13036278,40,104,98695,2321,59812,3,0
$$HAR,15:53:56,414436728,-927928314,219156,13036278,35,104,98693,2323,59795,3,0
$$HAR,15:53:59,414436727,-927928318,219081,13036278,51,104,98693,2325,59800,3,0
$$HAR,15:54:2,414436730,-927928326,218891,13036278,66,104,98693,2326,59800,3,1
$$HAR,15:54:5,414436731,-927928322,218915,13036278,30,104,98695,2328,59795,3,0
$$HAR,15:54:8,414436728,-927928316,218890,13036278,61,104,98695,2330,59800,3,0
$$HAR,15:54:11,414436720,-927928309,218873,13036278,52,105,98695,2331,59825,3,0
$$HAR,15:54:14,414436717,-927928308,218824,13036278,59,105,98693,2333,59895,3,0
$$HAR,15:54:17,414436714,-927928302,219032,13036278,26,105,98693,2335,59997,3,0
$$HAR,15:54:20,414436710,-927928298,219174,13036278,16,105,98693,2336,60060,3,0
$$HAR,15:54:23,414436704,-927928293,219353,13036278,30,105,98697,2338,60093,3,0
$$HAR,15:54:26,414436695,-927928284,219463,13036278,36,105,98697,2340,60116,3,0
$$HAR,15:54:29,414436685,-927928274,219577,13036278,30,105,98697,2341,60161,3,0
$$HAR,15:54:32,414436685,-927928269,219517,13036278,45,105,98697,2343,60232,3,0
$$HAR,15:54:35,414436682,-927928271,219484,13036278,39,105,98695,2345,60308,3,0
$$HAR,15:54:38,414436686,-927928265,219639,13036278,70,105,98695,2347,60393,3,0
$$HAR,15:54:41,414436688,-927928260,219876,13036278,21,105,98693,2348,60488,3,0
$$HAR,15:54:44,414436692,-927928255,219888,13036278,44,105,98695,2350,60561,3,0
$$HAR,15:54:47,414436696,-927928255,219674,13036278,20,105,98695,2351,60615,3,0
$$HAR,15:54:50,414436695,-927928256,219714,13036278,16,105,98697,2353,60582,3,0
$$HAR,15:54:53,414436697,-927928266,219666,13036278,5,105,98693,2355,60570,3,0
$$HAR,15:54:56,414436703,-927928265,219605,13036278,20,105,98693,2356,60536,3,0
$$HAR,15:54:59,414436704,-927928268,219585,13036278,14,105,98693,2358,60500,3,0
$$HAR,15:55:2,414436704,-927928267,219635,13036278,21,105,98693,2360,60475,3,0
$$HAR,15:55:5,414436695,-927928267,219671,13036278,97,105,98693,2361,60449,3,0
$$HAR,15:55:8,414436690,-927928253,219585,13036278,42,105,98691,2363,60420,3,0
$$HAR,15:55:11,414436683,-927928254,219611,13036278,27,105,98691,2364,60379,3,0
$$HAR,15:55:14,414436684,-927928246,219607,13036278,18,105,98691,2366,60358,3,0
$$HAR,15:55:17,414436676,-927928245,219670,13036278,48,105,98691,2368,60379,3,0
$$HAR,15:55:20,414436680,-927928243,219668,13036278,9,105,98695,2369,60406,3,0
$$HAR,15:55:23,414436677,-927928244,219710,13036278,29,105,98695,2371,60421,3,0
$$HAR,15:55:26,414436672,-927928258,219570,13036278,49,105,98693,2373,60417,3,0
$$HAR,15:55:29,414436666,-927928256,219588,13036278,50,105,98693,2374,60396,3,0
$$HAR,15:55:32,414436672,-927928255,219523,13036278,63,105,98695,2376,60397,3,0
$$HAR,15:55:35,414436672,-927928253,219601,13036278,47,105,98695,2377,60397,3,0
$$HAR,15:55:38,414436667,-927928244,219629,13036278,17,105,98695,2379,60415,3,0
$$HAR,15:55:41,414436672,-927928242,219699,13036278,59,105,98693,2381,60377,3,0
$$HAR,15:55:44,414436683,-927928243,219853,13036278,38,105,98693,2382,60330,3,0
$$HAR,15:55:47,414436687,-927928245,219789,13036278,36,105,98695,2384,60281,3,0
$$HAR,15:55:50,414436687,-927928254,219746,13036278,12,105,98697,2386,60222,3,0
$$HAR,15:55:53,414436689,-927928248,219778,13036278,20,105,98697,2387,60195,3,0
$$HAR,15:55:56,414436698,-927928251,219651,13036278,28,101,98697,2389,60196,3,0
$$HAR,15:55:59,414436700,-927928249,219783,13036278,18,101,98695,2390,60209,3,0
$$HAR,15:56:2,414436701,-927928253,219863,13036278,10,101,98695,2392,60227,3,0
$$HAR,15:56:5,414436694,-927928251,220023,13036278,22,101,98697,2394,60245,3,0
$$HAR,15:56:8,414436680,-927928244,220330,13036278,51,101,98697,2395,60247,3,0
$$HAR,15:56:11,414436682,-927928252,220183,13036278,39,101,98697,2397,60233,3,0
$$HAR,15:56:14,414436691,-927928252,220220,13036278,43,101,98697,2399,60231,3,0
$$HAR,15:56:17,414436696,-927928258,220066,13036278,31,101,98695,2400,60226,3,0
$$HAR,15:56:20,414436701,-927928268,219839,13036278,64,101,98697,2402,60203,3,0
$$HAR,15:56:23,414436707,-927928270,220001,13036278,13,101,98697,2403,60193,3,0
$$HAR,15:56:26,414436710,-927928269,219895,13036278,9,101,98699,2405,60172,3,0
$$HAR,15:56:29,414436712,-927928267,219906,13036278,50,101,98697,2407,60174,3,0
$$HAR,15:56:32,414436712,-927928269,219744,13036278,43,101,98695,2408,60215,3,0
$$HAR,15:56:35,414436721,-927928267,219736,13036278,44,101,98695,2410,60296,3,0
$$HAR,15:56:38,414436725,-927928274,219488,13036278,21,101,98695,2412,60378,3,0
$$HAR,15:56:41,414436728,-927928274,219572,13036278,39,101,98695,2413,60486,3,0
$$HAR,15:56:44,414436724,-927928275,219397,13036278,35,101,98695,2415,60573,3,0
$$HAR,15:56:47,414436722,-927928270,219449,13036278,59,101,98693,2416,60604,3,0
$$HAR,15:56:50,414436715,-927928260,219604,13036278,18,101,98691,2418,60599,3,0
$$HAR,15:56:53,414436708,-927928258,219703,13036278,44,101,98695,2419,60571,3,0
$$HAR,15:56:56,414436708,-927928257,219814,13036278,13,101,98695,2421,60539,3,0
$$HAR,15:56:59,414436703,-927928255,219904,13036278,27,101,98693,2422,60494,3,0
$$HAR,15:57:2,414436703,-927928237,220146,13036278,35,101,98693,2424,60458,3,0
$$HAR,15:57:5,414436702,-927928244,220119,13036278,45,101,98693,2425,60442,3,0
$$HAR,15:57:8,414436701,-927928253,220086,13036278,25,101,98693,2427,60434,3,0
$$HAR,15:57:11,414436703,-927928263,220030,13036278,42,101,98695,2429,60447,3,0
$$HAR,15:57:14,414436703,-927928257,220083,13036278,68,101,98693,2430,60435,3,0
$$HAR,15:57:17,414436708,-927928265,220035,13036278,56,101,98693,2432,60453,3,0
$$HAR,15:57:20,414436714,-927928264,220055,13036278,38,101,98693,2433,60502,3,0
$$HAR,15:57:23,414436710,-927928266,219871,13036278,20,101,98697,2435,60583,3,0
$$HAR,15:57:26,414436711,-927928271,219802,13036278,19,101,98697,2436,60640,3,0
$$HAR,15:57:29,414436714,-927928277,219724,13036278,46,101,98695,2438,60645,3,1
$$HAR,15:57:32,414436705,-927928266,219875,13036278,66,101,98695,2439,60632,3,0
$$HAR,15:57:35,414436700,-927928270,219948,13036278,55,101,98697,2441,60620,3,0
$$HAR,15:57:38,414436701,-927928276,219930,13036278,32,101,98697,2443,60604,3,0
$$HAR,15:57:41,414436709,-927928291,219714,13036278,65,101,98699,2444,60619,3,0
$$HAR,15:57:44,414436713,-927928300,219602,13036278,35,101,98695,2446,60708,3,0
$$HAR,15:57:47,414436708,-927928296,219580,13036278,18,101,98695,2447,60805,3,0
$$HAR,15:57:50,414436706,-927928295,219306,13036278,16,101,98697,2449,60815,3,0
$$HAR,15:57:53,414436706,-927928292,219088,13036278,37,101,98699,2451,60776,3,0
$$HAR,15:57:56,414436700,-927928288,219057,13036278,36,101,98697,2452,60728,3,0
$$HAR,15:57:59,414436698,-927928286,219035,13036278,18,101,98697,2454,60691,3,0
$$HAR,15:58:2,414436688,-927928275,219018,13036278,36,101,98697,2455,60703,3,0
$$HAR,15:58:5,414436688,-927928270,219033,13036278,71,101,98697,2457,60746,3,0
$$HAR,15:58:8,414436694,-927928275,218982,13036278,80,101,98697,2458,60777,3,0
$$HAR,15:58:11,414436696,-927928277,218971,13036278,19,101,98695,2460,60781,3,0
$$HAR,15:58:14,414436691,-927928271,219074,13036278,23,101,98697,2462,60759,3,0
$$HAR,15:58:17,414436691,-927928259,219279,13036278,28,101,98697,2463,60745,3,0
$$HAR,15:58:20,414436692,-927928257,219172,13036278,11,101,98697,2465,60711,3,0
$$HAR,15:58:23,414436699,-927928258,219170,13036278,59,101,98699,2466,60698,3,0
$$HAR,15:58:26,414436703,-927928258,219250,13036278,23,101,98699,2468,60714,3,0
$$HAR,15:58:29,414436704,-927928253,219247,13036278,21,101,98697,2470,60751,3,0
$$HAR,15:58:32,414436706,-927928251,219262,13036278,45,101,98697,2471,60745,3,0
$$HAR,15:58:35,414436708,-927928259,219147,13036278,36,101,98697,2473,60709,3,1
$$HAR,15:58:38,414436709,-927928266,219098,13036278,60,101,98699,2474,60679,3,0
$$HAR,15:58:41,414436701,-927928262,219121,13036278,52,101,98697,2476,60648,3,0
$$HAR,15:58:44,414436702,-927928263,219259,13036278,34,101,98697,2477,60616,3,0
$$HAR,15:58:47,414436710,-927928274,219241,13036278,50,101,98697,2479,60580,3,0
$$HAR,15:58:50,414436718,-927928271,219266,13036278,38,101,98697,2480,60542,3,0
$$HAR,15:58:53,414436716,-927928271,219249,13036278,49,101,98695,2482,60478,3,0
$$HAR,15:58:56,414436707,-927928266,219402,13036278,49,101,98699,2483,60442,3,0
$$HAR,15:58:59,414436697,-927928262,219563,13036278,13,101,98699,2485,60408,3,0
$$HAR,15:59:2,414436698,-927928253,219482,13036278,68,101,98699,2486,60398,3,0
$$HAR,15:59:5,414436700,-927928248,219482,13036278,52,101,98697,2488,60416,3,0
$$HAR,15:59:8,414436699,-927928248,219549,13036278,38,101,98699,2489,60473,3,0
$$HAR,15:59:11,414436698,-927928245,219622,13036278,40,101,98699,2491,60593,3,0
$$HAR,15:59:14,414436699,-927928242,219559,13036278,57,101,98699,2492,60710,3,0
$$HAR,15:59:17,414436703,-927928237,219614,13036278,43,101,98697,2494,60778,3,0
$$HAR,15:59:20,414436700,-927928227,219645,13036278,33,101,98699,2495,60778,3,0
$$HAR,15:59:23,414436693,-927928226,219480,13036278,9,101,98699,2497,60764,3,0
$$HAR,15:59:26,414436688,-927928225,219559,13036278,57,102,98699,2498,60835,3,0
$$HAR,15:59:29,414436684,-927928230,219525,13036278,12,102,98697,2500,60884,3,0
$$HAR,15:59:32,414436685,-927928227,219675,13036278,43,102,98701,2501,60891,3,0
$$HAR,15:59:35,414436681,-927928209,219744,13036278,23,102,98701,2503,60848,3,0
$$HAR,15:59:38,414436680,-927928209,219602,13036278,37,102,98701,2504,60775,3,0
$$HAR,15:59:41,414436685,-927928226,219228,13036278,72,102,98699,2506,60718,3,0
$$HAR,15:59:44,414436679,-927928228,219194,13036278,9,102,98701,2507,60669,3,0
$$HAR,15:59:47,414436674,-927928226,219341,13036278,43,102,98701,2509,60652,3,0
$$HAR,15:59:50,414436678,-927928234,219290,13036278,48,102,98701,2510,60646,3,0
$$HAR,15:59:53,414436676,-927928229,219304,13036278,35,102,98701,2512,60647,3,0
$$HAR,15:59:56,414436672,-927928243,219250,13036278,27,102,98699,2514,60609,3,0
$$HAR,15:59:59,414436674,-927928251,219366,13036278,8,102,98699,2515,60603,3,0
$$HAR,16:0:2,414436675,-927928253,219353,13036278,53,102,98703,2516,60620,3,0
$$HAR,16:0:5,414436675,-927928265,219256,13036278,24,102,98701,2518,60623,3,0
$$HAR,16:0:8,414436668,-927928256,219519,13036278,55,102,98701,2519,60591,3,0
$$HAR,16:0:11,414436657,-927928247,219709,13036278,120,102,98701,2521,60566,3,0
$$HAR,16:0:14,414436644,-927928219,220055,13036278,41,102,98703,2522,60547,3,0
$$HAR,16:0:17,414436638,-927928224,219757,13036278,63,102,98703,2524,60530,3,0
$$HAR,16:0:20,414436630,-927928215,219764,13036278,73,102,98701,2526,60518,3,0
$$HAR,16:0:23,414436630,-927928214,219668,13036278,53,102,98701,2527,60489,3,0
$$HAR,16:0:26,414436624,-927928210,219779,13036278,4,102,98701,2529,60445,3,0
$$HAR,16:0:29,414436612,-927928190,219870,13036278,18,102,98701,2530,60421,3,0
$$HAR,16:0:32,414436606,-927928182,220026,13036278,4,102,98705,2532,60401,3,0
$$HAR,16:0:35,414436607,-927928187,220003,13036278,7,102,98703,2533,60366,3,0
$$HAR,16:0:38,414436608,-927928185,220011,13036278,36,102,98703,2535,60337,3,0
$$HAR,16:0:41,414436611,-927928187,220155,13036278,18,102,98705,2536,60309,3,0
$$HAR,16:0:44,414436613,-927928191,220103,13036278,39,102,98701,2538,60343,3,0
$$HAR,16:0:47,414436617,-927928191,220068,13036278,26,102,98703,2539,60435,3,0
$$HAR,16:0:50,414436622,-927928201,219908,13036278,39,102,98703,2541,60507,3,0
$$HAR,16:0:53,414436629,-927928204,220022,13036278,68,102,98703,2542,60526,3,0
$$HAR,16:0:56,414436638,-927928208,220153,13036278,57,102,98703,2544,60484,3,0
$$HAR,16:0:59,414436636,-927928209,220343,13036278,48,102,98701,2545,60436,3,0
$$HAR,16:1:2,414436640,-927928212,220369,13036278,24,102,98703,2547,60440,3,0
$$HAR,16:1:5,414436639,-927928205,220495,13036278,27,102,98705,2548,60486,3,0
$$HAR,16:1:8,414436645,-927928213,220442,13036278,21,102,98705,2550,60534,3,0
$$HAR,16:1:11,414436643,-927928212,220611,13036278,31,102,98705,2551,60553,3,0
$$HAR,16:1:14,414436646,-927928218,220390,13036278,37,102,98705,2553,60558,3,0
$$HAR,16:1:17,414436648,-927928226,220163,13036278,46,102,98707,2554,60544,3,0
$$HAR,16:1:20,414436651,-927928250,219713,13036278,28,102,98705,2555,60534,3,0
$$HAR,16:1:23,414436651,-927928259,219426,13036278,43,102,98705,2557,60539,3,0
$$HAR,16:1:26,414436651,-927928257,219334,13036278,13,102,98705,2558,60522,3,0
$$HAR,16:1:29,414436656,-927928265,219179,13036278,62,102,98707,2560,60501,3,0
$$HAR,16:1:32,414436648,-927928267,219071,13036278,14,102,98705,2561,60437,3,0
$$HAR,16:1:35,414436645,-927928271,218914,13036278,15,102,98705,2563,60412,3,0
$$HAR,16:1:38,414436643,-927928265,218958,13036278,36,102,98708,2564,60374,3,0
$$HAR,16:1:41,414436644,-927928265,218994,13036278,17,102,98708,2566,60363,3,0
$$HAR,16:1:44,414436646,-927928266,218938,13036278,77,102,98707,2567,60387,3,0
$$HAR,16:1:47,414436642,-927928266,218850,13036278,39,102,98707,2569,60412,3,0
$$HAR,16:1:50,414436642,-927928276,218617,13036278,26,102,98708,2570,60389,3,0
$$HAR,16:1:53,414436645,-927928284,218464,13036278,58,102,98707,2571,60363,3,0
$$HAR,16:1:56,414436646,-927928280,218531,13036278,4,102,98707,2573,60327,3,0
$$HAR,16:1:59,414436649,-927928280,218527,13036278,13,102,98707,2574,60312,3,0
$$HAR,16:2:2,414436651,-927928262,218839,13036278,70,102,98707,2576,60320,3,0
$$HAR,16:2:5,414436651,-927928263,218838,13036278,50,102,98705,2577,60303,3,0
$$HAR,16:2:8,414436647,-927928253,219102,13036278,33,102,98705,2579,60308,3,0
$$HAR,16:2:11,414436650,-927928256,219047,13036278,37,102,98708,2580,60296,3,0
$$HAR,16:2:14,414436660,-927928265,218886,13036278,54,102,98708,2582,60262,3,0
$$HAR,16:2:17,414436661,-927928264,218872,13036278,13,102,98707,2583,60234,3,0
$$HAR,16:2:20,414436668,-927928270,218864,13036278,75,102,98707,2585,60224,3,0
$$HAR,16:2:23,414436671,-927928256,219096,13036278,10,102,98707,2586,60218,3,0
$$HAR,16:2:26,414436668,-927928250,219183,13036278,11,102,98705,2588,60240,3,0
$$HAR,16:2:29,414436672,-927928244,219306,13036278,50,102,98705,2589,60265,3,0
$$HAR,16:2:32,414436674,-927928247,219362,13036278,26,102,98705,2591,60271,3,0
$$HAR,16:2:35,414436676,-927928244,219429,13036278,39,102,98707,2592,60248,3,0
$$HAR,16:2:38,414436664,-927928240,219474,13036278,20,102,98707,2594,60202,3,0
$$HAR,16:2:41,414436651,-927928238,219531,13036278,30,102,98705,2595,60174,3,0
$$HAR,16:2:44,414436646,-927928237,219517,13036278,52,102,98705,2597,60145,3,0
$$HAR,16:2:47,414436640,-927928233,219419,13036278,26,102,98707,2598,60102,3,0
$$HAR,16:2:50,414436631,-927928229,219358,13036278,54,102,98705,2600,60078,3,0
$$HAR,16:2:53,414436625,-927928212,219396,13036278,25,102,98705,2601,60058,3,0
$$HAR,16:2:56,414436617,-927928204,219449,13036278,38,102,98707,2602,60039,3,0
$$HAR,16:2:59,414436609,-927928198,219308,13036278,36,102,98708,2604,60016,3,0
$$HAR,16:3:2,414436603,-927928203,219191,13036278,49,102,98707,2605,59998,3,0
$$HAR,16:3:5,414436593,-927928189,219103,13036278,38,102,98707,2607,59975,3,1
$$HAR,16:3:8,414436588,-927928180,219059,13036278,65,102,98707,2609,59931,3,0
$$HAR,16:3:11,414436596,-927928186,218987,13036278,25,102,98707,2610,59903,3,0
$$HAR,16:3:14,414436592,-927928194,218843,13036278,26,102,98705,2611,59864,3,0
$$HAR,16:3:17,414436590,-927928193,218914,13036278,43,102,98707,2613,59833,3,0
$$HAR,16:3:20,414436594,-927928201,218870,13036278,39,102,98710,2614,59810,3,0
$$HAR,16:3:23,414436591,-927928209,218696,13036278,35,102,98707,2615,59791,3,0
$$HAR,16:3:26,414436591,-927928209,218701,13036278,2,102,98708,2617,59761,3,0
$$HAR,16:3:29,414436595,-927928212,218675,13036278,25,102,98708,2618,59745,3,0
$$HAR,16:3:32,414436591,-927928204,218782,13036278,22,102,98707,2619,59724,3,0
$$HAR,16:3:35,414436591,-927928204,218702,13036278,16,102,98708,2621,59720,3,0
$$HAR,16:3:38,414436587,-927928201,218793,13036278,12,102,98708,2622,59748,3,0
$$HAR,16:3:41,414436583,-927928195,218804,13036278,45,102,98710,2624,59823,3,0
$$HAR,16:3:44,414436584,-927928194,218828,13036278,51,102,98708,2625,59875,3,0
$$HAR,16:3:47,414436580,-927928183,219079,13036278,11,102,98708,2627,59892,3,0
$$HAR,16:3:50,414436579,-927928176,219358,13036278,12,102,98710,2628,59866,3,0
$$HAR,16:3:53,414436583,-927928175,219376,13036278,33,102,98707,2629,59830,3,1
$$HAR,16:3:56,414436588,-927928176,219565,13036278,29,102,98710,2631,59794,3,0
$$HAR,16:3:59,414436590,-927928181,219683,13036278,12,102,98712,2632,59774,3,0
$$HAR,16:4:2,414436595,-927928185,219778,13036278,20,102,98712,2634,59738,3,0
$$HAR,16:4:5,414436598,-927928181,219818,13036278,43,102,98710,2635,59712,3,0
$$HAR,16:4:8,414436608,-927928187,219783,13036278,41,102,98710,2637,59700,3,0
$$HAR,16:4:11,414436608,-927928181,219820,13036278,21,102,98710,2638,59696,3,0
$$HAR,16:4:14,414436608,-927928186,219832,13036278,24,102,98708,2640,59676,3,0
$$HAR,16:4:17,414436610,-927928190,219882,13036278,43,102,98710,2641,59631,3,0
$$HAR,16:4:20,414436610,-927928191,219793,13036278,23,102,98710,2642,59599,3,0
$$HAR,16:4:23,414436601,-927928191,219654,13036278,30,102,98710,2644,59600,3,0
$$HAR,16:4:26,414436603,-927928185,219757,13036278,33,102,98708,2645,59624,3,0
$$HAR,16:4:29,414436606,-927928178,219719,13036278,43,102,98712,2647,59642,3,0
$$HAR,16:4:32,414436607,-927928174,219766,13036278,33,102,98712,2648,59648,3,0
$$HAR,16:4:35,414436611,-927928170,219875,13036278,6,102,98710,2650,59668,3,0
$$HAR,16:4:38,414436622,-927928183,219649,13036278,48,102,98710,2651,59697,3,0
$$HAR,16:4:41,414436624,-927928183,219673,13036278,57,102,98710,2653,59740,3,0
$$HAR,16:4:44,414436624,-927928173,219846,13036278,39,102,98712,2654,59783,3,0
$$HAR,16:4:47,414436628,-927928171,219816,13036278,38,102,98708,2656,59799,3,0
$$HAR,16:4:50,414436640,-927928190,219567,13036278,102,102,98710,2657,59742,3,0
$$HAR,16:4:53,414436643,-927928194,219570,13036278,30,102,98710,2659,59693,3,0
$$HAR,16:4:56,414436649,-927928206,219466,13036278,45,102,98710,2660,59662,3,0
$$HAR,16:4:59,414436646,-927928209,219400,13036278,101,102,98712,2662,59602,3,0
$$HAR,16:5:2,414436642,-927928218,219321,13036278,33,102,98712,2663,59566,3,0
$$HAR,16:5:5,414436640,-927928218,219267,13036278,48,102,98712,2664,59521,3,0
$$HAR,16:5:8,414436639,-927928213,219288,13036278,45,102,98712,2666,59497,3,0
$$HAR,16:5:11,414436642,-927928207,219335,13036278,12,102,98710,2667,59493,3,0
$$HAR,16:5:14,414436638,-927928205,219434,13036278,10,102,98710,2668,59493,3,0
$$HAR,16:5:17,414436637,-927928193,219409,13036278,120,102,98712,2670,59479,3,0
$$HAR,16:5:20,414436634,-927928196,219422,13036278,45,102,98710,2671,59457,3,0
$$HAR,16:5:23,414436630,-927928199,219483,13036278,79,102,98710,2673,59416,3,0
$$HAR,16:5:26,414436622,-927928203,219534,13036278,36,102,98710,2674,59389,3,0
$$HAR,16:5:29,414436616,-927928197,219676,13036278,23,102,98708,2675,59354,3,0
$$HAR,16:5:32,414436609,-927928189,219803,13036278,27,102,98710,2677,59327,3,0
$$HAR,16:5:35,414436601,-927928192,219638,13036278,13,102,98710,2678,59291,3,0
$$HAR,16:5:38,414436593,-927928179,219602,13036278,23,102,98710,2680,59279,3,0
$$HAR,16:5:41,414436584,-927928163,219683,13036278,28,102,98712,2681,59239,3,0
$$HAR,16:5:44,414436583,-927928163,219752,13036278,17,102,98714,2682,59226,3,0
$$HAR,16:5:47,414436579,-927928169,219579,13036278,29,102,98712,2684,59203,3,0
$$HAR,16:5:50,414436574,-927928164,219736,13036278,31,102,98712,2685,59187,3,0
$$HAR,16:5:53,414436574,-927928157,219914,13036278,34,102,98714,2687,59165,3,0
$$HAR,16:5:56,414436578,-927928155,219831,13036278,48,102,98714,2688,59146,3,0
$$HAR,16:5:59,414436587,-927928161,219718,13036278,52,102,98710,2689,59135,3,0
$$HAR,16:6:2,414436588,-927928156,219750,13036278,20,102,98710,2691,59118,3,0
$$HAR,16:6:5,414436592,-927928151,219695,13036278,46,102,98712,2692,59095,3,0
$$HAR,16:6:8,414436594,-927928158,219421,13036278,55,102,98710,2694,59081,3,0
$$HAR,16:6:11,414436622,-927928143,219792,13036278,37,98,98710,2695,59055,3,0
$$HAR,16:6:14,414436639,-927928131,220138,13036278,53,98,98714,2696,59043,3,0
$$HAR,16:6:17,414436654,-927928125,220522,13036278,43,98,98714,2698,59026,3,0
$$HAR,16:6:20,414436665,-927928116,220808,13036278,54,98,98712,2699,59026,3,0
$$HAR,16:6:23,414436668,-927928106,220900,13036278,27,98,98714,2701,59031,3,0
$$HAR,16:6:26,414436683,-927928104,221006,13036278,26,98,98714,2702,59038,3,0
$$HAR,16:6:29,414436693,-927928110,221031,13036278,14,98,98712,2703,59052,3,0
$$HAR,16:6:32,414436703,-927928112,221076,13036278,52,98,98714,2705,59053,3,0
$$HAR,16:6:35,414436713,-927928109,221242,13036278,31,98,98714,2706,59046,3,0
$$HAR,16:6:38,414436717,-927928102,221366,13036278,43,98,98716,2708,59064,3,0
$$HAR,16:6:41,414436719,-927928110,221339,13036278,39,98,98714,2709,59094,3,0
$$HAR,16:6:44,414436718,-927928106,221386,13036278,13,102,98714,2711,59125,3,0
$$HAR,16:6:47,414436721,-927928112,221356,13036278,47,102,98718,2712,59155,3,0
$$HAR,16:6:50,414436715,-927928111,221432,13036278,14,102,98716,2713,59168,3,0
$$HAR,16:6:53,414436710,-927928099,221426,13036278,7,102,98716,2715,59175,3,0
$$HAR,16:6:56,414436701,-927928078,221614,13036278,40,102,98716,2716,59174,3,0
$$HAR,16:6:59,414436696,-927928066,221746,13036278,27,102,98716,2718,59151,3,0
$$HAR,16:7:2,414436689,-927928055,221988,13036278,23,102,98714,2719,59125,3,0
$$HAR,16:7:5,414436684,-927928045,222156,13036278,35,102,98716,2721,59084,3,0
$$HAR,16:7:8,414436672,-927928021,222483,13036278,14,102,98716,2722,59065,3,0
$$HAR,16:7:11,414436667,-927928011,222649,13036278,69,102,98714,2724,59055,3,0
$$HAR,16:7:14,414436663,-927928006,222577,13036278,12,102,98716,2725,59043,3,0
$$HAR,16:7:17,414436664,-927928009,222565,13036278,23,102,98716,2727,59020,3,0
$$HAR,16:7:20,414436666,-927928016,222473,13036278,12,102,98718,2728,58988,3,0
$$HAR,16:7:23,414436672,-927928024,222338,13036278,17,102,98716,2729,58971,3,0
$$HAR,16:7:26,414436672,-927928026,222314,13036278,32,102,98718,2731,58946,3,0
$$HAR,16:7:29,414436678,-927928033,222193,13036278,28,102,98718,2732,58927,3,0
$$HAR,16:7:32,414436682,-927928043,222144,13036278,28,102,98716,2734,58904,3,0
$$HAR,16:7:35,414436682,-927928055,222272,13036278,12,102,98718,2735,58872,3,0
$$HAR,16:7:38,414436682,-927928059,222254,13036278,15,102,98718,2737,58827,3,0
$$HAR,16:7:41,414436681,-927928066,222298,13036278,24,102,98718,2738,58802,3,0
$$HAR,16:7:44,414436681,-927928069,222214,13036278,21,102,98716,2739,58802,3,0
$$HAR,16:7:47,414436687,-927928077,221945,13036278,32,102,98718,2741,58820,3,0
$$HAR,16:7:50,414436692,-927928079,221704,13036278,38,102,98718,2742,58820,3,0
$$HAR,16:7:53,414436690,-927928074,221702,13036278,22,102,98716,2743,58810,3,0
$$HAR,16:7:56,414436692,-927928067,221692,13036278,17,102,98720,2745,58806,3,0
$$HAR,16:7:59,414436691,-927928064,221708,13036278,73,102,98720,2746,58779,3,0
$$HAR,16:8:2,414436702,-927928074,221603,13036278,41,102,98718,2747,58751,3,0
$$HAR,16:8:5,414436703,-927928064,221655,13036278,39,102,98718,2749,58735,3,0
$$HAR,16:8:8,414436705,-927928070,221596,13036278,15,102,98720,2750,58718,3,0
$$HAR,16:8:11,414436711,-927928076,221566,13036278,47,102,98718,2751,58705,3,0
$$HAR,16:8:14,414436710,-927928072,221661,13036278,21,102,98718,2753,58687,3,0
$$HAR,16:8:17,414436704,-927928058,221877,13036278,31,102,98720,2754,58690,3,0
$$HAR,16:8:20,414436708,-927928055,222001,13036278,46,102,98718,2755,58701,3,0
$$HAR,16:8:23,414436713,-927928060,222073,13036278,80,102,98718,2757,58712,3,0
$$HAR,16:8:26,414436724,-927928064,222072,13036278,41,102,98718,2758,58736,3,0
$$HAR,16:8:29,414436727,-927928060,222075,13036278,37,102,98718,2760,58750,3,0
$$HAR,16:8:32,414436730,-927928064,222051,13036278,12,102,98716,2761,58744,3,0
$$HAR,16:8:35,414436730,-927928068,222040,13036278,22,102,98720,2762,58737,3,0
$$HAR,16:8:38,414436733,-927928069,222096,13036278,21,102,98718,2764,58721,3,0
$$HAR,16:8:41,414436729,-927928066,222162,13036278,9,102,98718,2765,58706,3,0
$$HAR,16:8:44,414436731,-927928069,222183,13036278,21,102,98720,2766,58693,3,0
$$HAR,16:8:47,414436728,-927928065,222104,13036278,39,102,98718,2768,58694,3,0
$$HAR,16:8:50,414436723,-927928063,222079,13036278,19,102,98718,2769,58668,3,0
$$HAR,16:8:53,414436723,-927928068,222087,13036278,19,102,98720,2770,58655,3,0
$$HAR,16:8:56,414436721,-927928066,221976,13036278,3,102,98718,2772,58641,3,0
$$HAR,16:8:59,414436724,-927928069,221798,13036278,14,102,98718,2773,58611,3,0
$$HAR,16:9:2,414436728,-927928068,221609,13036278,23,102,98718,2775,58595,3,0
$$HAR,16:9:5,414436735,-927928074,221479,13036278,45,102,98716,2776,58580,3,0
$$HAR,16:9:8,414436740,-927928079,221319,13036278,28,102,98718,2777,58559,3,1
$$HAR,16:9:11,414436737,-927928084,221395,13036278,37,102,98720,2779,58551,3,0
$$HAR,16:9:14,414436737,-927928100,221383,13036278,45,103,98722,2780,58558,3,0
$$HAR,16:9:17,414436737,-927928108,221298,13036278,22,103,98718,2781,58558,3,0
$$HAR,16:9:20,414436730,-927928104,221403,13036278,16,103,98720,2783,58557,3,0
$$HAR,16:9:23,414436724,-927928109,221442,13036278,49,103,98720,2784,58544,3,0
$$HAR,16:9:26,414436718,-927928100,221623,13036278,27,103,98718,2785,58522,3,0
$$HAR,16:9:29,414436709,-927928092,221717,13036278,22,103,98720,2787,58499,3,0
$$HAR,16:9:32,414436707,-927928088,221946,13036278,33,103,98720,2788,58467,3,0
$$HAR,16:9:35,414436713,-927928090,221853,13036278,30,103,98718,2790,58468,3,0
$$HAR,16:9:38,414436720,-927928098,221685,13036278,65,103,98720,2791,58481,3,0
$$HAR,16:9:41,414436725,-927928100,221648,13036278,32,103,98720,2792,58473,3,0
$$HAR,16:9:44,414436727,-927928099,221606,13036278,19,103,98718,2794,58469,3,0
$$HAR,16:9:47,414436730,-927928103,221694,13036278,11,103,98722,2795,58468,3,0
$$HAR,16:9:50,414436733,-927928109,221676,13036278,22,103,98722,2796,58485,3,0
$$HAR,16:9:53,414436732,-927928117,221760,13036278,54,103,98720,2798,58481,3,0
$$HAR,16:9:56,414436743,-927928124,221748,13036278,26,103,98722,2799,58481,3,0
$$HAR,16:9:59,414436741,-927928119,221828,13036278,23,103,98724,2800,58516,3,0
$$HAR,16:10:2,414436743,-927928120,221729,13036278,6,103,98722,2802,58532,3,0
$$HAR,16:10:5,414436748,-927928119,221510,13036278,37,103,98722,2803,58543,3,0
$$HAR,16:10:8,414436750,-927928113,221375,13036278,7,103,98724,2804,58550,3,0
$$HAR,16:10:11,414436747,-927928116,221282,13036278,59,103,98722,2806,58548,3,0
$$HAR,16:10:14,414436748,-927928123,221103,13036278,11,103,98722,2807,58555,3,0
$$HAR,16:10:17,414436751,-927928140,220778,13036278,26,103,98724,2808,58549,3,1
$$HAR,16:10:20,414436751,-927928145,220628,13036278,5,103,98722,2809,58532,3,0
$$HAR,16:10:23,414436744,-927928140,220658,13036278,14,103,98724,2811,58500,3,0
$$HAR,16:10:26,414436743,-927928143,220555,13036278,38,103,98724,2812,58484,3,0
$$HAR,16:10:29,414436734,-927928143,220667,13036278,39,103,98724,2813,58476,3,0
$$HAR,16:10:32,414436732,-927928146,220675,13036278,20,103,98726,2814,58487,3,0
$$HAR,16:10:35,414436735,-927928155,220742,13036278,36,103,98724,2816,58496,3,0
$$HAR,16:10:38,414436734,-927928158,220638,13036278,21,103,98724,2817,58526,3,0
$$HAR,16:10:41,414436735,-927928158,220557,13036278,64,103,98724,2818,58538,3,0
$$HAR,16:10:44,414436735,-927928157,220418,13036278,53,103,98722,2820,58532,3,0
$$HAR,16:10:47,414436734,-927928150,220405,13036278,13,103,98724,2821,58513,3,0
$$HAR,16:10:50,414436720,-927928131,220590,13036278,39,103,98724,2822,58492,3,0
$$HAR,16:10:53,414436713,-927928119,220838,13036278,37,103,98720,2823,58456,3,0
$$HAR,16:10:56,414436703,-927928104,221027,13036278,25,103,98722,2824,58411,3,0
$$HAR,16:10:59,414436701,-927928097,221151,13036278,29,103,98718,2826,58365,3,0
$$HAR,16:11:2,414436705,-927928104,221156,13036278,23,103,98722,2827,58332,3,0
$$HAR,16:11:5,414436707,-927928102,221131,13036278,8,103,98722,2828,58317,3,0
$$HAR,16:11:8,414436706,-927928107,221115,13036278,3,103,98720,2830,58333,3,0
$$HAR,16:11:11,414436710,-927928101,220945,13036278,26,103,98720,2831,58311,3,0
$$HAR,16:11:14,414436710,-927928095,220933,13036278,11,103,98722,2832,58278,3,0
$$HAR,16:11:17,414436705,-927928100,221021,13036278,21,103,98720,2833,58268,3,0
$$HAR,16:11:20,414436701,-927928098,221049,13036278,29,103,98720,2835,58294,3,0
$$HAR,16:11:23,414436705,-927928114,221066,13036278,53,103,98718,2836,58318,3,0
$$HAR,16:11:26,414436703,-927928116,221141,13036278,22,103,98720,2837,58346,3,0
$$HAR,16:11:29,414436703,-927928117,221194,13036278,10,103,98720,2838,58368,3,0
$$HAR,16:11:32,414436698,-927928118,221384,13036278,34,103,98718,2840,58349,3,0
$$HAR,16:11:35,414436693,-927928114,221371,13036278,24,103,98718,2841,58305,3,0
$$HAR,16:11:38,414436693,-927928116,221235,13036278,21,103,98718,2842,58251,3,0
$$HAR,16:11:41,414436696,-927928120,221112,13036278,16,103,98716,2844,58209,3,0
$$HAR,16:11:44,414436700,-927928126,221082,13036278,34,103,98720,2845,58195,3,0
$$HAR,16:11:47,414436702,-927928131,221054,13036278,10,103,98718,2846,58159,3,0
$$HAR,16:11:50,414436702,-927928135,221054,13036278,21,103,98720,2847,58130,3,0
$$HAR,16:11:53,414436704,-927928133,221035,13036278,25,103,98720,2849,58085,3,0
$$HAR,16:11:56,414436705,-927928127,221156,13036278,34,103,98718,2850,58072,3,0
$$HAR,16:11:59,414436708,-927928127,221105,13036278,12,103,98720,2851,58040,3,0
$$HAR,16:12:2,414436707,-927928119,221158,13036278,46,103,98720,2852,58007,3,0
$$HAR,16:12:5,414436712,-927928118,221180,13036278,9,103,98718,2854,57986,3,0
$$HAR,16:12:8,414436712,-927928120,221206,13036278,28,103,98720,2855,57958,3,0
$$HAR,16:12:11,414436712,-927928121,221216,13036278,62,103,98720,2856,57938,3,0
$$HAR,16:12:14,414436707,-927928116,221381,13036278,20,103,98718,2858,57921,3,0
$$HAR,16:12:17,414436703,-927928109,221500,13036278,17,103,98718,2859,57905,3,0
$$HAR,16:12:20,414436701,-927928102,221601,13036278,20,103,98722,2860,57884,3,0
$$HAR,16:12:23,414436708,-927928108,221532,13036278,16,103,98720,2861,57869,3,0
$$HAR,16:12:26,414436715,-927928110,221286,13036278,11,103,98722,2863,57861,3,0
$$HAR,16:12:29,414436718,-927928117,221125,13036278,12,103,98720,2864,57861,3,0
$$HAR,16:12:32,414436725,-927928128,220886,13036278,54,103,98720,2865,57865,3,0
$$HAR,16:12:35,414436728,-927928134,220755,13036278,44,103,98722,2866,57871,3,0
$$HAR,16:12:38,414436728,-927928135,220726,13036278,24,103,98720,2868,57857,3,0
$$HAR,16:12:41,414436722,-927928140,220750,13036278,28,103,98720,2869,57834,3,0
$$HAR,16:12:44,414436720,-927928144,220873,13036278,23,103,98722,2870,57798,3,0
$$HAR,16:12:47,414436720,-927928141,220935,13036278,31,103,98720,2871,57779,3,0
$$HAR,16:12:50,414436718,-927928140,221013,13036278,23,103,98722,2873,57750,3,0
$$HAR,16:12:53,414436722,-927928148,220964,13036278,38,103,98720,2874,57742,3,0
$$HAR,16:12:56,414436723,-927928153,221076,13036278,20,103,98720,2875,57766,3,0
$$HAR,16:12:59,414436726,-927928154,221153,13036278,42,103,98718,2876,57774,3,0
$$HAR,16:13:2,414436726,-927928157,221143,13036278,24,103,98722,2877,57774,3,0
$$HAR,16:13:5,414436728,-927928152,221142,13036278,25,103,98722,2878,57739,3,0
$$HAR,16:13:8,414436726,-927928155,221181,13036278,37,103,98720,2879,57700,3,0
$$HAR,16:13:11,414436725,-927928156,221227,13036278,22,103,98720,2881,57666,3,0
$$HAR,16:13:14,414436729,-927928157,221282,13036278,32,103,98718,2882,57647,3,0
$$HAR,16:13:17,414436735,-927928167,221410,13036278,42,103,98720,2883,57637,3,0
$$HAR,16:13:20,414436736,-927928162,221380,13036278,44,103,98720,2884,57631,3,0
$$HAR,16:13:23,414436738,-927928160,221360,13036278,42,103,98718,2886,57625,3,0
$$HAR,16:13:26,414436739,-927928163,221367,13036278,34,103,98720,2887,57624,3,0
$$HAR,16:13:29,414436745,-927928166,221267,13036278,40,103,98718,2888,57617,3,0
$$HAR,16:13:32,414436748,-927928166,221133,13036278,22,103,98718,2889,57601,3,0
$$HAR,16:13:35,414436758,-927928165,221087,13036278,12,103,98720,2891,57599,3,0
$$HAR,16:13:38,414436765,-927928165,220978,13036278,14,103,98718,2892,57602,3,0
$$HAR,16:13:41,414436772,-927928164,220909,13036278,27,103,98720,2893,57602,3,0
$$HAR,16:13:44,414436775,-927928163,220900,13036278,19,103,98720,2894,57606,3,0
$$HAR,16:13:47,414436776,-927928165,220674,13036278,26,103,98720,2895,57587,3,0
$$HAR,16:13:50,414436769,-927928158,220686,13036278,5,103,98718,2896,57571,3,0
$$HAR,16:13:53,414436763,-927928158,220679,13036278,37,103,98720,2898,57543,3,0
$$HAR,16:13:56,414436759,-927928151,220648,13036278,8,103,98720,2899,57543,3,0
$$HAR,16:13:59,414436754,-927928155,220548,13036278,27,103,98718,2900,57514,3,0
$$HAR,16:14:2,414436747,-927928155,220472,13036278,30,103,98720,2901,57495,3,0
$$HAR,16:14:5,414436746,-927928166,220351,13036278,64,103,98718,2902,57476,3,0
$$HAR,16:14:8,414436742,-927928160,220309,13036278,1,103,98718,2904,57476,3,1
$$HAR,16:14:11,414436741,-927928155,220318,13036278,10,103,98720,2905,57447,3,0
$$HAR,16:14:14,414436743,-927928152,220183,13036278,23,103,98718,2906,57434,3,0
$$HAR,16:14:17,414436744,-927928149,220203,13036278,46,103,98720,2907,57424,3,0
$$HAR,16:14:20,414436748,-927928152,220045,13036278,15,103,98718,2908,57392,3,0
$$HAR,16:14:23,414436747,-927928155,220020,13036278,35,102,98722,2910,57361,3,0
$$HAR,16:14:26,414436744,-927928159,220157,13036278,22,102,98722,2911,57321,3,0
$$HAR,16:14:29,414436746,-927928156,220352,13036278,14,102,98720,2912,57319,3,0
$$HAR,16:14:32,414436750,-927928154,220326,13036278,50,102,98722,2913,57310,3,0
$$HAR,16:14:35,414436759,-927928153,220262,13036278,42,102,98722,2915,57330,3,0
$$HAR,16:14:38,414436759,-927928158,220240,13036278,6,102,98720,2916,57328,3,1
$$HAR,16:14:41,414436759,-927928154,220248,13036278,14,102,98722,2917,57316,3,0
$$HAR,16:14:44,414436765,-927928159,220216,13036278,36,102,98722,2919,57280,3,0
$$HAR,16:14:47,414436765,-927928160,220272,13036278,31,102,98720,2920,57262,3,0
$$HAR,16:14:50,414436772,-927928167,220220,13036278,28,102,98722,2921,57234,3,0
$$HAR,16:14:53,414436774,-927928164,220172,13036278,14,102,98720,2922,57240,3,0
$$HAR,16:14:56,414436770,-927928162,220295,13036278,41,102,98722,2923,57245,3,0
$$HAR,16:14:59,414436765,-927928151,220495,13036278,51,102,98720,2924,57258,3,0
$$HAR,16:15:2,414436764,-927928147,220514,13036278,15,102,98720,2926,57265,3,0
$$HAR,16:15:5,414436760,-927928142,220418,13036278,11,102,98724,2927,57257,3,0
$$HAR,16:15:8,414436760,-927928148,220288,13036278,5,102,98724,2928,57244,3,0
$$HAR,16:15:11,414436766,-927928152,220245,13036278,26,102,98724,2929,57187,3,0
$$HAR,16:15:14,414436769,-927928153,220282,13036278,29,102,98722,2930,57170,3,0
$$HAR,16:15:17,414436767,-927928162,220256,13036278,34,102,98724,2931,57164,3,0
$$HAR,16:15:20,414436767,-927928169,220206,13036278,44,102,98724,2933,57175,3,0
$$HAR,16:15:23,414436768,-927928171,220235,13036278,13,102,98722,2934,57152,3,0
$$HAR,16:15:26,414436772,-927928172,220297,13036278,6,102,98724,2935,57116,3,0
$$HAR,16:15:29,414436775,-927928177,220283,13036278,27,102,98722,2936,57068,3,0
$$HAR,16:15:32,414436776,-927928175,220278,13036278,54,102,98722,2937,57022,3,0
$$HAR,16:15:35,414436785,-927928174,220167,13036278,49,102,98720,2938,56986,3,0
$$HAR,16:15:38,414436779,-927928127,220582,13036278,223,102,98722,2939,56973,3,0
$$HAR,16:15:41,414436790,-927928129,220501,13036278,36,103,98720,2941,56968,3,0
$$HAR,16:15:44,414436800,-927928122,220533,13036278,22,103,98720,2942,56949,3,0
$$HAR,16:15:47,414436802,-927928135,220708,13036278,27,102,98724,2943,56926,3,0
$$HAR,16:15:50,414436794,-927928118,221049,13036278,32,102,98722,2944,56888,3,0
$$HAR,16:15:53,414436796,-927928126,221218,13036278,31,102,98722,2945,56827,3,0
$$HAR,16:15:56,414436797,-927928121,221280,13036278,28,102,98720,2946,56782,3,0
$$HAR,16:15:59,414436799,-927928137,221240,13036278,21,102,98722,2947,56747,3,0
$$HAR,16:16:2,414436792,-927928088,221513,13036278,73,103,98720,2948,56728,3,0
$$HAR,16:16:5,414436789,-927928094,221483,13036278,55,103,98722,2949,56705,3,0
$$HAR,16:16:8,414436775,-927928038,221855,13036278,26,102,98720,2951,56682,3,0
$$HAR,16:16:11,414436770,-927928030,222079,13036278,82,102,98720,2952,56666,3,0
$$HAR,16:16:14,414436772,-927928046,222123,13036278,71,102,98722,2953,56666,3,0
$$HAR,16:16:17,414436763,-927928057,222248,13036278,66,102,98720,2954,56670,3,0
$$HAR,16:16:20,414436760,-927928061,222288,13036278,31,103,98720,2955,56657,3,0
$$HAR,16:16:23,414436761,-927928078,222132,13036278,19,103,98718,2956,56681,3,0
$$HAR,16:16:26,414436765,-927928085,222050,13036278,20,103,98720,2957,56705,3,0
$$HAR,16:16:29,414436771,-927928091,222002,13036278,58,103,98718,2958,56688,3,0
$$HAR,16:16:32,414436780,-927928090,221880,13036278,51,103,98722,2959,56644,3,0
$$HAR,16:16:35,414436787,-927928104,221685,13036278,6,103,98722,2960,56600,3,0
$$HAR,16:16:38,414436790,-927928111,221613,13036278,35,103,98722,2961,56553,3,0
$$HAR,16:16:41,414436795,-927928125,221559,13036278,146,102,98722,2962,56488,3,0
$$HAR,16:16:44,414436805,-927928189,221292,20610844,61,103,98722,2963,56463,3,0
$$HAR,16:16:47,414436810,-927928183,221227,20610844,36,103,98720,2964,56398,3,0
$$HAR,16:16:50,414436817,-927928176,221158,20610844,38,103,98722,2966,56350,3,1
$$HAR,16:16:53,414436822,-927928173,220970,20610844,31,103,98722,2967,56308,3,0
$$HAR,16:16:56,414436826,-927928174,220776,20610844,54,102,98722,2968,56279,3,0
$$HAR,16:16:59,414436829,-927928182,220741,20610844,44,102,98724,2969,56224,3,0
$$HAR,16:17:2,414436825,-927928163,220954,20610844,66,103,98722,2970,56197,3,1
$$HAR,16:17:5,414436828,-927928157,221088,20610844,18,102,98724,2971,56178,3,0
$$HAR,16:17:8,414436821,-927928122,221357,20610844,85,103,98722,2972,56163,3,0
$$HAR,16:17:11,414436819,-927928116,221630,20610844,13,102,98722,2973,56130,3,0
$$HAR,16:17:14,414436815,-927928101,221897,20610844,47,102,98720,2974,56099,3,1
$$HAR,16:17:17,414436821,-927928107,221853,20610844,25,103,98724,2975,56072,3,0
$$HAR,16:17:20,414436816,-927928105,222054,20610844,42,102,98722,2976,56057,3,0
$$HAR,16:17:23,414436819,-927928101,221964,20610844,41,102,98724,2978,56013,3,0
$$HAR,16:17:26,414436830,-927928123,221639,20610844,97,102,98722,2979,56000,3,0
$$HAR,16:17:29,414436835,-927928133,221521,20610844,21,102,98724,2980,56026,3,0
$$HAR,16:17:32,414436841,-927928142,221561,20610844,77,102,98722,2981,56041,3,0
$$HAR,16:17:35,414436851,-927928152,221571,20610844,19,102,98722,2982,56020,3,0
$$HAR,16:17:38,414436850,-927928148,221639,20610844,32,102,98724,2983,56012,3,0
$$HAR,16:17:41,414436860,-927928157,221491,20610844,45,102,98722,2984,55985,3,0
$$HAR,16:17:44,414436862,-927928172,221456,20610844,33,102,98724,2986,55960,3,0
$$HAR,16:17:47,414436860,-927928174,221694,20610844,27,102,98722,2987,55944,3,0
$$HAR,16:17:50,414436858,-927928166,221876,20610844,46,102,98724,2988,55937,3,0
$$HAR,16:17:53,414436854,-927928164,221920,20610844,24,102,98722,2989,55948,3,0
$$HAR,16:17:56,414436852,-927928148,222047,20610844,34,102,98722,2990,55946,3,0
$$HAR,16:17:59,414436851,-927928150,222089,20610844,26,102,98726,2991,55919,3,0
$$HAR,16:18:2,414436847,-927928156,222191,20610844,112,102,98724,2992,55917,3,0
$$HAR,16:18:5,414436841,-927928147,222153,20610844,7,102,98726,2993,55902,3,0
$$HAR,16:18:8,414436833,-927928124,222387,20610844,55,103,98724,2994,55892,3,0
$$HAR,16:18:11,414436827,-927928118,222592,20610844,42,103,98724,2996,55867,3,0
$$HAR,16:18:14,414436825,-927928112,222787,20610844,24,103,98722,2997,55842,3,0
$$HAR,16:18:17,414436829,-927928113,222760,20610844,18,103,98724,2998,55826,3,0
$$HAR,16:18:20,414436836,-927928118,222691,20610844,86,103,98722,2999,55813,3,0
$$HAR,16:18:23,414436833,-927928115,222661,20610844,37,103,98724,3000,55814,3,0
$$HAR,16:18:26,414436832,-927928118,222628,20610844,46,103,98722,3001,55807,3,0
$$HAR,16:18:29,414436824,-927928114,222567,20610844,33,103,98722,3002,55782,3,0
$$HAR,16:18:32,414436824,-927928122,222453,20610844,83,103,98720,3003,55778,3,0
$$HAR,16:18:35,414436825,-927928131,222508,20610844,24,103,98722,3004,55791,3,0
$$HAR,16:18:38,414436837,-927928134,222521,20610844,39,103,98720,3005,55785,3,0
$$HAR,16:18:41,414436833,-927928126,222627,20610844,15,103,98722,3006,55766,3,0
$$HAR,16:18:44,414436827,-927928132,222545,20610844,42,102,98720,3007,55771,3,0
$$HAR,16:18:47,414436821,-927928119,222563,20610844,66,102,98720,3008,55777,3,0
$$HAR,16:18:50,414436807,-927928094,222697,20610844,23,103,98718,3009,55752,3,0
$$HAR,16:18:53,414436803,-927928086,222790,20610844,34,103,98722,3010,55744,3,0
$$HAR,16:18:56,414436801,-927928101,222631,20610844,27,103,98722,3011,55723,3,0
$$HAR,16:18:59,414436795,-927928088,222699,20610844,39,103,98722,3012,55696,3,0
$$HAR,16:19:2,414436781,-927928072,222501,20610844,25,103,98724,3013,55650,3,0
$$HAR,16:19:5,414436776,-927928065,222445,20610844,64,103,98722,3014,55610,3,0
$$HAR,16:19:8,414436779,-927928053,222519,20610844,19,103,98722,3015,55574,3,0
$$HAR,16:19:11,414436776,-927928047,222563,20610844,44,102,98722,3016,55539,3,0
$$HAR,16:19:14,414436771,-927928011,222857,20610844,31,103,98724,3017,55508,3,0
$$HAR,16:19:17,414436773,-927928013,222944,20610844,41,103,98722,3018,55504,3,0
$$HAR,16:19:20,414436782,-927928024,222818,20610844,36,103,98722,3019,55466,3,0
$$HAR,16:19:23,414436785,-927928038,222609,20610844,60,103,98720,3020,55435,3,1
$$HAR,16:19:26,414436799,-927928044,222525,20610844,36,103,98722,3021,55414,3,0
$$HAR,16:19:29,414436800,-927928052,222432,20610844,30,103,98720,3023,55413,3,0
$$HAR,16:19:32,414436800,-927928053,222490,20610844,42,103,98722,3024,55394,3,0
$$HAR,16:19:35,414436809,-927928064,222453,20610844,37,103,98720,3025,55388,3,0
$$HAR,16:19:38,414436818,-927928083,222221,20610844,85,103,98724,3026,55405,3,0
$$HAR,16:19:41,414436826,-927928097,222189,20610844,54,103,98724,3027,55403,3,0
$$HAR,16:19:44,414436838,-927928104,222213,20610844,35,103,98724,3028,55388,3,0
$$HAR,16:19:47,414436845,-927928110,222051,20610844,24,103,98722,3029,55374,3,0
$$HAR,16:19:50,414436848,-927928111,222118,20610844,93,103,98724,3030,55361,3,0
$$HAR,16:19:53,414436859,-927928121,221849,20610844,74,103,98722,3031,55328,3,0
$$HAR,16:19:56,414436863,-927928128,221959,20610844,8,101,98722,3032,55316,3,0
$$HAR,16:19:59,414436866,-927928137,222047,20610844,40,101,98722,3033,55303,3,0
$$HAR,16:20:2,414436861,-927928133,222183,20610844,57,101,98722,3034,55280,3,0
$$HAR,16:20:5,414436858,-927928127,222285,20610844,22,101,98720,3035,55243,3,0
$$HAR,16:20:8,414436861,-927928132,222103,20610844,25,101,98722,3036,55214,3,1
$$HAR,16:20:11,414436859,-927928121,222057,20610844,41,101,98720,3038,55202,3,0
$$HAR,16:20:14,414436866,-927928125,222035,20610844,24,101,98720,3039,55195,3,0
$$HAR,16:20:17,414436876,-927928122,222115,20610844,29,101,98720,3040,55210,3,0
$$HAR,16:20:20,414436880,-927928128,222005,20610844,33,101,98720,3041,55204,3,0
$$HAR,16:20:23,414436876,-927928127,222053,20610844,51,101,98724,3042,55196,3,0
$$HAR,16:20:26,414436873,-927928125,221929,20610844,54,101,98724,3043,55177,3,0
$$HAR,16:20:29,414436870,-927928124,221912,20610844,43,101,98724,3044,55146,3,0
$$HAR,16:20:32,414436870,-927928105,222235,20610844,33,101,98724,3045,55123,3,0
$$HAR,16:20:35,414436867,-927928093,222394,20610844,49,101,98724,3046,55077,3,0
$$HAR,16:20:38,414436857,-927928081,222687,20610844,15,101,98724,3047,55050,3,0
$$HAR,16:20:41,414436852,-927928076,222735,20610844,27,101,98726,3048,55021,3,0
$$HAR,16:20:44,414436845,-927928076,222917,20610844,88,101,98722,3049,55011,3,0
$$HAR,16:20:47,414436846,-927928069,223134,20610844,22,101,98724,3050,54986,3,0
$$HAR,16:20:50,414436842,-927928065,223132,20610844,29,101,98722,3052,54969,3,0
$$HAR,16:20:53,414436836,-927928074,222977,20610844,58,101,98722,3053,54957,3,0
$$HAR,16:20:56,414436833,-927928064,223104,20610844,59,101,98722,3054,54951,3,0
$$HAR,16:20:59,414436835,-927928072,223048,20610844,63,101,98720,3055,54938,3,0
$$HAR,16:21:2,414436839,-927928073,223176,20610844,31,101,98722,3056,54941,3,0
$$HAR,16:21:5,414436846,-927928087,223167,20610844,56,100,98720,3057,54933,3,0
$$HAR,16:21:8,414436846,-927928087,223239,20610844,36,100,98724,3058,54931,3,0
$$HAR,16:21:11,414436834,-927928079,223468,20610844,36,100,98722,3059,54915,3,0
$$HAR,16:21:14,414436826,-927928076,223540,20610844,80,100,98722,3060,54906,3,0
$$HAR,16:21:17,414436824,-927928088,223473,20610844,31,100,98722,3061,54879,3,0
$$HAR,16:21:20,414436822,-927928084,223529,20610844,29,100,98722,3062,54873,3,0
$$HAR,16:21:23,414436835,-927928103,223263,20610844,52,100,98720,3063,54871,3,0
$$HAR,16:21:26,414436833,-927928109,223256,20610844,36,100,98720,3064,54871,3,0
$$HAR,16:21:29,414436830,-927928101,223249,20610844,54,100,98718,3065,54859,3,0
$$HAR,16:21:32,414436828,-927928102,223054,20610844,32,100,98720,3066,54838,3,0
$$HAR,16:21:35,414436826,-927928080,222657,20610844,48,100,98718,3067,54830,3,0
$$HAR,16:21:38,414436827,-927928079,222193,20610844,31,100,98720,3068,54824,3,0
$$HAR,16:21:41,414436826,-927928062,221815,20610844,21,100,98718,3069,54795,3,0
$$HAR,16:21:44,414436821,-927928055,221236,20610844,32,100,98720,3070,54753,3,1
$$HAR,16:21:47,414436809,-927928046,221067,20610844,30,100,98718,3071,54707,3,0
$$HAR,16:21:50,414436797,-927928025,220963,20610844,10,100,98720,3072,54685,3,0
$$HAR,16:21:53,414436788,-927928011,220816,20610844,18,100,98718,3073,54645,3,0
$$HAR,16:21:56,414436774,-927927994,220684,20610844,12,100,98722,3074,54635,3,0
$$HAR,16:21:59,414436766,-927927974,220430,20610844,7,100,98720,3075,54621,3,0
$$HAR,16:22:2,414436764,-927927958,220146,20610844,45,100,98722,3076,54598,3,0
$$HAR,16:22:5,414436756,-927927944,219951,20610844,12,100,98720,3077,54573,3,0
$$HAR,16:22:8,414436740,-927927921,220034,20610844,42,100,98722,3078,54556,3,0
$$HAR,16:22:11,414436733,-927927920,219811,20610844,10,100,98722,3079,54538,3,0
$$HAR,16:22:14,414436723,-927927909,219624,20610844,60,100,98724,3080,54526,3,0
$$HAR,16:22:17,414436716,-927927901,219560,20610844,34,100,98722,3081,54505,3,0
$$HAR,16:22:20,414436710,-927927903,219289,20610844,29,100,98724,3082,54473,3,0
$$HAR,16:22:23,414436708,-927927908,219323,20610844,29,100,98722,3083,54444,3,0
$$HAR,16:22:26,414436701,-927927910,219203,20610844,20,100,98720,3084,54419,3,0
$$HAR,16:22:29,414436700,-927927905,219340,20610844,28,100,98722,3085,54393,3,0
$$HAR,16:22:32,414436700,-927927913,219165,20610844,30,100,98722,3086,54368,3,0
$$HAR,16:22:35,414436699,-927927923,219160,20610844,34,100,98722,3087,54351,3,0
$$HAR,16:22:38,414436698,-927927957,219011,20610844,20,100,98722,3088,54333,3,0
$$HAR,16:22:41,414436704,-927927968,218712,20610844,84,100,98720,3089,54302,3,0
$$HAR,16:22:44,414436703,-927927994,218389,20610844,33,100,98718,3090,54287,3,0
$$HAR,16:22:47,414436695,-927928015,217582,20610844,36,100,98720,3091,54273,3,0
$$HAR,16:22:50,414436685,-927928019,217294,20610844,30,100,98718,3092,54283,3,0
$$HAR,16:22:53,414436686,-927928035,216951,20610844,41,100,98722,3093,54271,3,0
$$HAR,16:22:56,414436685,-927928043,216707,20610844,30,100,98720,3094,54261,3,0
$$HAR,16:22:59,414436679,-927928048,216692,20610844,32,100,98720,3095,54265,3,0
$$HAR,16:23:2,414436672,-927928048,216669,20610844,8,100,98722,3097,54255,3,0
$$HAR,16:23:5,414436674,-927928050,216610,20610844,15,100,98720,3098,54266,3,0
$$HAR,16:23:8,414436671,-927928045,216662,20610844,4,100,98722,3099,54253,3,0
$$HAR,16:23:11,414436670,-927928043,216651,20610844,34,100,98720,3100,54266,3,0
$$HAR,16:23:14,414436667,-927928039,216622,20610844,31,100,98720,3101,54266,3,0
$$HAR,16:23:17,414436666,-927928036,216496,20610844,21,100,98720,3102,54260,3,0
$$HAR,16:23:20,414436662,-927928030,216624,20610844,22,100,98720,3103,54258,3,0
$$HAR,16:23:23,414436657,-927928026,216542,20610844,18,100,98720,3104,54264,3,0
$$HAR,16:23:26,414436657,-927928028,216472,20610844,17,100,98720,3105,54263,3,0
$$HAR,16:23:29,414436660,-927928036,216340,20610844,12,100,98720,3106,54270,3,0
$$HAR,16:23:32,414436662,-927928048,216216,20610844,43,104,98720,3108,54261,3,0
$$HAR,16:23:35,414436658,-927928054,216218,20610844,19,104,98722,3109,54251,3,0
$$HAR,16:23:38,414436655,-927928053,216221,20610844,28,104,98720,3110,54229,3,0
$$HAR,16:23:41,414436653,-927928052,216187,20610844,4,104,98720,3111,54197,3,0
$$HAR,16:23:44,414436648,-927928033,216332,20610844,25,104,98718,3112,54193,3,0
$$HAR,16:23:47,414436644,-927928025,216285,20610844,6,104,98720,3113,54168,3,0
$$HAR,16:23:50,414436643,-927928025,216261,20610844,31,104,98720,3114,54171,3,0
$$HAR,16:23:53,414436650,-927928026,216141,20610844,45,104,98720,3115,54150,3,0
$$HAR,16:23:56,414436653,-927928029,216124,20610844,5,104,98720,3117,54134,3,0
$$HAR,16:23:59,414436655,-927928031,216030,20610844,15,104,98720,3118,54138,3,0
$$HAR,16:24:2,414436655,-927928030,215941,20610844,25,104,98720,3119,54124,3,0
$$HAR,16:24:5,414436656,-927928025,215948,20610844,6,104,98718,3120,54132,3,0
$$HAR,16:24:8,414436650,-927928017,216036,20610844,17,104,98720,3121,54104,3,0
$$HAR,16:24:11,414436649,-927928013,215993,20610844,45,104,98720,3123,54114,3,0
$$HAR,16:24:14,414436649,-927928011,216033,20610844,24,104,98718,3124,54108,3,0
$$HAR,16:24:17,414436650,-927928005,216122,20610844,41,104,98722,3125,54115,3,0
$$HAR,16:24:20,414436648,-927927999,216218,20610844,2,104,98720,3126,54108,3,0
$$HAR,16:24:23,414436647,-927928004,216190,20610844,20,103,98722,3127,54119,3,0
$$HAR,16:24:26,414436645,-927928003,216232,20610844,19,103,98720,3128,54100,3,0
$$HAR,16:24:29,414436645,-927928008,216193,20610844,56,103,98722,3129,54109,3,0
$$HAR,16:24:32,414436649,-927928013,216056,20610844,30,103,98720,3130,54107,3,0
$$HAR,16:24:35,414436648,-927928010,216163,20610844,8,103,98722,3131,54107,3,0
$$HAR,16:24:38,414436647,-927928015,216221,20610844,43,103,98722,3133,54109,3,0
$$HAR,16:24:41,414436648,-927928021,216284,20610844,47,103,98722,3134,54108,3,0
$$HAR,16:24:44,414436653,-927928026,216245,20610844,30,103,98722,3135,54097,3,0
$$HAR,16:24:47,414436654,-927928029,216186,20610844,48,103,98722,3136,54102,3,0
$$HAR,16:24:50,414436651,-927928033,216214,20610844,19,103,98722,3137,54075,3,0
$$HAR,16:24:53,414436660,-927928034,216934,20610844,13,103,98720,3138,54065,3,0
$$HAR,16:24:56,414436676,-927928064,217799,20610844,27,103,98722,3139,54052,3,0
$$HAR,16:24:59,414436683,-927928086,218551,20610844,67,103,98720,3140,54059,3,0
$$HAR,16:25:2,414436694,-927928108,219026,20610844,40,103,98724,3141,54059,3,0
$$HAR,16:25:5,414436703,-927928121,219294,20610844,35,103,98722,3142,54040,3,0
$$HAR,16:25:8,414436708,-927928125,219420,20610844,45,103,98724,3143,54018,3,0
$$HAR,16:25:11,414436713,-927928129,219634,20610844,25,103,98722,3144,53993,3,0
$$HAR,16:25:14,414436714,-927928125,219793,20610844,26,103,98724,3146,53981,3,0
$$HAR,16:25:17,414436717,-927928122,219876,20610844,62,103,98722,3147,53977,3,0
$$HAR,16:25:20,414436719,-927928116,220174,20610844,30,103,98722,3148,53964,3,0
$$HAR,16:25:23,414436721,-927928118,220265,20610844,17,103,98720,3149,53954,3,0
$$HAR,16:25:26,414436725,-927928116,220431,20610844,8,103,98722,3150,53940,3,0
$$HAR,16:25:29,414436728,-927928116,220525,20610844,8,103,98724,3151,53934,3,0
$$HAR,16:25:32,414436732,-927928123,220680,20610844,12,103,98722,3152,53930,3,0
$$HAR,16:25:35,414436736,-927928129,220751,20610844,57,103,98722,3153,53922,3,0
$$HAR,16:25:38,414436737,-927928137,220699,20610844,16,103,98722,3154,53914,3,0
$$HAR,16:25:41,414436746,-927928141,220464,20610844,36,103,98722,3155,53903,3,0
$$HAR,16:25:44,414436747,-927928143,220561,20610844,24,103,98720,3156,53895,3,0
$$HAR,16:25:47,414436749,-927928140,220618,20610844,16,103,98724,3157,53887,3,0
$$HAR,16:25:50,414436753,-927928151,220471,20610844,20,103,98724,3158,53879,3,0
$$HAR,16:25:53,414436754,-927928165,220428,20610844,21,103,98724,3159,53860,3,0
$$HAR,16:25:56,414436752,-927928170,220438,20610844,20,103,98722,3161,53854,3,0
$$HAR,16:25:59,414436751,-927928169,220583,20610844,43,103,98724,3162,53854,3,0
$$HAR,16:26:2,414436757,-927928177,220582,20610844,41,103,98724,3163,53844,3,0
$$HAR,16:26:5,414436759,-927928184,220553,20610844,22,103,98722,3164,53838,3,0
$$HAR,16:26:8,414436763,-927928166,220598,20610844,41,103,98724,3166,53832,3,0
$$HAR,16:26:11,414436768,-927928161,220620,20610844,4,103,98722,3167,53828,3,0
$$HAR,16:26:14,414436770,-927928151,220770,20610844,26,103,98722,3168,53828,3,1
$$HAR,16:26:17,414436769,-927928145,220917,20610844,34,103,98722,3169,53800,3,0
$$HAR,16:26:20,414436770,-927928125,221059,20610844,26,103,98722,3170,53808,3,0
$$HAR,16:26:23,414436771,-927928119,221062,20610844,19,103,98724,3171,53796,3,0
$$HAR,16:26:26,414436767,-927928119,221097,20610844,28,103,98722,3172,53794,3,0
$$HAR,16:26:29,414436769,-927928120,221145,20610844,19,103,98722,3173,53788,3,0
$$HAR,16:26:32,414436771,-927928122,221122,20610844,24,103,98722,3174,53784,3,0
$$HAR,16:26:35,414436780,-927928129,220985,20610844,28,103,98726,3175,53776,3,0
$$HAR,16:26:38,414436777,-927928132,220968,20610844,46,103,98724,3177,53759,3,0
$$HAR,16:26:41,414436777,-927928136,220970,20610844,34,103,98724,3178,53755,3,0
$$HAR,16:26:44,414436774,-927928140,220960,20610844,34,103,98726,3179,53749,3,0
$$HAR,16:26:47,414436774,-927928133,220916,20610844,20,103,98724,3180,53743,3,0
$$HAR,16:26:50,414436780,-927928133,220837,20610844,28,103,98726,3181,53750,3,0
$$HAR,16:26:53,414436783,-927928138,220889,20610844,24,103,98724,3182,53743,3,0
$$HAR,16:26:56,414436779,-927928133,221076,20610844,21,103,98724,3184,53735,3,0
$$HAR,16:26:59,414436781,-927928136,221097,20610844,27,103,98724,3185,53701,3,0
$$HAR,16:27:2,414436782,-927928130,221093,20610844,11,103,98724,3186,53688,3,0
$$HAR,16:27:5,414436782,-927928127,221171,20610844,25,103,98722,3187,53687,3,0
$$HAR,16:27:8,414436776,-927928128,221346,20610844,7,103,98724,3188,53674,3,0
$$HAR,16:27:11,414436779,-927928128,221477,20610844,28,103,98722,3189,53645,3,0
$$HAR,16:27:14,414436777,-927928127,221556,20610844,15,103,98724,3190,53635,3,0
$$HAR,16:27:17,414436779,-927928114,221652,20610844,24,103,98722,3191,53610,3,0
$$HAR,16:27:20,414436779,-927928115,221608,20610844,34,103,98726,3192,53587,3,0
$$HAR,16:27:23,414436780,-927928119,221519,20610844,48,103,98724,3193,53587,3,0
$$HAR,16:27:26,414436781,-927928111,221531,20610844,75,103,98724,3194,53571,3,0
$$HAR,16:27:29,414436780,-927928111,221496,20610844,30,103,98726,3196,53565,3,0
$$HAR,16:27:32,414436776,-927928107,221642,20610844,24,103,98724,3197,53553,3,0
$$HAR,16:27:35,414436773,-927928113,221713,20610844,27,103,98724,3198,53551,3,0
$$HAR,16:27:38,414436770,-927928117,221770,20610844,11,103,98724,3199,53557,3,0
$$HAR,16:27:41,414436773,-927928122,221869,20610844,26,103,98724,3200,53557,3,0
$$HAR,16:27:44,414436770,-927928118,221978,20610844,25,103,98722,3201,53537,3,0
$$HAR,16:27:47,414436777,-927928119,221872,20610844,4,103,98724,3202,53531,3,0
$$HAR,16:27:50,414436783,-927928116,221763,20610844,24,103,98724,3203,53527,3,0
$$HAR,16:27:53,414436792,-927928113,221729,20610844,51,103,98724,3204,53521,3,0
$$HAR,16:27:56,414436793,-927928119,221556,20610844,24,103,98724,3205,53528,3,0
$$HAR,16:27:59,414436799,-927928123,221467,20610844,42,103,98724,3206,53503,3,0
$$HAR,16:28:2,414436804,-927928130,221375,20610844,33,103,98722,3207,53474,3,0
$$HAR,16:28:5,414436814,-927928132,221306,20610844,45,103,98726,3208,53441,3,0
$$HAR,16:28:8,414436820,-927928133,221342,20610844,50,103,98724,3209,53426,3,0
$$HAR,16:28:11,414436819,-927928137,221202,20610844,18,103,98726,3210,53422,3,0
$$HAR,16:28:14,414436818,-927928131,221303,20610844,34,103,98724,3211,53397,3,0
$$HAR,16:28:17,414436812,-927928125,221423,20610844,20,103,98726,3213,53387,3,0
$$HAR,16:28:20,414436813,-927928120,221575,20610844,28,103,98722,3214,53358,3,0
$$HAR,16:28:23,414436818,-927928136,221506,20610844,45,103,98724,3215,53336,3,0
$$HAR,16:28:26,414436822,-927928150,221435,20610844,28,103,98722,3216,53315,3,0
$$HAR,16:28:29,414436821,-927928158,221345,20610844,51,103,98724,3217,53293,3,0
$$HAR,16:28:32,414436830,-927928163,221223,20610844,22,103,98722,3218,53266,3,0
$$HAR,16:28:35,414436826,-927928161,221143,20610844,34,103,98724,3219,53252,3,0
$$HAR,16:28:38,414436823,-927928157,221102,20610844,12,103,98726,3220,53227,3,0
$$HAR,16:28:41,414436817,-927928159,221086,20610844,15,103,98724,3221,53208,3,0
$$HAR,16:28:44,414436810,-927928155,221228,20610844,16,102,98726,3222,53188,3,0
$$HAR,16:28:47,414436802,-927928147,221324,20610844,72,102,98724,3223,53167,3,0
$$HAR,16:28:50,414436800,-927928141,221223,20610844,22,102,98734,3224,53140,3,0
$$HAR,16:28:53,414436801,-927928148,221024,20610844,16,102,98726,3225,53122,3,0
$$HAR,16:28:56,414436803,-927928161,220762,20610844,18,102,98734,3226,53110,3,0
$$HAR,16:28:59,414436809,-927928169,220702,20610844,5,102,98726,3227,53106,3,0
$$HAR,16:29:2,414436817,-927928171,220586,20610844,16,102,98726,3228,53081,3,0
$$HAR,16:29:5,414436823,-927928181,220508,20610844,5,102,98726,3229,53064,3,0
$$HAR,16:29:8,414436819,-927928179,220512,20610844,36,102,98726,3230,53036,3,0
$$HAR,16:29:11,414436818,-927928173,220395,20610844,19,102,98724,3232,53021,3,0
$$HAR,16:29:14,414436819,-927928172,220412,20610844,26,102,98726,3233,52974,3,0
$$HAR,16:29:17,414436816,-927928173,220520,20610844,18,102,98724,3234,52952,3,0
$$HAR,16:29:20,414436817,-927928173,220563,20610844,9,102,98724,3235,52937,3,0
$$HAR,16:29:23,414436820,-927928172,220686,20610844,5,102,98724,3236,52927,3,0
$$HAR,16:29:26,414436817,-927928170,220793,20610844,10,102,98724,3237,52909,3,0
$$HAR,16:29:29,414436815,-927928166,220893,20610844,48,102,98726,3238,52892,3,0
$$HAR,16:29:32,414436817,-927928169,220997,20610844,25,102,98724,3239,52886,3,0
$$HAR,16:29:35,414436813,-927928163,221047,20610844,18,102,98734,3240,52868,3,0
$$HAR,16:29:38,414436817,-927928165,220998,20610844,32,102,98726,3241,52847,3,0
$$HAR,16:29:41,414436818,-927928162,220986,20610844,46,102,98734,3242,52828,3,0
$$HAR,16:29:44,414436819,-927928156,220952,20610844,49,102,98726,3243,52806,3,0
$$HAR,16:29:47,414436821,-927928148,220955,20610844,33,102,98726,3245,52800,3,0
$$HAR,16:29:50,414436813,-927928144,221001,20610844,64,102,98726,3246,52781,3,0
$$HAR,16:29:53,414436811,-927928149,220956,20610844,4,102,98726,3247,52759,3,0
$$HAR,16:29:56,414436812,-927928157,220898,20610844,65,102,98724,3248,52740,3,0
$$HAR,16:29:59,414436812,-927928160,220920,20610844,3,102,98726,3249,52704,3,0
$$HAR,16:30:2,414436813,-927928169,220871,20610844,25,102,98724,3250,52675,3,0
$$HAR,16:30:5,414436808,-927928167,220874,20610844,49,102,98726,3251,52663,3,0
$$HAR,16:30:8,414436814,-927928183,220682,20610844,22,102,98734,3252,52653,3,0
$$HAR,16:30:11,414436819,-927928186,220626,20610844,60,102,98726,3253,52653,3,0
$$HAR,16:30:14,414436823,-927928186,220607,20610844,78,102,98726,3254,52651,3,0
$$HAR,16:30:17,414436827,-927928191,220435,20610844,16,102,98726,3255,52634,3,0
$$HAR,16:30:20,414436832,-927928188,220503,20610844,19,102,98726,3256,52624,3,0
$$HAR,16:30:23,414436840,-927928204,220284,20610844,17,102,98724,3258,52616,3,0
$$HAR,16:30:26,414436844,-927928207,220303,20610844,20,102,98734,3259,52616,3,0
$$HAR,16:30:29,414436844,-927928204,220281,20610844,3,102,98734,3260,52598,3,0
$$HAR,16:30:32,414436840,-927928206,220334,20610844,30,102,98734,3261,52565,3,0
$$HAR,16:30:35,414436851,-927928208,220271,20610844,34,102,98726,3262,52532,3,0
$$HAR,16:30:38,414436857,-927928206,220283,20610844,21,102,98734,3263,52497,3,0
$$HAR,16:30:41,414436859,-927928199,220132,20610844,20,102,98726,3264,52466,3,0
$$HAR,16:30:44,414436861,-927928202,220121,20610844,33,102,98734,3265,52428,3,0
$$HAR,16:30:47,414436858,-927928203,220141,20610844,34,102,98726,3266,52401,3,0
$$HAR,16:30:50,414436865,-927928214,220064,20610844,24,102,98734,3267,52372,3,0
$$HAR,16:30:53,414436869,-927928218,220070,20610844,23,102,98726,3268,52335,3,0
$$HAR,16:30:56,414436867,-927928226,220058,20610844,51,102,98734,3269,52294,3,0
$$HAR,16:30:59,414436873,-927928235,220025,20610844,55,102,98726,3270,52257,3,0
$$HAR,16:31:2,414436877,-927928234,220131,20610844,26,102,98726,3271,52213,3,0
$$HAR,16:31:5,414436880,-927928232,220233,20610844,21,102,98726,3272,52164,3,0
$$HAR,16:31:8,414436884,-927928236,220287,20610844,25,102,98726,3273,52114,3,0
$$HAR,16:31:11,414436886,-927928244,220334,20610844,9,102,98726,3274,52073,3,0
$$HAR,16:31:14,414436887,-927928248,220400,20610844,47,102,98734,3275,52045,3,0
$$HAR,16:31:17,414436886,-927928250,220479,20610844,12,102,98734,3276,52002,3,0
$$HAR,16:31:20,414436881,-927928245,220526,20610844,6,102,98734,3277,51977,3,0
$$HAR,16:31:23,414436878,-927928244,220629,20610844,47,102,98734,3278,51942,3,0
$$HAR,16:31:26,414436878,-927928243,220647,20610844,24,102,98734,3279,51909,3,0
$$HAR,16:31:29,414436875,-927928236,220561,20610844,12,102,98726,3280,51897,3,0
$$HAR,16:31:32,414436880,-927928234,220373,20610844,12,102,98724,3281,51871,3,0
$$HAR,16:31:35,414436881,-927928233,220292,20610844,30,102,98734,3282,51853,3,0
$$HAR,16:31:38,414436883,-927928236,220212,20610844,15,102,98726,3283,51855,3,0
$$HAR,16:31:41,414436894,-927928239,220160,20610844,8,102,98726,3284,51861,3,0
$$HAR,16:31:44,414436894,-927928230,220142,20610844,27,102,98724,3285,51855,3,0
$$HAR,16:31:47,414436894,-927928218,220165,20610844,22,102,98724,3286,51849,3,0
$$HAR,16:31:50,414436898,-927928222,220293,20610844,40,102,98722,3287,51847,3,0
$$HAR,16:31:53,414436899,-927928215,220451,20610844,24,102,98724,3288,51847,3,0
$$HAR,16:31:56,414436900,-927928218,220548,20610844,22,101,98722,3289,51837,3,0
$$HAR,16:31:59,414436899,-927928211,220613,20610844,14,101,98722,3290,51835,3,0
$$HAR,16:32:2,414436902,-927928209,220628,20610844,21,101,98720,3291,51835,3,0
$$HAR,16:32:5,414436900,-927928206,220716,20610844,31,101,98724,3292,51825,3,0
$$HAR,16:32:8,414436900,-927928214,220622,20610844,12,101,98726,3293,51813,3,0
$$HAR,16:32:11,414436897,-927928219,220654,20610844,20,101,98726,3294,51802,3,0
$$HAR,16:32:14,414436896,-927928224,220615,20610844,17,101,98726,3295,51794,3,0
$$HAR,16:32:17,414436899,-927928228,220479,20610844,39,101,98724,3296,51797,3,0
$$HAR,16:32:20,414436899,-927928230,220432,20610844,16,101,98726,3297,51777,3,0
$$HAR,16:32:23,414436894,-927928239,220410,20610844,54,101,98724,3298,51788,3,0
$$HAR,16:32:26,414436893,-927928239,220334,20610844,34,101,98726,3299,51775,3,0
$$HAR,16:32:29,414436887,-927928238,220399,20610844,64,101,98724,3301,51781,3,0
$$HAR,16:32:32,414436884,-927928236,220381,20610844,44,101,98724,3302,51788,3,0
$$HAR,16:32:35,414436884,-927928237,220402,20610844,2,101,98722,3303,51784,3,0
$$HAR,16:32:38,414436891,-927928248,220447,20610844,41,101,98724,3304,51771,3,0
$$HAR,16:32:41,414436896,-927928252,220336,20610844,54,101,98722,3304,51753,3,0
$$HAR,16:32:44,414436893,-927928251,220355,20610844,9,101,98724,3305,51741,3,0
$$HAR,16:32:47,414436894,-927928254,220359,20610844,45,101,98724,3307,51731,3,0
$$HAR,16:32:50,414436885,-927928244,220508,20610844,37,101,98726,3308,51725,3,0
$$HAR,16:32:53,414436876,-927928247,220557,20610844,47,101,98726,3309,51715,3,0
$$HAR,16:32:56,414436873,-927928253,220474,20610844,45,101,98726,3310,51706,3,0
$$HAR,16:32:59,414436871,-927928259,220475,20610844,42,101,98726,3311,51694,3,0
$$HAR,16:33:2,414436875,-927928269,220456,20610844,63,101,98726,3312,51696,3,0
$$HAR,16:33:5,414436889,-927928277,220290,20610844,66,101,98724,3313,51652,3,0
$$HAR,16:33:8,414436897,-927928302,219998,20610844,124,101,98726,3314,51642,3,0
$$HAR,16:33:11,414436898,-927928301,219937,20610844,42,101,98724,3315,51625,3,0
$$HAR,16:33:14,414436896,-927928300,219954,20610844,65,101,98726,3316,51609,3,0
$$HAR,16:33:17,414436893,-927928298,219982,20610844,10,101,98724,3317,51603,3,0
$$HAR,16:33:20,414436894,-927928309,220009,20610844,46,101,98726,3318,51583,3,0
$$HAR,16:33:23,414436891,-927928288,220099,20610844,147,101,98724,3319,51562,3,0
$$HAR,16:33:26,414436911,-927928358,219641,30154756,55,101,98726,3320,51550,3,0
$$HAR,16:33:29,414436937,-927928398,218585,30154756,14,101,98724,3321,51544,3,0
$$HAR,16:33:32,414436927,-927928412,218357,30154756,13,101,98726,3322,51601,3,0
$$HAR,16:33:35,414436890,-927928443,218893,30154756,39,101,98734,3324,51655,3,0
$$HAR,16:33:38,414436895,-927928450,218744,30154756,27,101,98734,3325,51701,3,0
$$HAR,16:33:41,414436900,-927928457,218631,30154756,22,101,98734,3326,51727,3,0
$$HAR,16:33:44,414436907,-927928460,218709,30154756,30,101,98734,3328,51729,3,0
$$HAR,16:33:47,414436910,-927928457,219004,30154756,89,101,98734,3330,51720,3,0
$$HAR,16:33:50,414436910,-927928465,219220,30154756,40,101,98726,3332,51704,3,0
$$HAR,16:33:53,414436907,-927928462,219454,30154756,16,101,98726,3333,51679,3,0
$$HAR,16:33:56,414436918,-927928467,219692,30154756,58,101,98724,3335,51665,3,0
$$HAR,16:33:59,414436914,-927928467,219771,30154756,29,101,98724,3338,51653,3,0
$$HAR,16:34:2,414436913,-927928465,219800,30154756,28,101,98722,3340,51641,3,0
$$HAR,16:34:5,414436901,-927928480,219829,30154756,59,93,98734,3342,51616,3,0
$$HAR,16:34:8,414436897,-927928495,220049,30154756,25,93,98726,3344,51584,3,0
$$HAR,16:34:11,414436901,-927928505,220248,30154756,32,93,98724,3347,51540,3,0
$$HAR,16:34:14,414436895,-927928512,220389,30154756,39,93,98724,3349,51521,3,0
$$HAR,16:34:17,414436895,-927928530,220489,30154756,26,92,98722,3352,51487,3,0
$$HAR,16:34:20,414436917,-927928517,220657,35436020,480,92,98724,3354,51454,3,0
$$HAR,16:34:23,414436876,-927928531,220179,22886406,31,92,98720,3357,51401,3,0
$$HAR,16:34:26,414436874,-927928539,220714,22886406,10,92,98724,3360,51346,3,0
$$HAR,16:34:29,414436941,-927928495,222134,1711204,837,92,98724,3363,51302,3,0
$$HAR,16:34:32,414437146,-927928429,222729,1349356,1336,92,98720,3366,51312,3,0
$$HAR,16:34:35,414437438,-927928375,222874,1099703,826,92,98718,3370,51257,3,0
$$HAR,16:34:38,414437705,-927928277,222926,2203681,984,95,98718,3373,51182,3,0
$$HAR,16:34:41,414437963,-927928106,222874,3481274,1186,92,98720,3377,51115,3,0
$$HAR,16:34:44,414438071,-927927668,222502,7959532,1216,92,98716,3380,51048,3,0
$$HAR,16:34:47,414438060,-927927158,222524,8793162,1298,92,98716,3383,50733,3,0
$$HAR,16:34:50,414438073,-927926683,222133,9085052,1370,92,98714,3388,50475,3,0
$$HAR,16:34:53,414438065,-927926175,222130,8501292,1502,92,98714,3392,50498,3,0
$$HAR,16:34:56,414438104,-927925687,221764,8357065,1250,92,98712,3395,50410,3,0
$$HAR,16:34:59,414438106,-927925189,222058,7818919,1395,92,98710,3400,50302,3,0
$$HAR,16:35:2,414438191,-927924701,221536,7776404,1574,92,98708,3404,50210,3,0
$$HAR,16:35:5,414438189,-927924180,221824,9316362,1111,92,98708,3408,50100,3,0
$$HAR,16:35:8,414438182,-927923695,221967,8359138,1632,92,98707,3413,49957,3,0
$$HAR,16:35:11,414438197,-927923195,222387,8271745,1264,92,98705,3417,49827,3,0
$$HAR,16:35:14,414438209,-927922676,222608,9372310,1567,92,98703,3422,49749,3,0
$$HAR,16:35:17,414438185,-927922140,222488,9212106,1393,92,98701,3426,49619,3,0
$$HAR,16:35:20,414438219,-927921635,222644,7853342,1045,92,98699,3431,49552,3,0
$$HAR,16:35:23,414438178,-927921146,222750,10480738,1090,92,98699,3436,49534,3,0
$$HAR,16:35:26,414438178,-927920686,222787,9488716,1106,95,98693,3441,49481,3,0
$$HAR,16:35:29,414438180,-927920188,222735,9163692,1332,95,98693,3445,49414,3,0
$$HAR,16:35:32,414438209,-927919713,223213,8689064,1030,95,98691,3450,49310,3,0
$$HAR,16:35:35,414438221,-927919240,223088,9103956,1144,92,98689,3454,49168,3,0
$$HAR,16:35:38,414438251,-927918788,223849,8804742,994,92,98687,3458,48969,3,0
$$HAR,16:35:41,414438239,-927918304,223495,9066778,1213,92,98689,3461,48698,3,0
$$HAR,16:35:44,414438267,-927917802,223903,9329134,1334,92,98689,3465,48443,3,0
$$HAR,16:35:47,414438221,-927917332,223510,9288916,1206,92,98691,3469,48210,3,0
$$HAR,16:35:50,414438239,-927916831,223794,9167994,1348,92,98689,3472,48047,3,0
$$HAR,16:35:53,414438175,-927916342,224454,9658608,1425,92,98693,3475,47884,3,0
$$HAR,16:35:56,414438216,-927915896,225126,7356835,1265,92,98693,3478,47740,3,0
$$HAR,16:35:59,414438220,-927915422,225200,8270893,1476,92,98695,3481,47577,3,0
$$HAR,16:36:2,414438263,-927914942,225198,8206185,1339,92,98693,3484,47354,3,0
$$HAR,16:36:5,414438241,-927914457,225164,8897394,1393,92,98699,3487,47121,3,0
$$HAR,16:36:8,414438276,-927913978,225181,8066141,1403,92,98699,3490,46971,3,0
$$HAR,16:36:11,414438216,-927913510,224830,9231424,1502,92,98699,3493,46818,3,0
$$HAR,16:36:14,414438202,-927913021,223818,8012658,1614,92,98703,3496,46720,3,0
$$HAR,16:36:17,414438194,-927912557,223646,9133412,1386,92,98703,3498,46664,3,0
$$HAR,16:36:20,414438206,-927912095,222906,7029438,1551,92,98707,3501,46549,3,0
$$HAR,16:36:23,414438224,-927911634,222931,8968036,966,92,98707,3504,46417,3,0
$$HAR,16:36:26,414438225,-927911101,222292,9116260,1038,92,98710,3507,46284,3,0
$$HAR,16:36:29,414438215,-927910546,222169,8567376,1770,92,98712,3511,46160,3,0
$$HAR,16:36:32,414438205,-927910035,222247,8954158,1361,92,98714,3514,46066,3,0
$$HAR,16:36:35,414438209,-927909584,221372,8816378,1108,92,98714,3517,45998,3,0
$$HAR,16:36:38,414438197,-927909062,221102,9461072,1534,92,98716,3520,45914,3,0
$$HAR,16:36:41,414438188,-927908556,220493,9396596,1345,92,98718,3523,45905,3,0
$$HAR,16:36:44,414438207,-927908046,220461,8135644,1438,92,98724,3526,45881,3,0
$$HAR,16:36:47,414438208,-927907492,220247,8973934,1529,92,98724,3529,45793,3,0
$$HAR,16:36:50,414438177,-927907010,219281,10168574,1263,92,98726,3531,45735,3,0
$$HAR,16:36:53,414438181,-927906504,218998,8830386,1464,92,98738,3534,45752,3,0
$$HAR,16:36:56,414438235,-927905973,218902,8349125,1326,92,98740,3537,45716,3,0
$$HAR,16:36:59,414438226,-927905524,218169,8766518,1307,92,98742,3539,45657,3,0
$$HAR,16:37:2,414438260,-927905004,218023,9116874,1444,92,98744,3541,45576,3,0
$$HAR,16:37:5,414438236,-927904504,217842,9591204,1346,92,98748,3544,45496,3,0
$$HAR,16:37:8,414438281,-927903995,217940,7987852,1533,92,98752,3546,45462,3,0
$$HAR,16:37:11,414438364,-927903480,217620,7754868,1379,92,98754,3549,45476,3,0
$$HAR,16:37:14,414438437,-927903016,217298,6549860,1646,92,98754,3551,45451,3,0
$$HAR,16:37:17,414438608,-927902616,217671,5947238,992,88,98754,3554,45381,3,0
$$HAR,16:37:20,414438748,-927902382,217529,5708317,722,88,98758,3556,45331,3,0
$$HAR,16:37:23,414438757,-927902210,216892,8191470,117,88,98760,3559,45303,3,0
$$HAR,16:37:26,414438833,-927902345,216944,1575957,112,88,98758,3562,45235,3,0
$$HAR,16:37:29,414438831,-927902332,216838,1575957,114,88,98762,3565,45193,3,0
$$HAR,16:37:32,414438856,-927902347,216539,1575957,124,89,98762,3567,45191,3,0
$$HAR,16:37:35,414438854,-927902385,215917,1575957,70,89,98762,3569,45108,3,0
$$HAR,16:37:38,414438818,-927902377,215804,1575957,15,88,98762,3571,45081,3,0
$$HAR,16:37:41,414438813,-927902352,215772,1575957,140,88,98760,3573,45059,3,0
$$HAR,16:37:44,414438835,-927902314,216548,1575957,99,88,98760,3575,45033,3,0
$$HAR,16:37:47,414438852,-927902298,216505,1575957,120,88,98764,3577,45017,3,0
$$HAR,16:37:50,414438848,-927902287,215991,1575957,136,88,98764,3578,45032,3,0
$$HAR,16:37:53,414438841,-927902298,215741,1575957,69,89,98764,3580,45064,3,0
$$HAR,16:37:56,414438856,-927902308,215132,1575957,101,88,98764,3582,45088,3,0
$$HAR,16:37:59,414438867,-927902300,214917,1575957,61,88,98764,3583,45103,3,0
$$HAR,16:38:2,414438851,-927902282,214845,1575957,44,89,98766,3585,45098,3,0
$$HAR,16:38:5,414438839,-927902277,214697,1575957,82,89,98762,3587,45114,3,0
$$HAR,16:38:8,414438854,-927902262,214909,1575957,88,89,98764,3588,45126,3,0
$$HAR,16:38:11,414438845,-927902274,214742,1575957,55,88,98764,3590,45144,3,0
$$HAR,16:38:14,414438895,-927902296,214632,1575957,91,88,98768,3591,45138,3,0
$$HAR,16:38:17,414438886,-927902284,214675,1575957,66,88,98766,3593,45132,3,0
$$HAR,16:38:20,414438935,-927902325,214434,1575957,67,88,98766,3594,45128,3,0
$$HAR,16:38:23,414438948,-927902424,213911,34657420,62,88,98764,3596,45112,3,0
$$HAR,16:38:26,414438925,-927902428,214062,34657420,56,88,98762,3597,45115,3,0
$$HAR,16:38:29,414438908,-927902422,214130,34657420,71,88,98762,3599,45093,3,0
$$HAR,16:38:32,414438876,-927902433,214265,34657420,35,88,98762,3600,45062,3,0
$$HAR,16:38:35,414438841,-927902418,214322,34657420,22,88,98762,3602,45027,3,0
$$HAR,16:38:38,414438866,-927902420,214187,34657420,23,88,98760,3603,44999,3,0
$$HAR,16:38:41,414438865,-927902404,214434,34657420,48,88,98760,3605,44955,3,0
$$HAR,16:38:44,414438863,-927902407,214467,34657420,63,88,98760,3607,44901,3,0
$$HAR,16:38:47,414438888,-927902431,214062,34657420,43,89,98760,3608,44846,3,0
$$HAR,16:38:50,414438911,-927902441,213647,34657420,17,89,98764,3610,44810,3,0
$$HAR,16:38:53,414438934,-927902446,213543,34657420,63,88,98760,3611,44752,3,0
$$HAR,16:38:56,414438952,-927902435,213186,34657420,59,89,98760,3613,44707,3,0
$$HAR,16:38:59,414438988,-927902417,213463,34657420,54,89,98762,3614,44679,3,0
$$HAR,16:39:2,414438992,-927902412,213358,34657420,39,88,98762,3616,44660,3,0
$$HAR,16:39:5,414439147,-927902207,212796,34657420,477,96,98760,3618,44614,3,0
$$HAR,16:39:8,414439161,-927902215,213451,34657420,51,89,98762,3619,44559,3,0
$$HAR,16:39:11,414439096,-927902249,213595,34657420,128,88,98762,3621,44515,3,0
$$HAR,16:39:14,414439060,-927902233,213691,34657420,32,90,98762,3622,44479,3,0
$$HAR,16:39:17,414439056,-927902269,213778,34657420,28,89,98760,3624,44451,3,0
$$HAR,16:39:20,414439074,-927902327,213281,34657420,43,89,98760,3625,44425,3,0
$$HAR,16:39:23,414439059,-927902361,212639,34657420,91,88,98764,3627,44392,3,1
$$HAR,16:39:26,414439057,-927902373,212233,34657420,63,91,98764,3628,44348,3,0
$$HAR,16:39:29,414439020,-927902414,212324,34657420,12,91,98762,3630,44316,3,0
$$HAR,16:39:32,414439013,-927902457,211600,34657420,48,91,98762,3631,44286,3,0
$$HAR,16:39:35,414438983,-927902476,211648,34657420,6,91,98762,3633,44250,3,0
$$HAR,16:39:38,414438962,-927902495,211455,34657420,52,91,98764,3635,44228,3,0
$$HAR,16:39:41,414438938,-927902468,211530,34657420,235,91,98762,3636,44188,3,1
$$HAR,16:39:44,414438939,-927902449,211794,34657420,98,97,98762,3638,44141,3,0
$$HAR,16:39:47,414438961,-927902454,211834,34657420,22,97,98762,3639,44099,3,0
$$HAR,16:39:50,414438994,-927902449,211901,34657420,83,97,98762,3641,44055,3,0
$$HAR,16:39:53,414439053,-927902503,211341,34657420,125,91,98760,3642,44024,3,0
$$HAR,16:39:56,414439051,-927902476,212100,34657420,191,92,98762,3644,43929,3,0
$$HAR,16:39:59,414439031,-927902424,213075,34657420,62,98,98762,3645,43761,3,0
$$HAR,16:40:2,414439005,-927902461,213494,29455688,49,104,98760,3648,43556,3,0
$$HAR,16:40:5,414438998,-927902398,213167,1110762,87,92,98760,3649,43469,3,1
$$HAR,16:40:8,414439007,-927902156,212791,6798798,100,92,98760,3651,43496,3,0
$$HAR,16:40:11,414439017,-927902222,212065,6798798,36,90,98760,3653,43516,3,0
$$HAR,16:40:14,414439043,-927902279,211035,6798798,42,90,98760,3655,43516,3,0
$$HAR,16:40:17,414439045,-927902302,210923,6798798,61,97,98758,3657,43507,3,0
$$HAR,16:40:20,414439046,-927902318,210987,6798798,56,97,98756,3659,43485,3,0
$$HAR,16:40:23,414439050,-927902329,210815,6798798,34,90,98758,3661,43447,3,0
$$HAR,16:40:26,414439055,-927902349,210883,6798798,12,90,98758,3663,43376,3,0
$$HAR,16:40:29,414439051,-927902366,210934,6798798,19,90,98758,3665,43329,3,0
$$HAR,16:40:32,414439047,-927902369,210980,6798798,31,87,98758,3667,43276,3,0
$$HAR,16:40:35,414439052,-927902373,210730,6798798,33,87,98758,3669,43232,3,0
$$HAR,16:40:38,414439051,-927902384,210369,6798798,40,87,98758,3671,43187,3,0
$$HAR,16:40:41,414439036,-927902422,210493,6798798,166,105,98756,3673,43153,3,0
$$HAR,16:40:44,414439043,-927902343,212428,6798798,33,94,98756,3675,43121,3,1
$$HAR,16:40:47,414439013,-927902321,213463,6798798,39,92,98758,3677,43093,3,0
$$HAR,16:40:50,414438969,-927902332,213473,6798798,41,93,98758,3679,43054,3,0
$$HAR,16:40:53,414438945,-927902315,213642,6798798,64,92,98758,3681,43018,3,0
$$HAR,16:40:56,414438941,-927902319,213417,6798798,18,92,98760,3684,42990,3,0
$$HAR,16:40:59,414438956,-927902336,213452,6798798,23,86,98760,3686,42965,3,0
$$HAR,16:41:2,414438964,-927902335,213400,6798798,110,86,98760,3688,42931,3,0
$$HAR,16:41:5,414438966,-927902329,213275,6798798,35,86,98760,3690,42905,3,0
$$HAR,16:41:8,414438970,-927902334,213257,6798798,30,86,98760,3692,42877,3,0
$$HAR,16:41:11,414438973,-927902333,213325,6798798,93,86,98762,3694,42856,3,0
$$HAR,16:41:14,414438987,-927902332,213287,6798798,65,86,98762,3696,42831,3,0
$$HAR,16:41:17,414438984,-927902338,213285,6798798,16,86,98762,3698,42784,3,0
$$HAR,16:41:20,414438967,-927902337,213337,6798798,67,86,98760,3700,42756,3,0
$$HAR,16:41:23,414438960,-927902330,213350,6798798,124,86,98760,3703,42713,3,0
$$HAR,16:41:26,414438943,-927902327,213333,6798798,66,86,98760,3705,42685,3,0
$$HAR,16:41:29,414438899,-927902327,213826,6798798,74,92,98760,3707,42635,3,0
$$HAR,16:41:32,414438893,-927902325,213986,6798798,14,92,98758,3709,42571,3,0
$$HAR,16:41:35,414438886,-927902312,214058,6798798,85,86,98760,3711,42506,3,0
$$HAR,16:41:38,414438870,-927902293,214327,6798798,145,86,98760,3713,42449,3,0
$$HAR,16:41:41,414438881,-927902241,214446,5329976,1060,86,98762,3715,42425,3,0
$$HAR,16:41:44,414438907,-927902256,213729,5329976,94,86,98760,3717,42403,3,0
$$HAR,16:41:47,414438888,-927902304,214085,5329976,521,87,98760,3719,42333,3,0
$$HAR,16:41:50,414438895,-927902360,214306,5329976,24,86,98760,3721,42252,3,0
$$HAR,16:41:53,414438874,-927902420,214683,5329976,95,86,98760,3723,42084,3,0
$$HAR,16:41:56,414438852,-927902439,214856,5329976,108,86,98758,3724,42047,3,0
$$HAR,16:41:59,414438838,-927902422,215213,5329976,153,86,98758,3726,42077,3,0
$$HAR,16:42:2,414438811,-927902408,215249,5329976,53,86,98762,3727,42036,3,0
$$HAR,16:42:5,414438782,-927902378,215608,5329976,17,86,98762,3729,41942,3,0
$$HAR,16:42:8,414438760,-927902372,215958,5329976,41,86,98762,3731,41851,3,0
$$HAR,16:42:11,414438740,-927902354,216271,5329976,23,86,98760,3733,41794,3,0
$$HAR,16:42:14,414438719,-927902341,216825,5329976,42,86,98760,3734,41766,3,0
$$HAR,16:42:17,414438714,-927902329,216943,5329976,77,86,98760,3736,41742,3,0
$$HAR,16:42:20,414438698,-927902331,217196,5329976,21,86,98760,3738,41744,3,0
$$HAR,16:42:23,414438693,-927902331,217080,5329976,84,86,98760,3739,41744,3,0
$$HAR,16:42:26,414438668,-927902331,216925,5329976,77,86,98758,3741,41743,3,0
$$HAR,16:42:29,414438645,-927902323,217013,5329976,45,86,98758,3743,41733,3,0
$$HAR,16:42:32,414438638,-927902327,216935,5329976,40,86,98762,3744,41727,3,0
$$HAR,16:42:35,414438629,-927902316,217170,5329976,80,90,98762,3746,41706,3,0
$$HAR,16:42:38,414438624,-927902317,217050,5329976,73,90,98762,3748,41696,3,0
$$HAR,16:42:41,414438619,-927902331,216942,5329976,70,90,98760,3749,41692,3,0
$$HAR,16:42:44,414438606,-927902317,216860,5329976,25,86,98760,3751,41695,3,0
$$HAR,16:42:47,414438619,-927902330,216695,5329976,9,90,98760,3752,41685,3,0
$$HAR,16:42:50,414438621,-927902331,216873,5329976,19,90,98760,3754,41675,3,0
$$HAR,16:42:53,414438601,-927902337,217157,5329976,182,90,98758,3755,41659,3,0
$$HAR,16:42:56,414438593,-927902357,217069,5329976,48,85,98758,3757,41651,3,0
$$HAR,16:42:59,414438606,-927902343,216903,5329976,158,85,98758,3759,41643,3,0
$$HAR,16:43:2,414438592,-927902338,216551,5329976,148,85,98762,3760,41641,3,0
$$HAR,16:43:5,414438596,-927902322,216314,5329976,110,85,98762,3762,41621,3,0
$$HAR,16:43:8,414438588,-927902311,216440,5329976,46,85,98760,3764,41612,3,0
$$HAR,16:43:11,414438682,-927902381,216971,5329976,1215,117,98760,3765,41596,3,0
$$HAR,16:43:14,414438422,-927902309,221887,5329976,120,89,98760,3767,41583,3,1
$$HAR,16:43:17,414438462,-927902343,221213,5329976,98,87,98760,3768,41566,3,0
$$HAR,16:43:20,414438491,-927902309,220564,5329976,19,87,98758,3770,41563,3,0
$$HAR,16:43:23,414438509,-927902296,220201,5329976,47,87,98760,3772,41548,3,0
$$HAR,16:43:26,414438517,-927902288,220263,5329976,100,87,98760,3773,41536,3,0
$$HAR,16:43:29,414438551,-927902334,219928,5329976,115,88,98760,3775,41523,3,0
$$HAR,16:43:32,414438555,-927902334,219204,5329976,259,87,98760,3776,41514,3,0
$$HAR,16:43:35,414438636,-927902320,220356,35793884,771,87,98762,3778,41494,3,0
$$HAR,16:43:38,414439115,-927902565,221285,33979140,3381,87,98766,3779,41459,3,1
$$HAR,16:43:41,414440234,-927902948,220821,34815472,5335,87,98766,3781,41433,3,0
$$HAR,16:43:44,414441973,-927903357,220999,35009872,7419,87,98764,3782,41457,3,0
$$HAR,16:43:47,414444163,-927903829,221085,35092252,9276,87,98762,3784,41466,3,0
$$HAR,16:43:50,414446828,-927904356,221279,35235412,10482,87,98758,3785,41460,3,0
$$HAR,16:43:53,414449793,-927904803,221164,35580336,11504,87,98752,3786,41454,3,0
$$HAR,16:43:56,414452996,-927905009,220230,35847348,12135,87,98748,3788,41465,3,0
$$HAR,16:43:59,414456287,-927905128,218648,35966788,12087,87,98746,3789,41461,3,0
$$HAR,16:44:2,414459580,-927905187,218066,35977508,12009,87,98748,3790,41455,3,0
$$HAR,16:44:5,414462804,-927905228,218247,35993796,11703,87,98750,3791,41401,3,0
$$HAR,16:44:8,414466000,-927905243,219519,35957820,11720,87,98750,3792,41369,3,0
$$HAR,16:44:11,414469223,-927905283,220402,35959368,12201,83,98748,3793,41335,3,0
$$HAR,16:44:14,414472640,-927905280,220526,114106,12991,83,98744,3794,41320,3,0
$$HAR,16:44:17,414476233,-927905249,220428,22073,13436,85,98744,3795,41310,3,0
$$HAR,16:44:20,414479891,-927905273,221466,35936576,13466,85,98738,3796,41325,3,0
$$HAR,16:44:23,414483515,-927905322,222600,110988,13373,85,98734,3797,41306,3,0
$$HAR,16:44:26,414487204,-927905255,223362,28636,13865,87,98722,3799,41296,3,0
$$HAR,16:44:29,414490984,-927905273,223858,35929124,13921,87,98716,3800,41284,3,0
$$HAR,16:44:32,414494732,-927905282,224892,17488,13816,87,98705,3801,41253,3,0
$$HAR,16:44:35,414498402,-927905277,225702,4612,13394,87,98697,3802,41236,3,0
$$HAR,16:44:38,414501849,-927905223,225522,137763,11642,87,98689,3803,41214,3,0
$$HAR,16:44:41,414504542,-927905142,225299,35913348,8836,90,98685,3804,41208,3,0
$$HAR,16:44:44,414506589,-927905173,224596,35921680,6064,90,98683,3805,41200,3,0
$$HAR,16:44:47,414507666,-927905169,224105,35991628,1985,88,98685,3806,41159,3,1
$$HAR,16:44:50,414508043,-927905167,224021,35928608,1493,84,98685,3807,41118,3,0
$$HAR,16:44:53,414508629,-927905143,223853,295764,3437,84,98687,3808,41081,3,0
$$HAR,16:44:56,414509471,-927905061,223642,291757,2106,84,98687,3809,41033,3,0
$$HAR,16:44:59,414510109,-927905076,223552,35403868,3343,84,98689,3810,41029,3,0
$$HAR,16:45:2,414510929,-927905814,223592,30673972,4778,86,98691,3812,41044,3,0
$$HAR,16:45:5,414511301,-927908407,223961,27347392,10095,85,98687,3813,40978,3,0
$$HAR,16:45:8,414511446,-927912708,223293,27045266,14080,85,98685,3814,40940,3,0
$$HAR,16:45:11,414511507,-927918342,223393,27007666,17068,88,98681,3815,40958,3,0
$$HAR,16:45:14,414511537,-927924813,222695,26994686,18942,88,98679,3816,40979,3,0
$$HAR,16:45:17,414511523,-927931691,221506,27026144,19330,112,98675,3817,40975,3,0
$$HAR,16:45:20,414512022,-927938921,218856,26953800,20271,120,98673,3818,40972,3,0
$$HAR,16:45:23,414511908,-927946211,218824,27009440,20567,101,98669,3819,40959,3,0
$$HAR,16:45:26,414511862,-927953656,218069,27011844,20759,101,98669,3820,40941,3,0
$$HAR,16:45:29,414511777,-927961253,216628,26996138,21402,94,98671,3821,40910,3,0
$$HAR,16:45:32,414511718,-927969083,215319,26970634,21869,94,98685,3822,40886,3,0
$$HAR,16:45:35,414511675,-927976924,215495,26972698,21551,90,98703,3823,40870,3,0
$$HAR,16:45:38,414511645,-927984247,215776,26964334,18941,87,98718,3824,40851,3,0
$$HAR,16:45:41,414511643,-927990330,215678,26948844,15067,91,98734,3825,40842,3,0
$$HAR,16:45:44,414511636,-927994852,215567,27022228,9521,92,98746,3826,40847,3,0
$$HAR,16:45:47,414511662,-927997210,215067,27220512,3939,91,98762,3826,40842,3,0
$$HAR,16:45:50,414511516,-927998479,215030,25239928,4650,91,98778,3827,40839,3,0
$$HAR,16:45:53,414510181,-927999514,215268,19434924,7789,90,98793,3829,40792,3,0
$$HAR,16:45:56,414507484,-927999617,216030,18002572,11702,85,98797,3830,40674,3,0
$$HAR,16:45:59,414503799,-927999657,216745,18026854,15603,85,98797,3831,40619,3,0
$$HAR,16:46:2,414499115,-927999679,216805,18023466,18804,85,98791,3832,40664,3,0
$$HAR,16:46:5,414493871,-927999842,215649,18395990,19530,86,98787,3833,40658,3,0
$$HAR,16:46:8,414488675,-928001099,213468,19894616,19520,85,98781,3833,40670,3,0
$$HAR,16:46:11,414483863,-928004271,209680,21393442,20324,83,98787,3834,40704,3,0
$$HAR,16:46:14,414479746,-928009311,204989,23204152,21158,83,98797,3835,40737,3,0
$$HAR,16:46:17,414476758,-928015953,199203,24700556,22052,84,98819,3835,40749,3,0
$$HAR,16:46:20,414474660,-928023532,195642,25134060,22752,84,98848,3836,40744,3,0
$$HAR,16:46:23,414472647,-928031395,193994,25162744,23418,84,98876,3837,40727,3,0
$$HAR,16:46:26,414470621,-928039401,193528,25166114,23589,84,98901,3837,40696,3,0
$$HAR,16:46:29,414468560,-928047570,193184,25153128,24452,84,98923,3838,40651,3,0
$$HAR,16:46:32,414466411,-928055934,193044,25134514,24796,84,98936,3839,40622,3,0
$$HAR,16:46:35,414464254,-928064475,192463,25149488,25479,84,98946,3840,40625,3,0
$$HAR,16:46:38,414462050,-928073152,192147,25137468,25480,84,98956,3841,40628,3,0
$$HAR,16:46:41,414459826,-928081915,191458,25137774,26133,84,98958,3841,40616,3,0
$$HAR,16:46:44,414457490,-928091030,191648,25081416,27555,84,98962,3842,40612,3,0
$$HAR,16:46:47,414455002,-928100363,191271,24963132,27499,84,98964,3843,40596,3,0
$$HAR,16:46:50,414452442,-928109311,191519,24845922,25047,85,98962,3844,40585,3,0
$$HAR,16:46:53,414449857,-928117294,192090,24332704,23618,84,98968,3845,40578,3,0
$$HAR,16:46:56,414446507,-928124438,192338,23188312,23610,84,98970,3845,40578,3,0
$$HAR,16:46:59,414442048,-928130519,192592,21971232,23806,89,98974,3846,40530,3,0
$$HAR,16:47:2,414436655,-928135338,192424,20962114,24411,86,98978,3847,40471,3,0
$$HAR,16:47:5,414430759,-928139702,192384,20919218,25384,82,98978,3848,40440,3,0
$$HAR,16:47:8,414424669,-928144185,192448,20893858,25698,84,98981,3849,40425,3,0
$$HAR,16:47:11,414418579,-928148676,192309,20935554,25569,83,98981,3850,40422,3,0
$$HAR,16:47:14,414412492,-928153175,192515,20889716,25759,84,98983,3851,40434,3,0
$$HAR,16:47:17,414406403,-928157643,193071,20906352,25298,84,98980,3852,40430,3,0
$$HAR,16:47:20,414400541,-928161976,194157,20885066,24807,90,98978,3853,40412,3,0
$$HAR,16:47:23,414394711,-928166293,195742,20928696,24229,88,98974,3853,40401,3,0
$$HAR,16:47:26,414389124,-928170440,198541,20899198,23359,88,98968,3855,40381,3,0
$$HAR,16:47:29,414383602,-928174419,202157,20886792,23003,88,98958,3855,40363,3,0
$$HAR,16:47:32,414378196,-928178412,206521,21014506,22685,88,98934,3856,40336,3,0
$$HAR,16:47:35,414372980,-928182737,209445,21421990,22859,88,98911,3857,40296,3,0
$$HAR,16:47:38,414367999,-928187651,211110,21871026,23129,88,98882,3858,40286,3,0
$$HAR,16:47:41,414363346,-928193034,212159,22350142,22980,88,98854,3859,40275,3,0
$$HAR,16:47:44,414358837,-928198782,212297,22405112,23184,92,98834,3859,40275,3,0
$$HAR,16:47:47,414354360,-928204628,212748,22478994,23221,92,98815,3860,40268,3,0
$$HAR,16:47:50,414349861,-928210477,213236,22453150,23182,87,98801,3861,40249,3,0
$$HAR,16:47:53,414345363,-928216321,214358,22506716,23173,87,98785,3862,40225,3,0
$$HAR,16:47:56,414340922,-928222162,216982,22456680,22970,87,98770,3862,40206,3,0
$$HAR,16:47:59,414336673,-928227687,218950,22437084,20464,87,98756,3863,40179,3,0
$$HAR,16:48:2,414332601,-928232291,220723,21397138,19346,87,98738,3864,40163,3,0
$$HAR,16:48:5,414327880,-928235426,221039,19869054,19910,87,98718,3865,40153,3,0
$$HAR,16:48:8,414322794,-928237209,220361,19435662,19877,111,98710,3865,40105,3,0
$$HAR,16:48:11,414317305,-928237403,218987,18018726,20861,86,98705,3867,40068,3,0
$$HAR,16:48:14,414311639,-928237382,218884,18354842,20093,90,98703,3867,40056,3,0
$$HAR,16:48:17,414306513,-928238553,220184,19799328,18416,89,98701,3868,40050,3,0
$$HAR,16:48:20,414301949,-928241228,220779,21214144,18539,88,98697,3869,40071,3,0
$$HAR,16:48:23,414298082,-928245516,222693,22697888,18993,88,98691,3869,40077,3,0
$$HAR,16:48:26,414295078,-928251058,224348,24235724,19559,88,98681,3870,40073,3,0
$$HAR,16:48:29,414293361,-928257803,225562,25958830,20245,89,98665,3871,40055,3,0
$$HAR,16:48:32,414292966,-928264992,225061,26927330,20530,88,98656,3871,40061,3,0
$$HAR,16:48:35,414293020,-928272636,223279,26978600,21891,88,98648,3872,40051,3,0
$$HAR,16:48:38,414293034,-928280581,220057,26983166,22176,88,98644,3872,40039,3,0
$$HAR,16:48:41,414293072,-928288588,217246,27006112,22311,92,98652,3873,40000,3,0
$$HAR,16:48:44,414293093,-928296567,215155,27007070,22041,92,98669,3874,39984,3,0
$$HAR,16:48:47,414293087,-928304269,214276,26982100,20664,99,98683,3874,39967,3,0
$$HAR,16:48:50,414292769,-928311351,214252,25992756,19197,99,98697,3875,39945,3,0
$$HAR,16:48:53,414291233,-928317714,215146,24574102,18533,88,98712,3875,39939,3,0
$$HAR,16:48:56,414288598,-928323386,215566,23118156,18706,88,98720,3876,39912,3,0
$$HAR,16:48:59,414284919,-928328041,217128,21611470,18802,88,98724,3877,39869,3,0
$$HAR,16:49:2,414280517,-928331176,218604,20151828,18378,88,98724,3878,39836,3,0
$$HAR,16:49:5,414275614,-928332780,220037,18739950,18982,88,98722,3879,39817,3,0
$$HAR,16:49:8,414270392,-928333097,220949,17931298,19966,88,98720,3880,39791,3,0
$$HAR,16:49:11,414264764,-928333100,222255,17983550,21600,88,98708,3880,39768,3,0
$$HAR,16:49:14,414258895,-928333090,223544,17983662,21841,88,98693,3881,39737,3,0
$$HAR,16:49:17,414253038,-928333090,225354,18001564,21736,88,98681,3882,39737,3,0
$$HAR,16:49:20,414247183,-928333076,227274,17958952,21805,88,98663,3883,39747,3,0
$$HAR,16:49:23,414241393,-928333028,228926,18019786,20510,90,98650,3884,39728,3,0
$$HAR,16:49:26,414236075,-928333625,229158,19154498,19140,88,98632,3885,39709,3,0
$$HAR,16:49:29,414231168,-928335858,228845,20629212,19482,88,98616,3886,39727,3,0
$$HAR,16:49:32,414226804,-928339835,227830,22260222,19646,88,98607,3886,39715,3,0
$$HAR,16:49:35,414223338,-928345221,225912,23711068,20006,88,98601,3887,39717,3,0
$$HAR,16:49:38,414221116,-928351812,223582,25445160,20432,88,98605,3887,39724,3,0
$$HAR,16:49:41,414220314,-928359233,222505,26799890,21497,88,98614,3888,39738,3,0
$$HAR,16:49:44,414220343,-928367115,223394,26981870,22444,88,98622,3888,39732,3,0
$$HAR,16:49:47,414220373,-928375160,224248,26952658,22365,93,98626,3889,39696,3,0
$$HAR,16:49:50,414220380,-928383186,225299,26997348,22336,92,98626,3889,39678,3,0
$$HAR,16:49:53,414220376,-928391086,226638,26972792,21756,91,98628,3890,39642,3,0
$$HAR,16:49:56,414220358,-928398835,227235,26929026,21227,99,98626,3890,39611,3,0
$$HAR,16:49:59,414220293,-928406228,227833,26786470,20119,92,98624,3891,39599,3,0
$$HAR,16:50:2,414219437,-928413334,228918,25304204,20450,91,98620,3891,39582,3,0
$$HAR,16:50:5,414217169,-928419947,230843,23740156,19992,91,98616,3892,39556,3,1
$$HAR,16:50:8,414213629,-928425405,232207,22189508,20266,93,98607,3893,39514,3,0
$$HAR,16:50:11,414209063,-928429533,233506,20605854,20762,88,98597,3893,39489,3,0
$$HAR,16:50:14,414203679,-928431785,235656,18945790,21335,88,98589,3894,39450,3,0
$$HAR,16:50:17,414197824,-928432300,237293,17980714,22116,88,98577,3895,39417,3,0
$$HAR,16:50:20,414191734,-928432268,237878,17951132,23141,88,98565,3896,39388,3,0
$$HAR,16:50:23,414185281,-928432230,238752,17982886,24205,88,98555,3897,39359,3,0
$$HAR,16:50:26,414178681,-928432177,238308,17941708,24946,88,98540,3898,39337,3,0
$$HAR,16:50:29,414171975,-928432113,237756,17950178,24674,88,98528,3899,39349,3,1
$$HAR,16:50:32,414165247,-928432081,237309,17980216,25170,88,98520,3900,39354,3,0
$$HAR,16:50:35,414158490,-928432058,236871,17987580,25004,88,98516,3900,39360,3,0
$$HAR,16:50:38,414151744,-928432128,236162,18182570,25684,103,98510,3901,39342,3,0
$$HAR,16:50:41,414144994,-928432088,236486,18007920,25178,88,98508,3902,39329,3,0
$$HAR,16:50:44,414138108,-928432047,235686,17968234,25473,84,98510,3903,39308,3,0
$$HAR,16:50:47,414131243,-928431958,235242,17961272,25284,84,98507,3903,39290,3,0
$$HAR,16:50:50,414124357,-928431889,234391,17961966,25630,84,98507,3904,39290,3,0
$$HAR,16:50:53,414117460,-928431842,234045,17986204,25374,83,98510,3905,39262,3,0
$$HAR,16:50:56,414110554,-928431796,233672,17973678,25618,83,98510,3905,39262,3,0
$$HAR,16:50:59,414103796,-928431767,233323,17995556,24240,84,98510,3906,39250,3,0
$$HAR,16:51:2,414097453,-928432096,233041,18849576,23045,83,98514,3907,39246,3,0
$$HAR,16:51:5,414091701,-928434461,233059,20639058,22058,83,98520,3908,39246,3,0
$$HAR,16:51:8,414086867,-928438947,233253,22388286,21887,85,98522,3908,39252,3,0
$$HAR,16:51:11,414083310,-928445034,233629,24048414,21795,85,98530,3909,39270,3,0
$$HAR,16:51:14,414081266,-928452331,233803,25873514,21885,85,98532,3909,39305,3,0
$$HAR,16:51:17,414080856,-928460227,233412,26931026,22457,87,98536,3910,39312,3,0
$$HAR,16:51:20,414080954,-928468440,232428,27045536,23043,85,98540,3910,39305,3,0
$$HAR,16:51:23,414081027,-928476756,231425,27025848,23397,89,98546,3911,39282,3,0
$$HAR,16:51:26,414081086,-928485150,232033,27037060,23335,91,98550,3911,39251,3,0
$$HAR,16:51:29,414081140,-928493598,232517,27021836,23859,96,98555,3912,39201,3,0
$$HAR,16:51:32,414081175,-928502213,233423,27020862,23973,89,98557,3912,39170,3,1
$$HAR,16:51:35,414081202,-928510919,232210,27007636,24411,89,98559,3913,39148,3,0
$$HAR,16:51:38,414081221,-928519801,230369,27022228,24791,88,98565,3913,39148,3,0
$$HAR,16:51:41,414081164,-928528701,228932,26908960,24754,85,98571,3914,39139,3,0
$$HAR,16:51:44,414081014,-928537538,229184,26826822,24409,84,98585,3914,39133,3,0
$$HAR,16:51:47,414080776,-928546109,231154,26792116,23780,83,98595,3915,39108,3,0
$$HAR,16:51:50,414080519,-928554672,232540,26796624,23891,83,98591,3915,39085,3,0
$$HAR,16:51:53,414080292,-928563359,232086,26797240,24687,83,98585,3916,39053,3,0
$$HAR,16:51:56,414080041,-928572272,231258,26788270,24707,83,98581,3917,39029,3,0
$$HAR,16:51:59,414079779,-928581071,228497,26747152,24452,83,98581,3917,39023,3,0
$$HAR,16:52:2,414079537,-928589951,225782,26822528,24986,86,98589,3918,39032,3,0
$$HAR,16:52:5,414079313,-928598899,224926,26762528,24694,83,98603,3919,39020,3,0
$$HAR,16:52:8,414079070,-928607605,226689,26776618,23977,83,98614,3919,39001,3,0
$$HAR,16:52:11,414078822,-928616123,230370,26780924,23449,83,98618,3920,38995,3,0
$$HAR,16:52:14,414078597,-928624377,232093,26804514,22827,86,98610,3920,38964,3,0
$$HAR,16:52:17,414078352,-928632618,233530,26778468,23369,86,98603,3921,38932,3,0
$$HAR,16:52:20,414078121,-928641124,233423,26785068,24211,83,98591,3922,38919,3,0
$$HAR,16:52:23,414077858,-928649925,233423,26799912,24652,83,98583,3923,38911,3,0
$$HAR,16:52:26,414077630,-928658734,233408,26786526,24286,86,98579,3923,38892,3,0
$$HAR,16:52:29,414077386,-928667365,233709,26804108,23986,86,98571,3924,38886,3,0
$$HAR,16:52:32,414077181,-928675952,233999,26798442,23686,86,98567,3925,38885,3,0
$$HAR,16:52:35,414076952,-928684170,234030,26791228,22075,86,98563,3925,38868,3,0
$$HAR,16:52:38,414076772,-928691732,234113,26818572,19821,83,98561,3926,38855,3,0
$$HAR,16:52:41,414076609,-928698354,234557,26786738,16766,86,98561,3926,38843,3,0
$$HAR,16:52:44,414076482,-928703461,234580,26816378,11471,91,98563,3927,38845,3,0
$$HAR,16:52:47,414076435,-928706472,234619,26853110,5288,93,98569,3927,38845,3,0
$$HAR,16:52:50,414076423,-928707335,234795,26992560,1071,91,98575,3928,38858,3,0
$$HAR,16:52:53,414076394,-928707884,235262,26540750,2988,89,98583,3928,38852,3,0
$$HAR,16:52:56,414075606,-928709247,235728,21250654,6675,83,98585,3929,38794,3,0
$$HAR,16:52:59,414073249,-928709475,235134,17879054,11149,83,98593,3930,38712,3,0
$$HAR,16:53:2,414069639,-928709461,234333,17988778,15583,86,98593,3931,38652,3,0
$$HAR,16:53:5,414065001,-928709452,233502,18037634,17699,118,98595,3932,38642,3,0
$$HAR,16:53:8,414059620,-928709429,232183,18015752,21261,88,98591,3932,38625,3,0
$$HAR,16:53:11,414053597,-928709397,231387,17972678,22743,86,98585,3933,38627,3,0
$$HAR,16:53:14,414047384,-928709373,230979,18002726,23215,86,98585,3934,38633,3,0
$$HAR,16:53:17,414041001,-928709362,230593,17996556,23789,86,98581,3934,38633,3,0
$$HAR,16:53:20,414034454,-928709340,230274,17984178,24653,86,98579,3935,38621,3,0
$$HAR,16:53:23,414027634,-928709339,230376,17975088,25801,86,98579,3936,38608,3,0
$$HAR,16:53:26,414020571,-928709335,230033,17994170,26110,83,98579,3937,38581,3,0
$$HAR,16:53:29,414013516,-928709329,229613,18002616,26064,83,98577,3937,38552,3,0
$$HAR,16:53:32,414006548,-928709329,229692,18003994,25540,83,98579,3938,38542,3,0
$$HAR,16:53:35,413999821,-928709314,230075,17989584,24181,88,98581,3938,38518,3,0
$$HAR,16:53:38,413993260,-928709291,229572,17987090,23994,83,98583,3939,38512,3,0
$$HAR,16:53:41,413986685,-928709310,227264,17998990,24538,84,98587,3939,38481,3,0
$$HAR,16:53:44,413980006,-928709302,224502,17960918,24809,86,98601,3940,38452,3,0
$$HAR,16:53:47,413973319,-928709263,223508,17976620,24670,83,98614,3940,38433,3,0
$$HAR,16:53:50,413966656,-928709251,224666,18022164,24667,83,98628,3941,38416,3,0
$$HAR,16:53:53,413959978,-928709270,227498,18015782,24525,83,98632,3941,38396,3,0
$$HAR,16:53:56,413953440,-928709253,229531,17975298,24010,83,98632,3942,38362,3,0
$$HAR,16:53:59,413947042,-928709232,230026,18005474,23497,83,98622,3943,38346,3,0
$$HAR,16:54:2,413940733,-928709230,229114,17992290,23275,83,98614,3943,38322,3,0
$$HAR,16:54:5,413934482,-928709236,227535,17998140,22945,83,98610,3944,38304,3,0
$$HAR,16:54:8,413928293,-928709231,224969,18016306,22753,83,98614,3944,38291,3,0
$$HAR,16:54:11,413922326,-928709234,223399,17964442,21160,83,98622,3945,38261,3,0
$$HAR,16:54:14,413916909,-928709162,223027,17952864,19342,83,98630,3945,38231,3,0
$$HAR,16:54:17,413911796,-928709110,222704,17974686,18377,82,98642,3946,38212,3,0
$$HAR,16:54:20,413907249,-928709093,222681,18011772,13713,82,98648,3946,38177,3,0
$$HAR,16:54:23,413904487,-928709701,222783,21009792,8960,82,98654,3947,38156,3,0
$$HAR,16:54:26,413903115,-928712481,223404,25638990,11265,82,98661,3947,38215,3,0
$$HAR,16:54:29,413902498,-928717244,224436,26247470,15725,82,98665,3948,38232,3,0
$$HAR,16:54:32,413901914,-928723331,226226,26274826,18337,82,98669,3948,38167,3,0
$$HAR,16:54:35,413901245,-928730249,228368,26269902,20442,84,98661,3949,38073,3,0
$$HAR,16:54:38,413900481,-928737765,229615,26234524,21781,83,98650,3949,38008,3,0
$$HAR,16:54:41,413899740,-928745781,230964,26440010,23171,83,98640,3950,37968,3,0
$$HAR,16:54:44,413899415,-928754410,231820,27042710,24959,87,98628,3950,37957,3,0
$$HAR,16:54:47,413899657,-928763637,233052,27221460,26266,83,98616,3951,37945,3,0
$$HAR,16:54:50,413900047,-928773405,234682,27308388,27708,83,98603,3951,37920,3,0
$$HAR,16:54:53,413900558,-928783464,235256,27411418,28475,86,98589,3951,37909,3,0
$$HAR,16:54:56,413901155,-928793932,235039,27409700,30097,87,98575,3952,37893,3,0
$$HAR,16:54:59,413901771,-928804888,234810,27424718,31137,87,98567,3952,37876,3,0
$$HAR,16:55:2,413902445,-928816072,235085,27447048,31456,87,98555,3952,37863,3,0
$$HAR,16:55:5,413903132,-928827366,235260,27438550,31695,87,98544,3953,37843,3,0
$$HAR,16:55:8,413903780,-928838649,235783,27438564,31575,84,98534,3953,37826,3,0
$$HAR,16:55:11,413904441,-928849949,235824,27448078,31663,87,98522,3954,37818,3,0
$$HAR,16:55:14,413905078,-928861158,236072,27438272,31313,85,98516,3954,37800,3,0
$$HAR,16:55:17,413905711,-928872334,236684,27388378,31232,88,98510,3954,37794,3,0
$$HAR,16:55:20,413906202,-928883515,237121,27275266,31347,85,98501,3955,37776,3,0
$$HAR,16:55:23,413906462,-928894776,238006,27091238,31328,83,98493,3955,37759,3,0
$$HAR,16:55:26,413906478,-928906066,237887,26930168,31775,83,98487,3955,37747,3,0
$$HAR,16:55:29,413906275,-928917568,237186,26838926,31789,83,98481,3956,37737,3,0
$$HAR,16:55:32,413905851,-928928987,236030,26612344,31691,83,98479,3956,37731,3,0
$$HAR,16:55:35,413905336,-928940237,234371,26854444,31790,105,98483,3957,37739,3,0
$$HAR,16:55:38,413904748,-928951434,232963,26516794,31259,122,98487,3957,37733,3,0
$$HAR,16:55:41,413904005,-928962650,232057,26502792,31574,95,98493,3958,37723,3,0
$$HAR,16:55:44,413903229,-928973873,230821,26482250,31356,95,98501,3958,37711,3,0
$$HAR,16:55:47,413902487,-928985019,229516,26532074,31298,89,98508,3959,37706,3,0
$$HAR,16:55:50,413901775,-928996217,228249,26500424,31326,86,98514,3959,37711,3,0
$$HAR,16:55:53,413901050,-929007257,227035,26537592,30587,86,98522,3959,37694,3,0
$$HAR,16:55:56,413900353,-929018097,226166,26535250,30057,86,98532,3960,37699,3,0
$$HAR,16:55:59,413899667,-929028750,225370,26493910,29520,89,98546,3961,37692,3,0
$$HAR,16:56:2,413898964,-929039237,224341,26520860,29439,95,98554,3961,37675,3,0
$$HAR,16:56:5,413898273,-929049853,223268,26501086,29906,93,98565,3962,37669,3,0
$$HAR,16:56:8,413897563,-929060622,223055,26510786,30406,88,98577,3962,37663,3,0
$$HAR,16:56:11,413896864,-929071605,223580,26512246,30821,89,98595,3963,37647,3,0
$$HAR,16:56:14,413896137,-929082571,224223,26514854,30537,89,98605,3963,37636,3,0
$$HAR,16:56:17,413895415,-929093401,224613,26521092,30294,86,98610,3964,37629,3,0
$$HAR,16:56:20,413894715,-929104359,225394,26505068,30916,86,98616,3964,37629,3,0
$$HAR,16:56:23,413894054,-929115412,225792,26644164,30971,84,98624,3965,37616,3,0
$$HAR,16:56:26,413893692,-929126516,226221,26858014,30932,83,98624,3965,37597,3,0
$$HAR,16:56:29,413893630,-929137604,226446,27082988,30976,83,98624,3966,37586,3,0
$$HAR,16:56:32,413893905,-929148725,226717,27311580,30898,84,98622,3966,37580,3,0
$$HAR,16:56:35,413894496,-929159620,227217,27532228,30122,83,98622,3967,37564,3,0
$$HAR,16:56:38,413895402,-929170376,228119,27768594,30272,83,98620,3967,37570,3,0
$$HAR,16:56:41,413896567,-929181075,228641,27920268,30091,83,98620,3968,37564,3,0
$$HAR,16:56:44,413897859,-929191613,229151,27915612,29260,83,98616,3968,37541,3,0
$$HAR,16:56:47,413899114,-929201900,229617,27929718,28971,83,98612,3968,37528,3,0
$$HAR,16:56:50,413900378,-929212200,229385,27943238,29338,83,98614,3969,37518,3,0
$$HAR,16:56:53,413901856,-929222465,228494,28327036,29053,83,98614,3969,37493,3,0
$$HAR,16:56:56,413904090,-929232573,227624,28931352,29693,83,98614,3970,37496,3,0
$$HAR,16:56:59,413907115,-929242506,226806,29488810,29844,82,98616,3970,37489,3,0
$$HAR,16:57:2,413910832,-929251951,226076,30087432,29651,82,98624,3971,37478,3,0
$$HAR,16:57:5,413915251,-929260739,225352,30675838,29325,82,98632,3971,37478,3,0
$$HAR,16:57:8,413920279,-929268882,224329,31270502,29464,85,98640,3971,37483,3,0
$$HAR,16:57:11,413925886,-929276238,223506,31779288,28985,87,98642,3972,37487,3,0
$$HAR,16:57:14,413931888,-929283033,222698,32057740,29729,88,98646,3972,37474,3,0
$$HAR,16:57:17,413938175,-929289804,221849,32103040,30375,88,98652,3972,37462,3,0
$$HAR,16:57:20,413944585,-929296645,220281,32124080,30570,86,98659,3973,37439,3,0
$$HAR,16:57:23,413951023,-929303546,219369,32103534,30623,86,98663,3973,37426,3,0
$$HAR,16:57:26,413957484,-929310455,218399,32117658,31006,90,98671,3973,37420,3,0
$$HAR,16:57:29,413964051,-929317457,217457,32119168,31137,90,98681,3974,37419,3,0
$$HAR,16:57:32,413970545,-929324490,216750,32065894,30910,90,98689,3974,37402,3,0
$$HAR,16:57:35,413976942,-929331382,216970,32115108,30203,85,98695,3975,37383,3,0
$$HAR,16:57:38,413983256,-929338165,217881,32118560,30266,86,98705,3975,37377,3,0
$$HAR,16:57:41,413989710,-929345059,217879,32106204,30848,85,98708,3976,37362,3,1
$$HAR,16:57:44,413996227,-929351974,217796,32127620,31051,85,98708,3976,37339,3,0
$$HAR,16:57:47,414002754,-929358942,217642,32106618,30915,87,98707,3976,37332,3,0
$$HAR,16:57:50,414009160,-929365853,218353,32095988,30444,91,98707,3977,37323,3,0
$$HAR,16:57:53,414015600,-929372746,219357,32125084,30951,94,98705,3978,37313,3,0
$$HAR,16:57:56,414022141,-929379757,221193,32103076,30966,94,98697,3978,37294,3,0
$$HAR,16:57:59,414028594,-929386678,223612,32115812,30708,91,98685,3979,37271,3,0
$$HAR,16:58:2,414035029,-929393568,224679,32117484,30176,92,98675,3979,37271,3,0
$$HAR,16:58:5,414041329,-929400329,225924,32122792,29820,89,98667,3979,37241,3,0
$$HAR,16:58:8,414047638,-929407065,227035,32119036,30072,91,98656,3980,37240,3,0
$$HAR,16:58:11,414053934,-929413847,227416,31890662,29490,129,98640,3980,37216,3,0
$$HAR,16:58:14,414060195,-929420635,228424,32075878,30465,106,98626,3981,37198,3,0
$$HAR,16:58:17,414066626,-929427504,229681,32110100,30343,93,98616,3981,37187,3,0
$$HAR,16:58:20,414073029,-929434331,230290,32102960,30694,93,98599,3981,37162,3,0
$$HAR,16:58:23,414079433,-929441236,230566,32030618,30605,93,98583,3982,37151,3,0
$$HAR,16:58:26,414085811,-929448426,230443,31886340,31145,93,98569,3982,37139,3,0
$$HAR,16:58:29,414092135,-929455938,230012,31721450,31716,88,98559,3983,37124,3,0
$$HAR,16:58:32,414098316,-929463674,229530,31605510,31058,88,98552,3983,37118,3,0
$$HAR,16:58:35,414104218,-929471401,227999,31568452,30299,88,98546,3983,37118,3,0
$$HAR,16:58:38,414110039,-929478998,227311,31588126,30137,88,98544,3984,37111,3,0
$$HAR,16:58:41,414115787,-929486500,226729,31573770,29510,88,98548,3984,37105,3,0
$$HAR,16:58:44,414121466,-929493934,227364,31567082,29480,88,98550,3985,37091,3,0
$$HAR,16:58:47,414127155,-929501296,228765,31576646,29159,88,98552,3985,37085,3,0
$$HAR,16:58:50,414132786,-929508569,230747,31568996,29028,88,98552,3985,37066,3,0
$$HAR,16:58:53,414138397,-929515867,232254,31549092,28851,88,98546,3986,37061,3,0
$$HAR,16:58:56,414143923,-929523065,233165,31562394,28616,88,98536,3986,37037,3,0
$$HAR,16:58:59,414149461,-929530224,233176,31582812,28544,88,98528,3987,37033,3,0
$$HAR,16:59:2,414155036,-929537440,232567,31573156,29087,88,98522,3987,37009,3,0
$$HAR,16:59:5,414160641,-929544712,232212,31562670,28871,88,98518,3987,36997,3,0
$$HAR,16:59:8,414166207,-929551983,230336,31550616,28928,88,98516,3988,36991,3,0
$$HAR,16:59:11,414171849,-929559262,227917,31603020,29415,88,98516,3988,36986,3,1
$$HAR,16:59:14,414177473,-929566562,225062,31595306,28598,88,98522,3989,36982,3,0
$$HAR,16:59:17,414182907,-929573570,223495,31587986,27746,88,98536,3989,36982,3,0
$$HAR,16:59:20,414188072,-929580308,223358,31542532,26226,92,98552,3989,36988,3,0
$$HAR,16:59:23,414193111,-929586887,223524,31579368,26313,88,98565,3990,36978,3,0
$$HAR,16:59:26,414198243,-929593555,224533,31540076,26817,88,98573,3990,36960,3,0
$$HAR,16:59:29,414203168,-929600403,225780,31079684,25869,89,98575,3991,36937,3,0
$$HAR,16:59:32,414207505,-929607527,226629,30667986,25310,86,98577,3991,36925,3,0
$$HAR,16:59:35,414211318,-929615067,227343,30125522,25112,86,98581,3992,36927,3,0
$$HAR,16:59:38,414214603,-929622969,227639,29662124,25351,86,98579,3992,36915,3,0
$$HAR,16:59:41,414217678,-929631268,228294,29617348,26240,88,98577,3993,36892,3,0
$$HAR,16:59:44,414220828,-929639811,228709,29593402,26470,86,98569,3993,36867,3,0
$$HAR,16:59:47,414223943,-929648268,229252,29625008,26118,86,98565,3994,36860,3,0
$$HAR,16:59:50,414227095,-929656756,229890,29621026,26619,86,98559,3994,36849,3,0
$$HAR,16:59:53,414230303,-929665457,230936,29603598,27367,86,98554,3995,36830,3,0
$$HAR,16:59:56,414233609,-929674447,231667,29599262,28149,91,98546,3995,36813,3,0
$$HAR,16:59:59,414236935,-929683483,232478,29620840,27956,86,98542,3996,36797,3,0
$$HAR,17:0:2,414240220,-929692359,233119,29611670,27262,86,98536,3996,36786,3,0
$$HAR,17:0:5,414243428,-929701036,233559,29614554,26626,86,98528,3997,36793,3,0
$$HAR,17:0:8,414246614,-929709647,234010,29627910,27068,86,98522,3997,36776,3,0
$$HAR,17:0:11,414249841,-929718388,233712,29584440,26951,86,98524,3998,36760,3,0
$$HAR,17:0:14,414253054,-929727123,232928,29606772,27450,86,98520,3998,36742,3,0
$$HAR,17:0:17,414256308,-929735953,231767,29603650,27390,86,98524,3999,36736,3,0
$$HAR,17:0:20,414259539,-929744721,231561,29621664,26981,86,98528,3999,36725,3,0
$$HAR,17:0:23,414262702,-929753282,231944,29594918,26153,86,98534,3999,36730,3,0
$$HAR,17:0:26,414265787,-929761695,232792,29601824,26092,88,98538,4000,36718,3,0
$$HAR,17:0:29,414268915,-929770151,233633,29608222,26558,88,98538,4000,36699,3,0
$$HAR,17:0:32,414272140,-929778889,234412,29618932,27290,85,98536,4001,36674,3,0
$$HAR,17:0:35,414275380,-929787670,235070,29602296,27363,85,98530,4001,36650,3,0
$$HAR,17:0:38,414278643,-929796487,235737,29600258,27169,85,98524,4002,36638,3,0
$$HAR,17:0:41,414281781,-929805137,236674,29437604,26592,98,98518,4002,36627,3,0
$$HAR,17:0:44,414284943,-929813588,237040,29736040,26517,88,98512,4002,36614,3,0
$$HAR,17:0:47,414288402,-929822046,236759,29950618,26816,85,98507,4003,36605,3,0
$$HAR,17:0:50,414292052,-929830225,237061,30154058,26251,84,98503,4003,36587,3,0
$$HAR,17:0:53,414295807,-929838238,237145,30147966,26281,84,98499,4004,36575,3,1
$$HAR,17:0:56,414299509,-929846200,237291,30132650,25755,84,98497,4004,36564,3,0
$$HAR,17:0:59,414303167,-929854132,236330,30172782,26090,84,98495,4004,36551,3,0
$$HAR,17:1:2,414306874,-929862083,235806,30149586,25983,84,98493,4005,36550,3,0
$$HAR,17:1:5,414310533,-929869988,235222,30140238,25641,84,98495,4005,36539,3,0
$$HAR,17:1:8,414314096,-929877751,235050,30111034,25102,84,98495,4006,36520,3,0
$$HAR,17:1:11,414317652,-929885489,234607,30126768,25401,84,98499,4006,36514,3,0
$$HAR,17:1:14,414321296,-929893398,234456,30140614,26254,84,98503,4007,36506,3,0
$$HAR,17:1:17,414325051,-929901506,234400,30134634,26762,84,98505,4007,36481,3,0
$$HAR,17:1:20,414328816,-929909806,234575,30087710,27074,84,98505,4008,36464,3,0
$$HAR,17:1:23,414332584,-929918070,235135,30129612,26849,84,98507,4008,36451,3,0
$$HAR,17:1:26,414336321,-929926285,235419,30093830,27003,84,98505,4009,36441,3,0
$$HAR,17:1:29,414340099,-929934575,236079,30119252,26961,84,98495,4009,36430,3,0
$$HAR,17:1:32,414343862,-929942802,236762,30107488,26643,84,98491,4009,36424,3,0
$$HAR,17:1:35,414347546,-929950935,237355,30095242,26387,84,98487,4010,36403,3,0
$$HAR,17:1:38,414351184,-929958951,237576,30123790,26014,84,98483,4010,36391,3,0
$$HAR,17:1:41,414354844,-929966945,238055,30125300,26282,84,98479,4011,36373,3,0
$$HAR,17:1:44,414358460,-929974935,238478,30089036,25944,84,98469,4011,36361,3,0
$$HAR,17:1:47,414362053,-929982881,238523,30092324,25413,84,98465,4012,36340,3,0
$$HAR,17:1:50,414365572,-929990678,237928,30096108,25496,84,98465,4012,36340,3,0
$$HAR,17:1:53,414369221,-929998672,236738,30146660,26703,84,98463,4013,36329,3,0
$$HAR,17:1:56,414372966,-930006910,235461,30094576,26776,84,98465,4013,36310,3,0
$$HAR,17:1:59,414376702,-930015165,234979,30119170,26715,90,98467,4013,36293,3,0
$$HAR,17:2:2,414380443,-930023373,234109,30111356,26812,90,98479,4014,36292,3,0
$$HAR,17:2:5,414384188,-930031554,233096,30184366,26446,90,98491,4014,36279,3,0
$$HAR,17:2:8,414388124,-930039447,234192,30605244,26192,90,98499,4015,36279,3,0
$$HAR,17:2:11,414392551,-930046529,236852,31308390,25085,90,98501,4015,36261,3,0
$$HAR,17:2:14,414397167,-930052884,238947,31423786,24461,97,98497,4015,36243,3,0
$$HAR,17:2:17,414401559,-930059470,239360,30902248,25116,97,98491,4016,36240,3,0
$$HAR,17:2:20,414405511,-930066899,239525,30135172,25730,94,98485,4016,36216,3,0
$$HAR,17:2:23,414408918,-930075245,239458,29671292,26652,95,98477,4017,36182,3,0
$$HAR,17:2:26,414412154,-930083846,239126,29666228,26808,95,98463,4017,36170,3,0
$$HAR,17:2:29,414415435,-930092539,238867,29653362,27175,95,98459,4017,36157,3,0
$$HAR,17:2:32,414418732,-930101250,238608,29659354,26988,95,98455,4018,36149,3,0
$$HAR,17:2:35,414421979,-930109823,239009,29671692,26414,94,98453,4018,36136,3,0
$$HAR,17:2:38,414425214,-930118335,239423,29668586,26702,94,98455,4019,36119,3,0
$$HAR,17:2:41,414428435,-930126872,240350,29651614,26508,94,98451,4019,36107,3,0
$$HAR,17:2:44,414431665,-930135384,240839,29677666,26621,94,98451,4020,36093,3,0
$$HAR,17:2:47,414434941,-930144003,241535,29663682,26885,94,98443,4020,36082,3,0
$$HAR,17:2:50,414438164,-930152560,242188,29683328,26709,94,98437,4020,36058,3,0
$$HAR,17:2:53,414441380,-930161082,242555,29662848,26255,94,98437,4021,36052,3,0
$$HAR,17:2:56,414444562,-930169530,243047,29653808,26461,94,98433,4021,36035,3,0
$$HAR,17:2:59,414447749,-930177991,243610,29684636,26339,94,98431,4022,36035,3,0
$$HAR,17:3:2,414451150,-930186342,243768,30073164,26695,94,98428,4022,36022,3,0
$$HAR,17:3:5,414455109,-930194471,244267,30536560,27224,94,98428,4023,36000,3,0
$$HAR,17:3:8,414459678,-930202140,244470,31129516,27328,94,98422,4023,35983,3,0
$$HAR,17:3:11,414464798,-930209257,244472,31652610,27665,94,98418,4023,35989,3,0
$$HAR,17:3:14,414470408,-930215738,244219,32145882,27346,94,98414,4024,35978,3,0
$$HAR,17:3:17,414476399,-930221492,244363,32569650,27734,107,98412,4024,35978,3,0
$$HAR,17:3:20,414482787,-930226662,245201,33169536,27132,99,98412,4024,35965,3,0
$$HAR,17:3:23,414489347,-930231221,245220,33248016,27642,95,98414,4025,35969,3,0
$$HAR,17:3:26,414495940,-930235805,245215,33195812,27525,94,98414,4025,35952,3,0
$$HAR,17:3:29,414502577,-930240499,244973,33186550,28123,94,98414,4025,35935,3,0
$$HAR,17:3:32,414509281,-930245198,245357,33198520,27978,94,98412,4026,35922,3,0
$$HAR,17:3:35,414515955,-930249909,245935,33190564,28038,95,98414,4026,35905,3,0
$$HAR,17:3:38,414522556,-930254812,247504,32957580,28154,98,98414,4027,35907,3,0
$$HAR,17:3:41,414528917,-930260266,247965,32504430,28014,92,98412,4027,35890,3,0
$$HAR,17:3:44,414534897,-930266471,247553,31900486,28350,92,98392,4027,35871,3,0
$$HAR,17:3:47,414540386,-930273473,247296,31351558,28292,92,98392,4028,35854,3,0
$$HAR,17:3:50,414545394,-930281264,246204,30831274,28730,92,98392,4028,35842,3,0
$$HAR,17:3:53,414550084,-930289371,245194,30722632,28476,92,98394,4029,35821,3,0
$$HAR,17:3:56,414554770,-930297634,244562,30731910,28959,92,98398,4029,35827,3,0
$$HAR,17:3:59,414559408,-930305780,243872,30691478,28269,92,98400,4029,35808,3,0
$$HAR,17:4:2,414563917,-930313743,243590,30708924,27819,92,98404,4030,35805,3,0
$$HAR,17:4:5,414568430,-930321619,242771,30734068,27483,92,98406,4030,35793,3,0
$$HAR,17:4:8,414572872,-930329407,243021,30689076,27193,94,98410,4031,35776,3,0
$$HAR,17:4:11,414577389,-930336938,242273,31020148,26814,94,98420,4031,35770,3,0
$$HAR,17:4:14,414582190,-930344077,240994,31354510,27059,95,98428,4031,35764,3,0
$$HAR,17:4:17,414587510,-930350935,240125,31816738,27706,95,98431,4032,35754,3,0
$$HAR,17:4:20,414593243,-930357300,239334,32202408,27647,95,98433,4032,35736,3,0
$$HAR,17:4:23,414599287,-930363133,239095,32647132,27613,96,98435,4033,35723,3,0
$$HAR,17:4:26,414605774,-930368428,238688,33022038,28333,95,98445,4033,35717,3,0
$$HAR,17:4:29,414612575,-930373118,237220,33472462,28171,95,98449,4034,35716,3,0
$$HAR,17:4:32,414619518,-930377055,235828,33892248,27711,95,98455,4034,35722,3,0
$$HAR,17:4:35,414626627,-930380318,234040,34279920,27994,101,98463,4034,35716,3,0
$$HAR,17:4:38,414633961,-930383081,232798,34526736,28175,101,98481,4035,35716,3,0
$$HAR,17:4:41,414641250,-930385545,232470,34577512,27466,100,98495,4035,35697,3,0
$$HAR,17:4:44,414648314,-930387952,232877,34566556,26456,95,98505,4035,35697,3,0
$$HAR,17:4:47,414655215,-930390304,234712,34575296,26161,95,98510,4036,35682,3,0
$$HAR,17:4:50,414661984,-930392561,236740,34572280,25684,95,98510,4036,35676,3,0
$$HAR,17:4:53,414668778,-930394849,238674,34574384,26247,95,98505,4037,35649,3,0
$$HAR,17:4:56,414675746,-930397216,240386,34558748,26898,95,98495,4037,35626,3,0
$$HAR,17:4:59,414682734,-930399616,241714,34575164,26724,94,98483,4037,35602,3,0
$$HAR,17:5:2,414689805,-930402033,242758,34555712,27222,94,98463,4038,35587,3,0
$$HAR,17:5:5,414696898,-930404476,244066,34553544,27062,94,98449,4038,35575,3,0
$$HAR,17:5:8,414704009,-930407103,244991,34251616,27743,95,98435,4039,35575,3,0
$$HAR,17:5:11,414711180,-930410563,245266,33743860,28483,97,98426,4039,35545,3,0
$$HAR,17:5:14,414718168,-930414939,245690,33189758,28709,96,98414,4039,35522,3,0
$$HAR,17:5:17,414724783,-930420291,246360,32643398,28594,99,98402,4040,35509,3,0
$$HAR,17:5:20,414730949,-930426393,247171,32052526,28075,96,98394,4040,35497,3,0
$$HAR,17:5:23,414736464,-930433058,247293,31470088,27238,96,98384,4041,35484,3,0
$$HAR,17:5:26,414741422,-930440266,247106,31007090,27516,98,98383,4041,35479,3,0
$$HAR,17:5:29,414746097,-930448037,246423,30767812,27791,98,98381,4041,35473,3,0
$$HAR,17:5:32,414750679,-930455918,246445,30784302,27958,99,98379,4042,35456,3,0
$$HAR,17:5:35,414755309,-930463826,246252,30798342,27861,99,98379,4042,35443,3,0
$$HAR,17:5:38,414759895,-930471669,245710,30782704,27929,98,98377,4043,35434,3,0
$$HAR,17:5:41,414764530,-930479498,246262,31032752,27980,138,98375,4043,35427,3,0
$$HAR,17:5:44,414769155,-930487325,246213,30776232,27836,140,98375,4043,35422,3,0
$$HAR,17:5:47,414773668,-930495134,246116,30797358,27598,112,98373,4044,35405,3,0
$$HAR,17:5:50,414778242,-930502961,245013,30796116,27672,107,98371,4044,35405,3,0
$$HAR,17:5:53,414782785,-930510773,243964,30757000,27335,99,98371,4044,35393,3,0
$$HAR,17:5:56,414787283,-930518555,243015,30786012,27431,99,98373,4045,35385,3,0
$$HAR,17:5:59,414791849,-930526372,242486,30780960,27572,98,98379,4045,35379,3,0
$$HAR,17:6:2,414796364,-930534126,242223,30786098,27103,93,98384,4046,35356,3,0
$$HAR,17:6:5,414800826,-930541895,240974,30659722,27585,92,98390,4046,35349,3,0
$$HAR,17:6:8,414805302,-930549592,240821,30771888,27504,92,98394,4047,35358,3,0
$$HAR,17:6:11,414809883,-930557456,240480,30763658,28064,92,98398,4047,35341,3,0
$$HAR,17:6:14,414814515,-930565417,239831,30771276,28409,92,98402,4047,35322,3,0
$$HAR,17:6:17,414819216,-930573461,239523,30811500,28303,92,98408,4048,35305,3,0
$$HAR,17:6:20,414823874,-930581353,239599,30768972,27895,89,98410,4048,35300,3,0
$$HAR,17:6:23,414828453,-930589222,240316,30780964,27239,88,98412,4049,35288,3,0
$$HAR,17:6:26,414832964,-930596958,241059,30779672,27295,88,98410,4049,35277,3,0
$$HAR,17:6:29,414837566,-930604811,240440,30785934,27952,88,98408,4049,35270,3,0
$$HAR,17:6:32,414842226,-930612782,239329,30782714,28285,88,98414,4050,35254,3,0
$$HAR,17:6:35,414846925,-930620867,239260,30766298,28310,88,98418,4050,35243,3,0
$$HAR,17:6:38,414851572,-930628813,240238,30793910,27842,88,98422,4051,35226,3,0
$$HAR,17:6:41,414856155,-930636606,241157,30788260,27283,88,98422,4051,35220,3,0
$$HAR,17:6:44,414860661,-930644269,241698,30776458,27104,88,98416,4051,35202,3,0
$$HAR,17:6:47,414865138,-930651933,242310,30790494,27183,88,98414,4052,35197,3,0
$$HAR,17:6:50,414869701,-930659722,242190,30793138,27852,88,98408,4052,35186,3,0
$$HAR,17:6:53,414874268,-930667590,241420,30747834,27396,88,98404,4053,35169,3,0
$$HAR,17:6:56,414878787,-930675257,241236,30851564,27093,88,98404,4053,35157,3,0
$$HAR,17:6:59,414883381,-930682661,242196,31049578,26433,88,98404,4053,35151,3,0
$$HAR,17:7:2,414888148,-930689748,243683,31335042,26698,91,98406,4054,35144,3,0
$$HAR,17:7:5,414893280,-930696635,244128,31622834,27390,88,98400,4054,35132,3,0
$$HAR,17:7:8,414898776,-930703408,244034,31846068,27751,87,98392,4054,35114,3,0
$$HAR,17:7:11,414904605,-930709892,243787,32206812,28303,87,98386,4055,35114,3,0
$$HAR,17:7:14,414910787,-930716067,243641,32423812,28668,87,98379,4055,35097,3,0
$$HAR,17:7:17,414917270,-930721996,243729,32700566,29339,87,98373,4055,35085,3,0
$$HAR,17:7:20,414924033,-930727477,244017,32981930,29163,88,98369,4056,35075,3,0
$$HAR,17:7:23,414930828,-930732588,244326,33102662,28697,92,98365,4056,35063,3,0
$$HAR,17:7:26,414937584,-930737565,244348,33093660,28206,90,98363,4056,35057,3,0
$$HAR,17:7:29,414944187,-930742457,244446,33109586,27778,90,98361,4057,35054,3,0
$$HAR,17:7:32,414950775,-930747301,244719,33120948,28110,90,98361,4057,35047,3,0
$$HAR,17:7:35,414957474,-930752209,245102,33074484,28361,91,98357,4057,35024,3,0
$$HAR,17:7:38,414964193,-930757386,245652,32890412,29341,89,98361,4058,35015,3,0
$$HAR,17:7:41,414971082,-930762743,245841,33049602,29484,88,98361,4058,34990,3,0
$$HAR,17:7:44,414978094,-930767968,245514,33066820,30139,88,98359,4058,34973,3,0
$$HAR,17:7:47,414985245,-930773271,245458,33095122,30229,90,98357,4059,34962,3,0
$$HAR,17:7:50,414992383,-930778577,245438,33076402,30398,90,98353,4059,34968,3,0
$$HAR,17:7:53,414999621,-930783947,245612,33099178,30908,90,98351,4059,34956,3,0
$$HAR,17:7:56,415006934,-930789369,246179,33097860,31233,90,98345,4060,34948,3,0
$$HAR,17:7:59,415014308,-930794774,246307,33093280,31183,90,98347,4060,34937,3,0
$$HAR,17:8:2,415021603,-930800169,246810,33106026,30516,90,98343,4061,34925,3,0
$$HAR,17:8:5,415028736,-930805467,247584,33080110,30262,90,98341,4061,34913,3,0
$$HAR,17:8:8,415035950,-930810673,247192,33291832,29753,96,98337,4061,34907,3,0
$$HAR,17:8:11,415043162,-930815662,245218,33197866,30170,95,98334,4062,34890,3,0
$$HAR,17:8:14,415050299,-930820915,245722,33093330,30198,86,98332,4062,34878,3,0
$$HAR,17:8:17,415057454,-930826235,245941,33095502,30565,86,98332,4062,34871,3,0
$$HAR,17:8:20,415064651,-930831563,246686,33084732,30140,86,98330,4063,34850,3,0
$$HAR,17:8:23,415071698,-930836751,247598,33124756,29332,86,98328,4063,34822,3,0
$$HAR,17:8:26,415078625,-930841888,248766,32934430,29354,86,98324,4063,34815,3,0
$$HAR,17:8:29,415085219,-930847635,249198,32402000,29218,86,98320,4064,34798,3,0
$$HAR,17:8:32,415091325,-930854222,249032,31806312,28787,86,98312,4064,34781,3,0
$$HAR,17:8:35,415096758,-930861525,248241,31190266,28675,86,98306,4064,34768,3,0
$$HAR,17:8:38,415101625,-930869567,247776,30590694,28938,86,98304,4065,34754,3,0
$$HAR,17:8:41,415105866,-930878357,247166,29977174,29178,86,98300,4065,34730,3,0
$$HAR,17:8:44,415109338,-930887620,246192,29310790,28481,86,98300,4065,34718,3,0
$$HAR,17:8:47,415112057,-930897224,245997,28716150,28498,86,98304,4065,34707,3,0
$$HAR,17:8:50,415113995,-930907226,244971,28149288,28774,86,98314,4066,34707,3,0
$$HAR,17:8:53,415115121,-930917491,244572,27528138,29051,86,98332,4066,34696,3,0
$$HAR,17:8:56,415115519,-930927957,243974,27042274,29352,88,98343,4067,34697,3,0
$$HAR,17:8:59,415115524,-930938600,243120,26962894,29429,87,98355,4067,34686,3,0
$$HAR,17:9:2,415115504,-930948995,242350,26988184,28562,87,98365,4067,34668,3,0
$$HAR,17:9:5,415115506,-930959239,240927,26991354,28754,87,98375,4068,34668,3,0
$$HAR,17:9:8,415115492,-930969684,240070,26981108,29483,87,98386,4068,34668,3,0
$$HAR,17:9:11,415115473,-930980365,239781,26967196,30035,87,98400,4068,34645,3,0
$$HAR,17:9:14,415115428,-930991235,239796,26997490,30623,93,98410,4069,34641,3,0
$$HAR,17:9:17,415115430,-931002309,240251,26989304,30913,93,98416,4069,34624,3,0
$$HAR,17:9:20,415115362,-931013258,240758,26855944,30494,93,98414,4070,34625,3,0
$$HAR,17:9:23,415115321,-931024074,241327,26988980,30081,93,98414,4070,34608,3,0
$$HAR,17:9:26,415115330,-931034841,241914,26994806,30088,93,98414,4070,34608,3,0
$$HAR,17:9:29,415115316,-931045675,243180,26975092,30202,93,98406,4071,34584,3,0
$$HAR,17:9:32,415115280,-931056547,243904,26970388,29951,92,98402,4071,34573,3,0
$$HAR,17:9:35,415115278,-931067252,244311,27002338,29869,92,98396,4072,34557,3,0
$$HAR,17:9:38,415115268,-931078111,245230,26969262,30614,92,98390,4072,34557,3,0
$$HAR,17:9:41,415115238,-931089095,246019,26961778,30551,92,98386,4072,34539,3,0
$$HAR,17:9:44,415115182,-931100083,246368,26966720,30640,92,98383,4072,34528,3,0
$$HAR,17:9:47,415115155,-931111133,246596,26971748,30664,92,98377,4073,34518,3,0
$$HAR,17:9:50,415115138,-931122099,246713,26968014,30393,92,98365,4073,34506,3,0
$$HAR,17:9:53,415115100,-931133018,246356,26967974,30590,92,98355,4074,34491,3,0
$$HAR,17:9:56,415115081,-931144191,245075,26996046,31585,92,98349,4074,34485,3,0
$$HAR,17:9:59,415115065,-931155587,243526,26971426,31667,92,98347,4074,34479,3,0
$$HAR,17:10:2,415115025,-931166968,242144,26998128,31660,92,98351,4075,34472,3,0
$$HAR,17:10:5,415115016,-931178317,240257,26958368,31542,92,98357,4075,34461,3,0
$$HAR,17:10:8,415115199,-931189664,238256,27360474,31600,92,98365,4076,34460,3,0
$$HAR,17:10:11,415116110,-931200957,236850,27878866,31560,91,98377,4076,34454,3,0
$$HAR,17:10:14,415117814,-931212153,235346,28452150,31858,91,98392,4077,34454,3,0
$$HAR,17:10:17,415120337,-931223078,234202,28996968,31353,91,98402,4077,34460,3,0
$$HAR,17:10:20,415123578,-931233375,233409,29539478,30464,91,98416,4077,34460,3,0
$$HAR,17:10:23,415127368,-931242896,232229,30039442,29500,91,98430,4077,34466,3,0
$$HAR,17:10:26,415131648,-931251666,230936,30596494,28655,92,98445,4078,34461,3,0
$$HAR,17:10:29,415136426,-931259746,229521,31059594,28610,90,98465,4078,34456,3,0
$$HAR,17:10:32,415141663,-931267245,227664,31528312,28491,90,98493,4079,34450,3,0
$$HAR,17:10:35,415147395,-931274089,225807,32082726,28594,90,98510,4079,34433,3,0
$$HAR,17:10:38,415153524,-931280212,225766,32532508,28210,90,98526,4079,34415,3,0
$$HAR,17:10:41,415159834,-931285557,228796,32875734,27036,104,98542,4079,34409,3,0
$$HAR,17:10:44,415166586,-931290330,232937,33562340,28066,105,98552,4080,34395,3,0
$$HAR,17:10:47,415173683,-931294168,235794,34029856,28040,103,98550,4080,34367,3,0
$$HAR,17:10:50,415180889,-931297149,237691,34507008,27833,95,98542,4080,34343,3,0
$$HAR,17:10:53,415188220,-931299302,240904,35037804,27730,95,98528,4081,34319,3,0
$$HAR,17:10:56,415195713,-931300612,243780,35495268,28180,93,98512,4081,34295,3,0
$$HAR,17:10:59,415203300,-931301107,245163,35908664,28066,94,98495,4081,34283,3,0
$$HAR,17:11:2,415210819,-931301078,247443,20479,28561,94,98467,4081,34260,3,0
$$HAR,17:11:5,415218588,-931301061,247727,35971240,29043,94,98451,4082,34248,3,0
$$HAR,17:11:8,415226466,-931301068,247092,3377,29418,94,98435,4082,34231,3,0
$$HAR,17:11:11,415234411,-931301080,245921,16592,29659,100,98426,4082,34207,3,0
$$HAR,17:11:14,415242501,-931301037,244402,32047,30073,100,98420,4082,34201,3,0
$$HAR,17:11:17,415250687,-931300970,243500,30128,30517,97,98416,4083,34186,3,0
$$HAR,17:11:20,415258887,-931300971,243888,35993860,30385,97,98418,4083,34175,3,0
$$HAR,17:11:23,415267073,-931300947,244134,35995288,30231,97,98412,4083,34162,3,0
$$HAR,17:11:26,415275229,-931300930,244288,15155,30398,97,98408,4083,34156,3,0
$$HAR,17:11:29,415283563,-931300885,244391,26389,31236,97,98402,4084,34134,3,0
$$HAR,17:11:32,415292061,-931300774,244086,43715,31591,97,98394,4084,34128,3,0
$$HAR,17:11:35,415300620,-931300699,244309,35987928,31568,97,98384,4084,34110,3,0
$$HAR,17:11:38,415309021,-931300693,244809,35992508,30598,97,98379,4085,34097,3,0
$$HAR,17:11:41,415317128,-931300672,245000,16920,29605,94,98371,4085,34090,3,0
$$HAR,17:11:44,415325073,-931300621,245535,32728,29337,93,98367,4085,34097,3,0
$$HAR,17:11:47,415332987,-931300541,246505,87610,29297,93,98361,4085,34073,3,0
$$HAR,17:11:50,415340923,-931300481,247634,22302,29418,93,98353,4086,34056,3,0
$$HAR,17:11:53,415348855,-931300475,248233,35997796,29225,93,98347,4086,34050,3,0
$$HAR,17:11:56,415356705,-931300432,248828,32207,29015,93,98337,4086,34032,3,0
$$HAR,17:11:59,415364540,-931300410,249333,35993776,28882,93,98330,4086,34020,3,0
$$HAR,17:12:2,415372225,-931300410,250482,16897,28174,93,98322,4087,34016,3,0
$$HAR,17:12:5,415379893,-931300374,250698,22410,28473,94,98316,4087,34000,3,0
$$HAR,17:12:8,415387608,-931300307,250369,23445,28859,93,98310,4087,33994,3,0
$$HAR,17:12:11,415395432,-931300258,249592,11621,29184,93,98308,4088,33981,3,0
$$HAR,17:12:14,415403397,-931300211,248911,21563,29729,93,98302,4088,33970,3,0
$$HAR,17:12:17,415411427,-931300167,248309,37256,29964,92,98302,4088,33958,3,0
$$HAR,17:12:20,415419605,-931300108,247691,35991732,30357,92,98300,4089,33954,3,0
$$HAR,17:12:23,415427781,-931300111,247506,28849,30288,96,98300,4089,33949,3,0
$$HAR,17:12:26,415435919,-931300064,247533,29174,29801,92,98304,4089,33943,3,0
$$HAR,17:12:29,415443899,-931300066,247891,35944716,29680,93,98306,4090,33939,3,0
$$HAR,17:12:32,415451884,-931300753,248908,35281740,29497,92,98308,4090,33927,3,0
$$HAR,17:12:35,415459733,-931302838,249029,34480780,29639,90,98306,4090,33909,3,0
$$HAR,17:12:38,415467249,-931306372,249388,33680100,29414,94,98304,4090,33904,3,0
$$HAR,17:12:41,415474241,-931311241,250489,32766814,28984,91,98300,4091,33886,3,0
$$HAR,17:12:44,415480647,-931317412,250668,32014378,29469,90,98302,4091,33881,3,0
$$HAR,17:12:47,415486437,-931324706,250150,31339506,29770,92,98300,4092,33867,3,0
$$HAR,17:12:50,415491932,-931332552,249935,31253806,29873,91,98298,4092,33856,3,0
$$HAR,17:12:53,415497386,-931340514,249736,31232512,29955,91,98296,4092,33850,3,0
$$HAR,17:12:56,415502834,-931348521,248685,31219962,30101,91,98296,4093,33837,3,0
$$HAR,17:12:59,415508339,-931356538,247865,31239714,30211,91,98298,4093,33843,3,0
$$HAR,17:13:2,415513788,-931364516,247755,31230434,29560,92,98298,4093,33826,3,0
$$HAR,17:13:5,415518993,-931372278,247362,31140582,28290,92,98300,4094,33822,3,0
$$HAR,17:13:8,415523900,-931379848,246913,30908794,28003,104,98304,4094,33828,3,0
$$HAR,17:13:11,415528792,-931387436,246647,31094896,27791,99,98304,4094,33816,3,0
$$HAR,17:13:14,415533761,-931395124,244709,31080992,28642,89,98310,4095,33806,3,0
$$HAR,17:13:17,415538805,-931402845,243929,31114080,28562,88,98316,4095,33790,3,0
$$HAR,17:13:20,415543870,-931410606,244801,31086418,28799,90,98326,4096,33785,3,0
$$HAR,17:13:23,415549013,-931418514,245728,31071720,29408,88,98326,4096,33785,3,0
$$HAR,17:13:26,415554193,-931426503,245966,31105502,29480,88,98328,4096,33768,3,0
$$HAR,17:13:29,415559359,-931434454,246346,31082092,29005,88,98324,4097,33749,3,0
$$HAR,17:13:32,415564439,-931442249,246807,31106966,28626,95,98322,4097,33749,3,0
$$HAR,17:13:35,415569539,-931450034,246954,31113230,28849,97,98320,4097,33744,3,0
$$HAR,17:13:38,415574609,-931457832,245714,31063878,28640,95,98320,4098,33734,3,0
$$HAR,17:13:41,415579661,-931465620,244800,31104834,28484,93,98320,4098,33734,3,0
$$HAR,17:13:44,415584712,-931473357,245636,31113900,28661,97,98324,4098,33728,3,0
$$HAR,17:13:47,415589821,-931481251,246324,31072380,29261,95,98324,4098,33717,3,0
$$HAR,17:13:50,415594986,-931489208,247016,31090556,29342,97,98322,4099,33706,3,0
$$HAR,17:13:53,415600208,-931497216,247052,31103792,29719,95,98320,4099,33693,3,0
$$HAR,17:13:56,415605411,-931505227,247515,31088278,29455,93,98324,4099,33687,3,0
$$HAR,17:13:59,415610630,-931513198,248227,31101138,29656,95,98322,4100,33686,3,0
$$HAR,17:14:2,415615863,-931521238,249493,31071446,29265,93,98316,4100,33686,3,0
$$HAR,17:14:5,415621039,-931529226,250396,31081478,29546,94,98310,4100,33675,3,0
$$HAR,17:14:8,415626296,-931537303,250021,31097422,29930,92,98306,4101,33669,3,0
$$HAR,17:14:11,415631646,-931545509,249629,31120814,30556,95,98302,4101,33656,3,0
$$HAR,17:14:14,415637110,-931553895,249267,31084114,30966,92,98296,4101,33651,3,0
$$HAR,17:14:17,415642552,-931562306,249148,31084044,30735,95,98294,4102,33639,3,0
$$HAR,17:14:20,415647968,-931570653,249511,31092182,30713,95,98290,4102,33639,3,0
$$HAR,17:14:23,415653362,-931578918,249619,31100966,30117,92,98290,4102,33645,3,0
$$HAR,17:14:26,415658624,-931587026,249697,31086210,29456,94,98290,4102,33639,3,0
$$HAR,17:14:29,415663828,-931595030,249538,31108798,29570,92,98290,4103,33630,3,0
$$HAR,17:14:32,415669115,-931603166,249770,31075088,30226,92,98288,4103,33630,3,0
$$HAR,17:14:35,415674469,-931611431,249978,31109854,30393,95,98288,4103,33613,3,0
$$HAR,17:14:38,415679858,-931619672,250539,31090884,30335,94,98288,4104,33606,3,0
$$HAR,17:14:41,415685188,-931627878,250454,31073380,30141,93,98284,4104,33600,3,0
$$HAR,17:14:44,415690486,-931636100,250664,31077978,30058,95,98284,4104,33594,3,0
$$HAR,17:14:47,415695719,-931644202,250839,31083010,29392,97,98281,4105,33599,3,0
$$HAR,17:14:50,415700883,-931652131,250799,31099094,28912,97,98279,4105,33593,3,0
$$HAR,17:14:53,415706016,-931659988,250295,31098578,29072,95,98279,4105,33587,3,0
$$HAR,17:14:53,415706016,-931659988,250295,31098578,29072,95,98284,4106,33587,3,0
$$HAR,17:14:59,415716302,-931675847,248402,31069386,28771,91,98286,4106,33569,3,0
$$HAR,17:15:2,415721379,-931683639,248325,31095986,28536,93,98292,4106,33569,3,0
$$HAR,17:15:2,415721379,-931683639,248325,31095986,28536,93,98296,4107,33572,3,0
$$HAR,17:15:2,415721379,-931683639,248325,31095986,28536,93,98298,4107,33559,3,0
$$HAR,17:15:2,415721379,-931683639,248325,31095986,28536,93,98298,4107,33548,3,0
$$HAR,17:15:2,415721379,-931683639,248325,31095986,28536,93,98296,4108,33542,3,0
$$HAR,17:15:17,415746749,-931722611,249555,31089134,29094,97,98298,4108,33548,3,0
$$HAR,17:15:20,415751945,-931730622,249553,31103456,29771,97,98294,4108,33537,3,0
$$HAR,17:15:23,415757246,-931738770,249734,31079708,30315,97,98292,4108,33524,3,0
$$HAR,17:15:26,415762618,-931747042,249502,31089396,30621,97,98288,4109,33517,3,0
$$HAR,17:15:29,415768047,-931755399,249563,31068880,30787,97,98284,4109,33511,3,0
$$HAR,17:15:32,415773488,-931763788,249852,31085776,30717,97,98281,4109,33506,3,0
$$HAR,17:15:35,415778867,-931772035,249902,31096950,30194,97,98281,4110,33500,3,0
$$HAR,17:15:38,415784187,-931780230,250342,31075266,29910,95,98282,4110,33500,3,0
$$HAR,17:15:41,415789407,-931788283,250717,31069422,28405,113,98286,4110,33506,3,0
$$HAR,17:15:44,415794625,-931796219,249836,31079684,29287,112,98265,4111,33496,3,0
$$HAR,17:15:47,415799798,-931804194,248928,31072664,28984,105,98265,4111,33478,3,0
$$HAR,17:15:50,415804920,-931812136,248699,31110152,29215,102,98271,4111,33472,3,0
$$HAR,17:15:53,415810118,-931820193,249122,31074538,29718,95,98273,4111,33472,3,0
$$HAR,17:15:56,415815423,-931828387,249735,31114126,30310,95,98279,4112,33462,3,0
$$HAR,17:15:59,415820831,-931836701,250044,31072990,30732,95,98279,4112,33457,3,0
$$HAR,17:16:2,415826231,-931845031,250236,31086620,30526,95,98281,4112,33457,3,0
$$HAR,17:16:5,415831618,-931853287,250401,31117298,30458,95,98281,4113,33445,3,0
$$HAR,17:16:8,415837022,-931861617,250167,31037684,30497,93,98282,4113,33439,3,0
$$HAR,17:16:11,415842310,-931870016,250613,30850960,30568,91,98282,4113,33433,3,0
$$HAR,17:16:14,415847287,-931878915,251348,30520296,30803,95,98286,4113,33427,3,0
$$HAR,17:16:17,415851994,-931888252,252476,30214462,31329,91,98290,4114,33418,3,0
$$HAR,17:16:20,415856292,-931897912,253190,29908904,30655,91,98290,4114,33406,3,0
$$HAR,17:16:23,415860100,-931907469,253184,29680126,29345,91,98288,4115,33408,3,0
$$HAR,17:16:26,415863656,-931916815,252860,29644380,29085,91,98288,4115,33414,3,0
$$HAR,17:16:29,415867220,-931926312,252514,29652062,29783,91,98288,4115,33414,3,0
$$HAR,17:16:32,415870845,-931935875,252191,29669986,29604,91,98286,4116,33393,3,0
$$HAR,17:16:35,415874363,-931945229,252545,29650040,28666,91,98286,4116,33381,3,0
$$HAR,17:16:38,415877532,-931954619,252504,29164706,28367,91,98286,4116,33375,3,0
$$HAR,17:16:41,415880098,-931964287,252281,28696270,28591,91,98286,4116,33369,3,0
$$HAR,17:16:44,415882023,-931974232,252072,28177860,28467,91,98286,4117,33363,3,0
$$HAR,17:16:47,415883299,-931984317,252459,27720966,28564,91,98286,4117,33346,3,0
$$HAR,17:16:50,415883967,-931994559,252711,27266580,28661,88,98284,4117,33346,3,0
$$HAR,17:16:53,415884061,-932004838,252141,26942938,28415,88,98282,4117,33341,3,0
$$HAR,17:16:56,415883951,-932015067,251528,26902922,28531,88,98281,4118,33325,3,0
$$HAR,17:16:59,415883840,-932025292,250374,26919680,28600,88,98281,4118,33325,3,0
$$HAR,17:17:2,415883729,-932035750,249319,26897540,29374,88,98288,4118,33318,3,0
$$HAR,17:17:5,415883617,-932046293,248128,26924866,29273,88,98290,4119,33307,3,0
$$HAR,17:17:8,415883504,-932056781,246731,26919054,29197,88,98294,4119,33312,3,0
$$HAR,17:17:11,415883407,-932067349,245311,26912516,29559,88,98302,4119,33312,3,0
$$HAR,17:17:14,415883283,-932077968,244247,26907984,29534,88,98308,4119,33307,3,0
$$HAR,17:17:17,415883179,-932088684,243362,26903814,29855,88,98318,4120,33305,3,0
$$HAR,17:17:20,415883046,-932099490,242186,26918182,30243,88,98328,4120,33300,3,0
$$HAR,17:17:23,415882965,-932110481,241083,26920710,30873,88,98339,4120,33294,3,0
$$HAR,17:17:26,415882831,-932121620,240005,26885318,30842,88,98347,4121,33287,3,0
$$HAR,17:17:29,415882700,-932132709,239516,26920836,30686,88,98353,4121,33287,3,0
$$HAR,17:17:32,415882638,-932143754,239860,26996108,30923,88,98359,4121,33281,3,0
$$HAR,17:17:35,415882639,-932154874,241062,26978008,30599,88,98363,4122,33270,3,0
$$HAR,17:17:38,415882663,-932165826,242432,27044580,30144,88,98361,4122,33265,3,0
$$HAR,17:17:41,415882753,-932176568,243543,27074208,29751,88,98359,4122,33253,3,0
$$HAR,17:17:44,415882848,-932187191,244496,27062382,29213,88,98355,4123,33249,3,0
$$HAR,17:17:47,415882939,-932197802,244993,27033780,29906,88,98349,4123,33244,3,0
$$HAR,17:17:50,415882874,-932208747,245291,26885734,30957,88,98343,4123,33225,3,0
$$HAR,17:17:53,415882780,-932219792,245168,26999820,30530,88,98334,4124,33220,3,0
$$HAR,17:17:56,415882869,-932230813,244660,27093432,30793,92,98330,4124,33214,3,0
$$HAR,17:17:59,415882969,-932242026,243673,27043284,31553,92,98330,4124,33214,3,0
$$HAR,17:18:2,415883047,-932253409,242584,27071660,31689,92,98332,4124,33203,3,0
$$HAR,17:18:5,415883144,-932264911,241879,27052404,32152,92,98337,4125,33207,3,0
$$HAR,17:18:8,415883210,-932276363,242724,27057084,31639,113,98343,4125,33200,3,0
$$HAR,17:18:11,415883304,-932287740,244510,27052322,31675,107,98339,4125,33200,3,0
$$HAR,17:18:14,415883401,-932299065,248079,27044326,31519,110,98332,4125,33200,3,0
$$HAR,17:18:17,415883464,-932310397,251379,27033134,31469,99,98316,4126,33183,3,0
$$HAR,17:18:20,415883578,-932321765,253924,27075564,31729,92,98308,4126,33172,3,0
$$HAR,17:18:23,415883699,-932333205,255694,27066854,31596,92,98292,4126,33159,3,0
$$HAR,17:18:26,415883813,-932344642,256563,27089200,31732,92,98277,4126,33148,3,0
$$HAR,17:18:29,415883962,-932356095,256277,27199420,31934,92,98263,4126,33142,3,0
$$HAR,17:18:32,415884643,-932367516,255768,27761230,31952,88,98251,4127,33133,3,0
$$HAR,17:18:35,415886210,-932378848,254538,28356356,31871,88,98241,4127,33144,3,0
$$HAR,17:18:38,415888673,-932389774,253440,28970878,31551,88,98239,4127,33151,3,0
$$HAR,17:18:41,415892025,-932400259,252611,29645970,31786,88,98239,4127,33151,3,0
$$HAR,17:18:44,415896262,-932410266,251827,30253326,32188,88,98241,4127,33144,3,0
$$HAR,17:18:47,415901251,-932419832,251584,30607908,32456,88,98245,4128,33147,3,0
$$HAR,17:18:50,415906343,-932429231,251020,30608528,32080,88,98247,4128,33141,3,0
$$HAR,17:18:53,415911485,-932438588,250853,30629560,32325,90,98247,4128,33129,3,0
$$HAR,17:18:56,415916509,-932447845,250622,30599384,31198,90,98253,4128,33129,3,0
$$HAR,17:18:59,415921407,-932456758,250183,30721320,30259,90,98259,4128,33117,3,0
$$HAR,17:19:2,415926328,-932465222,249784,30715126,29420,90,98269,4128,33117,3,0
$$HAR,17:19:5,415931013,-932473726,249719,30582226,28977,88,98277,4128,33112,3,0
$$HAR,17:19:8,415935398,-932482156,249468,30379296,28168,89,98282,4129,33107,3,0
$$HAR,17:19:11,415939502,-932490564,249301,30235366,27831,87,98288,4129,33090,3,0
$$HAR,17:19:14,415943450,-932499105,249248,30103878,27902,89,98292,4129,33084,3,0
$$HAR,17:19:17,415947229,-932507699,248212,29998548,27743,89,98294,4129,33072,3,0
$$HAR,17:19:20,415950970,-932516568,248581,29857330,28791,89,98294,4130,33069,3,0
$$HAR,17:19:23,415954651,-932525898,248779,29713768,29833,89,98294,4130,33056,3,0
$$HAR,17:19:26,415958229,-932535590,248998,29574052,30081,89,98292,4130,33045,3,0
$$HAR,17:19:29,415961697,-932545331,248950,29534146,29556,89,98288,4130,33034,3,0
$$HAR,17:19:32,415965088,-932554886,248597,29520564,29325,89,98286,4131,33034,3,0
$$HAR,17:19:35,415968515,-932564515,248477,29549084,30008,89,98286,4131,33034,3,0
$$HAR,17:19:38,415971988,-932574289,248813,29531164,29925,89,98282,4131,33034,3,0
$$HAR,17:19:41,415975415,-932583925,248897,29545918,29490,89,98282,4131,33022,3,0
$$HAR,17:19:44,415978855,-932593548,249189,29535766,29922,89,98279,4132,33018,3,0
$$HAR,17:19:47,415982337,-932603316,249666,29549486,30085,87,98279,4132,33013,3,0
$$HAR,17:19:50,415985794,-932613049,249759,29523662,29626,87,98277,4132,32994,3,0
$$HAR,17:19:53,415989212,-932622670,249867,29538890,29659,87,98275,4132,32994,3,0
$$HAR,17:19:56,415992651,-932632330,250167,29518228,29800,87,98271,4133,32994,3,0
$$HAR,17:19:59,415996083,-932641978,249875,29566330,29554,86,98269,4133,32989,3,0
$$HAR,17:20:2,415999477,-932651543,249586,29483944,29311,86,98273,4133,32983,3,0
$$HAR,17:20:5,416002675,-932661242,248326,29229298,29676,86,98273,4133,32983,3,0
$$HAR,17:20:8,416005562,-932671248,245909,28994528,29628,86,98277,4133,32972,3,0
$$HAR,17:20:11,416008085,-932681364,244257,28698182,29420,86,98286,4134,32973,3,0
$$HAR,17:20:14,416010190,-932691547,241856,28377860,29110,86,98298,4134,32973,3,1
$$HAR,17:20:17,416011885,-932701706,239619,28129902,28788,86,98310,4134,32968,3,0
$$HAR,17:20:20,416013202,-932711924,238118,27808900,28631,86,98326,4134,32979,3,0
$$HAR,17:20:23,416014129,-932721992,238223,27568160,27828,86,98339,4135,32976,3,0
$$HAR,17:20:26,416014662,-932731958,239246,27272298,27930,86,98355,4135,32976,3,0
$$HAR,17:20:29,416014886,-932742198,240438,27069364,29065,89,98361,4135,32964,3,0
$$HAR,17:20:32,416014925,-932752808,241212,27011462,29844,89,98363,4136,32954,3,0
$$HAR,17:20:35,416014938,-932763636,242403,27013690,30461,87,98361,4136,32948,3,0
$$HAR,17:20:38,416014964,-932774665,243188,27018144,30643,87,98355,4136,32948,3,0
$$HAR,17:20:41,416014998,-932785771,244280,27033644,31001,87,98349,4137,32931,3,0
$$HAR,17:20:44,416015024,-932796865,244446,27013988,30705,86,98337,4137,32926,3,0
$$HAR,17:20:47,416015058,-932807980,244737,27038094,31240,87,98332,4137,32920,3,0
$$HAR,17:20:50,416015194,-932818931,242642,27032924,30860,93,98324,4137,32913,3,0
$$HAR,17:20:53,416015258,-932829874,243338,27022442,30260,100,98316,4138,32898,3,0
$$HAR,17:20:56,416015248,-932840726,243341,27010988,29806,95,98312,4138,32903,3,0
$$HAR,17:20:59,416015259,-932851403,243068,27025384,29411,91,98312,4138,32892,3,0
$$HAR,17:21:2,416015267,-932862004,243066,27022392,29744,91,98312,4138,32898,3,0
$$HAR,17:21:5,416015302,-932872732,242410,27007356,29898,93,98310,4139,32875,3,0
$$HAR,17:21:8,416015317,-932883426,241407,27015854,29531,97,98312,4139,32875,3,0
$$HAR,17:21:11,416015344,-932893942,239866,27015486,29130,86,98318,4139,32875,3,0
$$HAR,17:21:14,416015369,-932904490,237585,27019382,29616,86,98328,4139,32869,3,0
$$HAR,17:21:17,416015386,-932915226,234536,27012434,30057,86,98341,4140,32873,3,0
$$HAR,17:21:20,416015408,-932926051,230759,27021706,29976,86,98357,4140,32873,3,0
$$HAR,17:21:23,416015430,-932936826,227034,27025734,29803,87,98379,4140,32861,3,0
$$HAR,17:21:26,416015467,-932947443,224512,27017122,29169,86,98406,4141,32879,3,0
$$HAR,17:21:29,416015462,-932957771,223926,27000288,28324,90,98437,4141,32879,3,0
$$HAR,17:21:32,416015498,-932967987,224728,27034996,28573,90,98463,4141,32873,3,0
$$HAR,17:21:35,416015537,-932978409,226761,27006970,29133,86,98489,4142,32867,3,0
$$HAR,17:21:38,416015546,-932988910,228853,27008380,29042,86,98495,4142,32850,3,0
$$HAR,17:21:41,416015553,-932999327,230114,26990772,28929,86,98495,4143,32836,3,0
$$HAR,17:21:44,416015576,-933009782,231689,27019532,29099,86,98491,4143,32825,3,0
$$HAR,17:21:47,416015602,-933020211,233178,27027084,28804,86,98487,4143,32813,3,0
$$HAR,17:21:50,416015638,-933030711,234623,27017690,29543,86,98477,4144,32801,3,0
$$HAR,17:21:53,416015668,-933041379,236711,27014514,29647,86,98463,4144,32795,3,0
$$HAR,17:21:56,416015713,-933052040,238580,27017242,29493,86,98447,4144,32773,3,0
$$HAR,17:21:59,416015712,-933062646,240492,26992974,29574,86,98431,4145,32757,3,0
$$HAR,17:22:2,416015736,-933073237,242349,27032522,29224,85,98416,4145,32744,3,0
$$HAR,17:22:5,416015735,-933083628,244108,26994020,28808,85,98400,4145,32733,3,0
$$HAR,17:22:8,416015767,-933094042,245420,27022892,28734,85,98386,4145,32716,3,0
$$HAR,17:22:11,416015790,-933104418,246471,26973112,29108,85,98369,4146,32706,3,0
$$HAR,17:22:14,416015717,-933115008,247337,26887854,29360,85,98353,4146,32701,3,0
$$HAR,17:22:17,416015557,-933125523,248276,26882572,29103,85,98337,4146,32677,3,0
$$HAR,17:22:20,416015386,-933136079,248932,26882232,29583,89,98326,4147,32662,3,0
$$HAR,17:22:23,416015203,-933146648,249883,26844132,29210,85,98314,4147,32656,3,0
$$HAR,17:22:26,416015004,-933157174,250125,26845446,29325,89,98300,4147,32639,3,0
$$HAR,17:22:29,416014793,-933167703,250274,26856272,29250,91,98286,4147,32626,3,0
$$HAR,17:22:32,416014602,-933178345,249699,26875254,29874,91,98277,4148,32615,3,0
$$HAR,17:22:35,416014417,-933189110,249728,26861356,30055,91,98265,4148,32610,3,0
$$HAR,17:22:38,416014221,-933199982,249660,26866932,30474,91,98259,4148,32592,3,0
$$HAR,17:22:41,416014024,-933211010,249710,26868180,30828,91,98255,4148,32580,3,0
$$HAR,17:22:44,416013817,-933222165,249479,26850988,31312,91,98253,4149,32571,3,0
$$HAR,17:22:47,416013605,-933233542,249041,26855318,31852,89,98253,4149,32559,3,0
$$HAR,17:22:50,416013393,-933245005,248797,26877436,31813,89,98251,4149,32554,3,0
$$HAR,17:22:53,416013205,-933256466,248401,26872074,31787,89,98249,4149,32548,3,0
$$HAR,17:22:56,416012999,-933267825,247999,26857482,31145,89,98251,4150,32544,3,0
$$HAR,17:22:59,416012791,-933278915,248362,26846036,30622,89,98255,4150,32532,3,0
$$HAR,17:23:2,416012585,-933289988,248352,26873466,30888,89,98259,4150,32527,3,0
$$HAR,17:23:5,416012407,-933301122,248156,26873986,30856,89,98261,4150,32514,3,0
$$HAR,17:23:8,416012191,-933312141,248507,26855954,30491,89,98261,4151,32498,3,0
$$HAR,17:23:11,416012088,-933323016,247352,26881510,30155,98,98261,4151,32498,3,0
$$HAR,17:23:14,416011898,-933333822,248365,26865178,30144,90,98259,4151,32486,3,0
$$HAR,17:23:17,416011672,-933344795,248849,26858594,30730,92,98259,4151,32468,3,0
$$HAR,17:23:20,416011422,-933355814,248643,26868920,30481,97,98257,4151,32462,3,0
$$HAR,17:23:23,416011239,-933366737,248615,26885600,30291,100,98255,4152,32453,3,0
$$HAR,17:23:26,416011051,-933377572,248669,26844752,30147,88,98253,4152,32447,3,0
$$HAR,17:23:29,416010843,-933388503,249122,26889742,30449,90,98253,4152,32447,3,0
$$HAR,17:23:32,416010703,-933399417,248827,26958338,30109,90,98253,4153,32436,3,0
$$HAR,17:23:35,416010665,-933410188,248532,26982484,29901,88,98253,4153,32424,3,0
$$HAR,17:23:38,416010621,-933420944,248570,26957330,29460,88,98251,4153,32418,3,0
$$HAR,17:23:41,416010570,-933431307,248625,26962894,28326,85,98251,4153,32401,3,0
$$HAR,17:23:44,416010543,-933441504,247907,26955654,28406,90,98257,4154,32402,3,0
$$HAR,17:23:47,416010488,-933451905,246987,26948884,29034,87,98263,4154,32408,3,0
$$HAR,17:23:50,416010425,-933462314,245091,26968574,28786,87,98267,4154,32391,3,0
$$HAR,17:23:53,416010396,-933472613,243593,26952528,28431,95,98277,4154,32385,3,0
$$HAR,17:23:56,416010322,-933482794,241566,26927542,28134,95,98288,4155,32387,3,0
$$HAR,17:23:59,416010191,-933492939,238275,26875860,28241,93,98304,4155,32381,3,0
$$HAR,17:24:2,416009995,-933503213,234608,26834652,28715,93,98326,4155,32393,3,0
$$HAR,17:24:5,416009778,-933513585,230361,26835890,28872,93,98349,4155,32387,3,0
$$HAR,17:24:8,416009563,-933523929,228264,26823468,28362,95,98381,4156,32390,3,0
$$HAR,17:24:11,416009324,-933534001,228263,26830750,27650,93,98408,4156,32395,3,0
$$HAR,17:24:14,416009140,-933543757,230565,26840152,26456,93,98431,4157,32390,3,0
$$HAR,17:24:17,416008991,-933553225,232107,26932606,26418,98,98445,4157,32372,3,0
$$HAR,17:24:20,416008971,-933562633,232285,27036600,26048,98,98453,4157,32366,3,0
$$HAR,17:24:23,416009050,-933572155,231491,27076764,27149,93,98459,4158,32362,3,0
$$HAR,17:24:26,416009204,-933582008,229179,27188604,27627,93,98465,4158,32351,3,0
$$HAR,17:24:29,416009383,-933592206,227074,27002950,29074,93,98481,4158,32339,3,0
$$HAR,17:24:32,416009409,-933602759,224739,27107198,29386,93,98493,4159,32341,3,0
$$HAR,17:24:35,416009576,-933613287,223441,27062284,29148,93,98507,4159,32330,3,0
$$HAR,17:24:38,416009613,-933623901,222385,26997638,29800,95,98524,4159,32335,3,0
$$HAR,17:24:41,416009588,-933634459,221248,26955230,29013,93,98538,4159,32330,3,0
$$HAR,17:24:44,416009559,-933644778,221358,26971128,28230,93,98552,4159,32330,3,0
$$HAR,17:24:47,416009514,-933654894,221861,26974426,28216,93,98561,4160,32325,3,0
$$HAR,17:24:50,416009477,-933665147,222254,26975460,28760,93,98571,4160,32320,3,0
$$HAR,17:24:53,416009445,-933675512,223546,26977160,28762,98,98571,4160,32309,3,0
$$HAR,17:24:56,416009416,-933685816,225708,26977792,28366,93,98571,4160,32291,3,0
$$HAR,17:24:59,416009376,-933695972,227151,26995262,28017,93,98567,4160,32279,3,0
$$HAR,17:25:2,416009379,-933706112,228207,26992126,28109,98,98557,4160,32268,3,0
$$HAR,17:25:5,416009376,-933716065,232323,27083162,27490,93,98548,4161,32250,3,0
$$HAR,17:25:8,416009565,-933725948,235879,27063740,27383,93,98530,4161,32238,3,0
$$HAR,17:25:11,416009601,-933735791,236569,26985278,27280,93,98505,4161,32227,3,0
$$HAR,17:25:14,416009571,-933745513,233189,26971380,27081,92,98483,4161,32215,3,0
$$HAR,17:25:17,416009549,-933755311,228562,26993774,27480,92,98469,4161,32209,3,0
$$HAR,17:25:20,416009515,-933765057,228312,26966440,26443,92,98483,4161,32209,3,0
$$HAR,17:25:23,416009476,-933774333,233073,26968352,25335,92,98491,4162,32212,3,0
$$HAR,17:25:26,416009467,-933783488,237421,27003200,25971,92,98489,4162,32206,3,0
$$HAR,17:25:29,416009419,-933793078,238534,26947750,27403,92,98467,4162,32188,3,0
$$HAR,17:25:32,416009370,-933803074,236433,26983954,28079,95,98451,4162,32171,3,0
$$HAR,17:25:35,416009369,-933813111,237188,26995180,27569,92,98439,4162,32159,3,0
$$HAR,17:25:38,416009338,-933822958,241320,26948426,27308,92,98431,4162,32153,3,0
$$HAR,17:25:41,416009317,-933832798,244032,26950448,27451,105,98414,4163,32150,3,0
$$HAR,17:25:44,416009262,-933842776,241860,26985682,27945,100,98398,4163,32138,3,0
$$HAR,17:25:47,416009203,-933852741,241660,26951244,27581,95,98386,4163,32138,3,0
$$HAR,17:25:50,416009166,-933862613,243643,26964194,26970,95,98384,4163,32138,3,0
$$HAR,17:25:53,416009130,-933872241,246325,26978578,26825,95,98377,4163,32126,3,0
$$HAR,17:25:56,416009102,-933882057,247504,26987460,27736,95,98361,4163,32110,3,0
$$HAR,17:25:59,416009085,-933892205,248014,26983184,28676,92,98347,4163,32103,3,0
$$HAR,17:26:2,416009042,-933902680,248140,26950192,29340,92,98332,4164,32092,3,0
$$HAR,17:26:5,416008984,-933913296,248001,26946222,29539,92,98318,4164,32086,3,0
$$HAR,17:26:8,416008922,-933923971,247466,26976348,29947,92,98314,4164,32092,3,0
$$HAR,17:26:11,416008873,-933934806,246226,26970362,30201,92,98308,4164,32092,3,0
$$HAR,17:26:14,416008812,-933945604,244010,26946744,29819,95,98308,4164,32086,3,0
$$HAR,17:26:17,416008753,-933956301,241163,26968690,29578,95,98314,4164,32092,3,0
$$HAR,17:26:20,416008682,-933966934,238622,26941990,29548,95,98326,4164,32092,3,0
$$HAR,17:26:23,416008606,-933977611,236897,26952872,29885,95,98341,4165,32107,3,0
$$HAR,17:26:26,416008517,-933988346,233389,26924650,30036,95,98357,4165,32101,3,0
$$HAR,17:26:29,416008393,-933999308,228323,26894106,30785,92,98381,4165,32101,3,0
$$HAR,17:26:32,416008140,-934010371,224970,26757230,30733,92,98408,4165,32107,3,0
$$HAR,17:26:35,416007670,-934021305,222813,26592224,30039,92,98439,4165,32113,3,0
$$HAR,17:26:38,416006990,-934031897,222607,26458044,29108,92,98469,4165,32113,3,0
$$HAR,17:26:41,416006218,-934042211,222814,26410866,28562,99,98499,4166,32125,3,0
$$HAR,17:26:44,416005403,-934052373,223026,26351380,28292,99,98516,4166,32118,3,0
$$HAR,17:26:47,416004552,-934062367,222946,26396734,27933,92,98532,4166,32113,3,0
$$HAR,17:26:50,416003732,-934072519,222733,26374852,28925,99,98540,4166,32107,3,0
$$HAR,17:26:53,416002898,-934082947,222361,26383354,29209,99,98548,4167,32097,3,0
$$HAR,17:26:56,416002061,-934093320,221890,26374560,28840,99,98552,4167,32092,3,0
$$HAR,17:26:59,416001207,-934103636,221232,26369842,28668,99,98557,4167,32097,3,0
$$HAR,17:27:2,416000401,-934113778,220681,26448828,28391,99,98559,4167,32086,3,0
$$HAR,17:27:5,415999793,-934124009,220443,26667606,28744,97,98565,4167,32080,3,0
$$HAR,17:27:8,415999501,-934134387,223238,26882302,28969,97,98567,4168,32075,3,0
$$HAR,17:27:11,415999488,-934144844,226764,27091598,29226,91,98557,4168,32062,3,0
$$HAR,17:27:14,415999746,-934155320,230686,27294330,29013,91,98548,4168,32051,3,0
$$HAR,17:27:17,416000300,-934165583,234372,27474732,28306,91,98524,4168,32040,3,0
$$HAR,17:27:20,416000922,-934175587,237861,27463344,27519,91,98499,4168,32034,3,0
$$HAR,17:27:23,416001521,-934185516,240438,27438984,28039,91,98465,4169,32019,3,0
$$HAR,17:27:26,416002140,-934195793,241745,27438698,29103,91,98439,4169,32001,3,0
$$HAR,17:27:29,416002763,-934206346,243115,27463390,29622,91,98414,4169,31984,3,0
$$HAR,17:27:32,416003426,-934217008,244592,27478546,29547,91,98392,4169,31978,3,0
$$HAR,17:27:35,416004080,-934227595,245639,27443878,29553,91,98369,4169,31966,3,0
$$HAR,17:27:38,416004694,-934238073,245424,27454046,28868,97,98351,4169,31966,3,0
$$HAR,17:27:41,416005313,-934248423,245277,27454900,29039,97,98337,4169,31955,3,0
$$HAR,17:27:44,416005945,-934258804,245079,27455262,28879,97,98330,4170,31956,3,0
$$HAR,17:27:47,416006496,-934269181,245147,27337788,29201,98,98324,4170,31945,3,0
$$HAR,17:27:50,416006908,-934279533,244665,27227468,28528,97,98318,4170,31945,3,0
$$HAR,17:27:53,416007102,-934289738,244331,27089582,28169,98,98318,4170,31934,3,0
$$HAR,17:27:56,416007167,-934299920,243872,27012756,28720,98,98322,4170,31939,3,0
$$HAR,17:27:59,416007165,-934310279,243639,26983406,28404,102,98324,4170,31939,3,0
$$HAR,17:28:2,416007127,-934320421,244998,26865148,28207,98,98324,4170,31928,3,0
$$HAR,17:28:5,416007074,-934330485,249156,27020578,27832,107,98324,4171,31928,3,0
$$HAR,17:28:8,416007131,-934340520,249777,26991990,28208,102,98314,4171,31910,3,0
$$HAR,17:28:11,416007139,-934350851,249309,27014284,29204,99,98304,4171,31899,3,0
$$HAR,17:28:14,416007133,-934361386,249428,26997850,29378,97,98298,4171,31899,3,0
$$HAR,17:28:17,416007118,-934371931,249709,26983422,29042,97,98292,4171,31893,3,0
$$HAR,17:28:20,416007108,-934382345,250040,27002686,28896,97,98284,4172,31878,3,0
$$HAR,17:28:23,416007125,-934392661,250060,26997568,28307,97,98281,4172,31878,3,0
$$HAR,17:28:26,416007124,-934402597,249890,27024956,26708,97,98277,4172,31872,3,0
$$HAR,17:28:29,416007129,-934411611,249693,26993432,23037,97,98277,4172,31878,3,0
$$HAR,17:28:32,416007123,-934419066,249427,27011784,18449,97,98282,4172,31878,3,0
$$HAR,17:28:35,416007112,-934424762,248995,26946446,13115,97,98292,4173,31900,3,0
$$HAR,17:28:38,416007113,-934428454,248834,26980434,7554,97,98302,4173,31907,3,0
$$HAR,17:28:41,416007121,-934430314,248449,27014268,2751,97,98312,4173,31913,3,0
$$HAR,17:28:44,416007126,-934430740,248309,27077998,98,97,98322,4173,31913,3,0
$$HAR,17:28:47,416007112,-934430746,248385,27077998,20,97,98330,4174,31903,3,0
$$HAR,17:28:50,416007105,-934430739,248439,27077998,64,97,98336,4174,31879,3,0
$$HAR,17:28:53,416007100,-934430730,248435,27077998,24,97,98339,4174,31862,3,0
$$HAR,17:28:56,416007092,-934430729,248325,27077998,56,97,98345,4174,31851,3,0
$$HAR,17:28:59,416007099,-934430746,248347,27077998,45,97,98349,4175,31841,3,0
$$HAR,17:29:2,416007103,-934430742,248532,27077998,100,97,98349,4175,31834,3,0
$$HAR,17:29:5,416007103,-934430742,248528,27077998,75,97,98351,4175,31829,3,0
$$HAR,17:29:8,416007115,-934430772,248394,27374016,359,97,98351,4176,31832,3,0
$$HAR,17:29:11,416007124,-934431131,248433,27175670,1462,97,98353,4176,31832,3,0
$$HAR,17:29:14,416007124,-934431496,248360,26982106,371,97,98353,4176,31826,3,0
$$HAR,17:29:17,416007117,-934431505,248245,26982106,92,97,98353,4176,31814,3,0
$$HAR,17:29:20,416007119,-934431497,248277,26982106,8,97,98355,4176,31826,3,0
$$HAR,17:29:23,416007123,-934431677,248592,27233702,1500,97,98355,4177,31808,3,0
$$HAR,17:29:26,416007121,-934432712,248577,27007950,3899,97,98357,4177,31797,3,0
$$HAR,17:29:29,416007118,-934434313,248315,27035350,4774,97,98357,4177,31785,3,0
$$HAR,17:29:32,416007130,-934436131,248056,27042274,5900,97,98355,4177,31785,3,0
$$HAR,17:29:35,416007152,-934438703,247758,27016718,8451,97,98357,4178,31777,3,0
$$HAR,17:29:38,416007164,-934442099,247439,27000870,10453,97,98357,4178,31771,3,0
$$HAR,17:29:41,416007176,-934446245,246925,26992346,12648,102,98357,4178,31766,3,0
$$HAR,17:29:44,416007151,-934451294,246238,26967618,15314,102,98359,4178,31760,3,0
$$HAR,17:29:47,416007152,-934457101,244950,27009712,16737,102,98361,4178,31755,3,0
$$HAR,17:29:50,416007147,-934463367,243107,26959648,18183,102,98365,4178,31760,3,0
$$HAR,17:29:53,416007119,-934470127,240367,26967264,19425,117,98373,4178,31760,3,0
$$HAR,17:29:56,416007106,-934477366,237116,27025416,20828,109,98388,4178,31760,3,0
$$HAR,17:29:59,416007119,-934485083,235001,27011424,21789,97,98410,4179,31766,3,0
$$HAR,17:30:2,416007123,-934492890,233482,26997244,21702,97,98422,4179,31766,3,0
$$HAR,17:30:5,416007111,-934500648,233692,26966500,21219,97,98433,4179,31771,3,0
$$HAR,17:30:8,416007094,-934508032,234393,26980516,20023,99,98445,4179,31771,3,0
$$HAR,17:30:11,416007074,-934515296,233951,27001516,20716,97,98455,4179,31771,3,0
$$HAR,17:30:14,416007077,-934522960,233648,27013054,21878,97,98463,4179,31766,3,0
$$HAR,17:30:17,416007082,-934530783,233593,26998028,21629,97,98477,4179,31755,3,0
$$HAR,17:30:20,416007064,-934538509,235410,26966276,20824,97,98479,4179,31755,3,0
$$HAR,17:30:23,416007038,-934545794,238260,27019360,20128,99,98477,4180,31752,3,0
$$HAR,17:30:26,416007052,-934553247,240752,26981578,21241,97,98463,4180,31746,3,0
$$HAR,17:30:29,416007054,-934561150,241865,27001440,22559,97,98449,4180,31741,3,0
$$HAR,17:30:32,416007041,-934569339,241568,26934982,23083,97,98430,4180,31717,3,0
$$HAR,17:30:35,416006989,-934577797,240748,26806938,24128,142,98420,4180,31711,3,0
$$HAR,17:30:38,416006857,-934586572,240684,26853766,25186,101,98416,4180,31711,3,0
$$HAR,17:30:41,416006606,-934595911,240271,26674588,26461,98,98416,4181,31706,3,0
$$HAR,17:30:44,416006090,-934605537,240416,26467164,27150,98,98410,4181,31706,3,0
$$HAR,17:30:47,416005337,-934615217,240377,26296120,26822,98,98402,4181,31695,3,0
$$HAR,17:30:50,416004367,-934624680,240399,26069068,26345,97,98396,4181,31706,3,0
$$HAR,17:30:53,416003225,-934633910,240815,26038236,25408,102,98396,4181,31700,3,0
$$HAR,17:30:56,416002147,-934642750,240968,26072064,24299,102,98392,4181,31695,3,0
$$HAR,17:30:59,416001108,-934651233,241244,26046250,23601,102,98390,4181,31695,3,0
$$HAR,17:31:2,416000086,-934659656,241533,26098192,23732,97,98388,4181,31689,3,0
$$HAR,17:31:5,415999064,-934668127,242655,26063178,23828,97,98386,4182,31683,3,0
$$HAR,17:31:8,415998032,-934676427,243696,26048968,22887,97,98381,4182,31683,3,0
$$HAR,17:31:11,415997013,-934684542,245124,26014360,23056,102,98375,4182,31671,3,0
$$HAR,17:31:14,415995963,-934692818,246163,26021218,23252,105,98365,4182,31665,3,0
$$HAR,17:31:17,415994947,-934701144,247708,26094948,23712,102,98353,4182,31654,3,0
$$HAR,17:31:20,415993907,-934709699,249083,26075274,24296,100,98339,4182,31643,3,0
$$HAR,17:31:23,415992828,-934718451,250466,26073966,25130,102,98324,4182,31631,3,0
$$HAR,17:31:26,415991704,-934727545,251848,26076912,25896,102,98306,4182,31631,3,0
$$HAR,17:31:29,415990578,-934736732,253082,26071176,25800,102,98290,4182,31625,3,0
$$HAR,17:31:32,415989440,-934745915,254800,26056096,26040,105,98275,4183,31615,3,0
$$HAR,17:31:35,415988283,-934755289,256489,26062106,26614,102,98255,4183,31610,3,0
$$HAR,17:31:38,415987135,-934764672,257603,26122924,26131,102,98241,4183,31598,3,0
$$HAR,17:31:41,415986178,-934773801,258709,26310386,25061,102,98224,4183,31586,3,0
$$HAR,17:31:44,415985505,-934782210,259645,26491776,21515,97,98200,4183,31580,3,0
$$HAR,17:31:47,415985083,-934789577,260008,26616538,19666,97,98190,4183,31593,3,0
$$HAR,17:31:50,415984804,-934796506,260039,26780426,19044,97,98182,4183,31593,3,0
$$HAR,17:31:53,415984676,-934803321,259450,26938064,18770,97,98172,4183,31575,3,0
$$HAR,17:31:56,415984661,-934810027,259047,27015256,18772,97,98170,4183,31569,3,0
$$HAR,17:31:59,415984760,-934816900,258116,27147320,19820,97,98172,4183,31569,3,0
$$HAR,17:32:2,415984975,-934824146,256578,27288038,20719,97,98176,4184,31575,3,0
$$HAR,17:32:5,415985207,-934831858,254708,27204914,22127,97,98182,4184,31564,3,0
$$HAR,17:32:8,415985428,-934840086,252930,27196332,23660,97,98194,4184,31564,3,0
$$HAR,17:32:11,415985685,-934848707,251657,27216418,24093,97,98206,4184,31558,3,0
$$HAR,17:32:14,415985943,-934857194,251859,27217966,23141,97,98224,4185,31562,3,0
$$HAR,17:32:17,415986167,-934865284,252651,27190078,21773,97,98234,4185,31562,3,0
$$HAR,17:32:20,415986375,-934872912,253594,27193928,20587,97,98243,4185,31568,3,1
$$HAR,17:32:23,415986581,-934879968,254225,27218640,18624,97,98249,4185,31562,3,0
$$HAR,17:32:26,415986754,-934885850,254449,27214722,14288,97,98251,4185,31562,3,0
$$HAR,17:32:29,415986763,-934890638,254187,26698324,13084,97,98255,4186,31562,3,0
$$HAR,17:32:32,415986659,-934895439,253738,26986340,13162,97,98259,4186,31562,3,0
$$HAR,17:32:35,415986565,-934900096,252895,26830852,12817,97,98263,4186,31539,3,0
$$HAR,17:32:38,415986547,-934904303,251996,27167182,10103,97,98267,4186,31539,3,0
$$HAR,17:32:41,415986628,-934907163,250973,27316246,5896,97,98273,4186,31539,3,0
$$HAR,17:32:44,415986683,-934908652,250492,27243330,2317,97,98281,4187,31563,3,0
$$HAR,17:32:47,415986694,-934909135,250097,27219596,635,97,98292,4187,31575,3,0
$$HAR,17:32:50,415986707,-934909205,250197,27219596,12,97,98298,4187,31569,3,0
$$HAR,17:32:53,415986704,-934909207,250259,27219596,74,97,98304,4187,31558,3,0
$$HAR,17:32:56,415986714,-934909423,250302,27128372,1447,97,98308,4187,31540,3,0
$$HAR,17:32:59,415986766,-934910612,250075,27266314,5073,97,98310,4188,31529,3,0
$$HAR,17:33:2,415986628,-934912758,250083,25363894,7379,97,98314,4188,31512,3,0
$$HAR,17:33:5,415985101,-934915339,249427,22781724,10821,130,98316,4188,31494,3,0
$$HAR,17:33:8,415982632,-934916169,251222,19036798,9619,103,98316,4188,31471,3,0
$$HAR,17:33:11,415980335,-934916439,252902,18351694,7279,103,98316,4189,31456,3,0
$$HAR,17:33:14,415978855,-934916541,253418,18989284,3731,103,98316,4189,31444,3,0
$$HAR,17:33:17,415978130,-934917320,252617,23515020,4349,103,98316,4189,31444,3,0
$$HAR,17:33:20,415977985,-934918766,251474,26736506,3916,103,98314,4189,31468,3,0
$$HAR,17:33:23,415978016,-934920277,251255,27257518,4241,97,98314,4190,31469,3,0
$$HAR,17:33:26,415978174,-934921342,252162,28981268,2400,102,98314,4190,31469,3,0
$$HAR,17:33:29,415978860,-934921910,252662,33233300,3249,102,98312,4190,31469,3,0
$$HAR,17:33:32,415979404,-934922263,253333,32069744,1202,106,98314,4190,31458,3,0
$$HAR,17:33:35,415979396,-934922584,253773,27538618,407,99,98312,4190,31428,3,0
$$HAR,17:33:38,415979374,-934922624,253871,27538618,73,106,98312,4191,31400,3,0
$$HAR,17:33:41,415979392,-934922602,253542,27538618,48,106,98310,4191,31377,3,0
$$HAR,17:33:44,415979395,-934922564,253618,27538618,57,106,98314,4191,31342,3,0
$$HAR,17:33:47,415979395,-934922524,253456,27538618,47,106,98314,4191,31336,3,0
$$HAR,17:33:50,415979389,-934922491,253568,27538618,30,99,98314,4191,31353,3,0
$$HAR,17:33:53,415979367,-934922479,254024,27538618,43,99,98314,4192,31362,3,0
$$HAR,17:33:56,415979352,-934922511,254276,27538618,51,102,98314,4192,31367,3,0
$$HAR,17:33:59,415979320,-934922508,254817,27538618,105,101,98314,4192,31367,3,0
$$HAR,17:34:2,415979287,-934922504,255492,27538618,89,101,98314,4192,31362,3,0
$$HAR,17:34:5,415979256,-934922472,256030,27538618,36,101,98314,4192,31367,3,0
$$HAR,17:34:8,415979226,-934922438,256593,27538618,56,99,98314,4192,31373,3,0
$$HAR,17:34:11,415979217,-934922414,256985,27538618,64,99,98312,4193,31363,3,0
$$HAR,17:34:14,415979206,-934922375,257323,27538618,55,99,98312,4193,31370,3,0
$$HAR,17:34:17,415979194,-934922335,257520,27538618,56,99,98312,4193,31357,3,0
$$HAR,17:34:20,415979182,-934922290,257873,27538618,17,99,98312,4193,31357,3,0
$$HAR,17:34:23,415979188,-934922262,257605,27538618,22,99,98312,4193,31357,3,0
$$HAR,17:34:26,415979200,-934922249,257257,27538618,34,99,98312,4193,31357,3,0
$$HAR,17:34:29,415979200,-934922221,257274,27538618,64,97,98312,4193,31357,3,0
$$HAR,17:34:32,415979207,-934922198,257475,27538618,89,99,98316,4193,31357,3,0
$$HAR,17:34:35,415979216,-934922185,257465,27538618,63,99,98314,4193,31357,3,1
$$HAR,17:34:38,415979213,-934922176,257313,27538618,31,99,98316,4193,31346,3,0
$$HAR,17:34:41,415979210,-934922176,257237,27538618,18,99,98316,4193,31346,3,0
$$HAR,17:34:44,415979198,-934922176,257505,27538618,78,99,98316,4193,31352,3,0
$$HAR,17:34:47,415979193,-934922172,257565,27538618,45,97,98316,4193,31352,3,0
$$HAR,17:34:50,415979199,-934922207,257652,27538618,130,99,98316,4193,31357,3,0
$$HAR,17:34:53,415979203,-934922239,257508,27538618,31,99,98316,4193,31352,3,0
$$HAR,17:34:56,415979206,-934922275,257562,27538618,26,99,98316,4194,31348,3,0
$$HAR,17:34:59,415979216,-934922306,257662,27538618,15,99,98316,4194,31348,3,0
$$HAR,17:35:2,415979228,-934922355,257574,27538618,29,100,98314,4194,31348,3,0
$$HAR,17:35:5,415979220,-934922392,257688,27538618,56,100,98314,4194,31353,3,0
$$HAR,17:35:8,415979215,-934922433,257848,27538618,65,100,98314,4194,31348,3,0
$$HAR,17:35:11,415979211,-934922481,258234,27538618,35,102,98314,4194,31348,3,0
$$HAR,17:35:14,415979207,-934922526,258207,27538618,27,102,98314,4194,31348,3,0
$$HAR,17:35:17,415979210,-934922568,258188,27538618,46,108,98314,4194,31348,3,0
$$HAR,17:35:20,415979209,-934922601,258089,27538618,26,102,98314,4194,31353,3,0
$$HAR,17:35:23,415979218,-934922613,258434,27538618,77,108,98314,4194,31353,3,0
$$HAR,17:35:26,415979224,-934922607,258691,27538618,25,108,98314,4194,31348,3,0
$$HAR,17:35:29,415979229,-934922602,258439,27538618,39,108,98314,4194,31348,3,0
$$HAR,17:35:32,415979136,-934922661,258030,27538618,484,135,98314,4194,31348,3,0
$$HAR,17:35:35,415979169,-934922640,259235,27538618,70,112,98314,4194,31353,3,0
$$HAR,17:35:38,415979245,-934922636,259314,27538618,53,120,98314,4194,31353,3,0
$$HAR,17:35:41,415979293,-934922670,259057,27538618,145,118,98314,4194,31348,3,0
$$HAR,17:35:44,415979323,-934922688,258612,27538618,42,118,98314,4195,31348,3,0
$$HAR,17:35:47,415979350,-934922702,258183,27538618,82,118,98314,4195,31360,3,0
$$HAR,17:35:50,415979358,-934922697,257848,27538618,32,118,98314,4195,31360,3,0
$$HAR,17:35:53,415979368,-934922707,257749,27538618,71,117,98314,4195,31353,3,0
$$HAR,17:35:56,415979361,-934922702,257490,27538618,20,108,98316,4195,31353,3,0
$$HAR,17:35:59,415979358,-934922719,257016,27538618,45,112,98316,4195,31353,3,0
$$HAR,17:36:2,415979356,-934922728,256641,27538618,23,112,98316,4195,31360,3,0
$$HAR,17:36:5,415979341,-934922723,256474,27538618,46,108,98314,4195,31360,3,0
$$HAR,17:36:8,415979329,-934922724,256388,27538618,46,108,98314,4195,31360,3,0
$$HAR,17:36:11,415979321,-934922710,256184,27538618,18,106,98314,4196,31370,3,0
$$HAR,17:36:14,415979320,-934922698,256368,27538618,20,111,98314,4196,31363,3,0
$$HAR,17:36:17,415979319,-934922707,256201,27538618,29,105,98314,4196,31375,3,0
$$HAR,17:36:20,415979318,-934922693,256427,27538618,61,105,98312,4196,31370,3,0
$$HAR,17:36:23,415979330,-934922698,256222,27538618,80,106,98312,4196,31363,3,0
$$HAR,17:36:26,415979340,-934922686,256118,27538618,12,105,98312,4196,31370,3,0
$$HAR,17:36:29,415979356,-934922683,255739,27538618,66,105,98312,4196,31363,3,0
$$HAR,17:36:32,415979372,-934922692,255268,27538618,78,105,98312,4196,31375,3,0
$$HAR,17:36:35,415979377,-934922676,254933,27538618,28,105,98312,4196,31370,3,0
$$HAR,17:36:38,415979376,-934922661,254426,27538618,8,105,98312,4196,31375,3,0
$$HAR,17:36:41,415979380,-934922641,253673,27538618,50,105,98312,4197,31375,3,0
$$HAR,17:36:44,415979373,-934922640,253169,27538618,21,108,98312,4197,31370,3,0
$$HAR,17:36:47,415979379,-934922615,252610,27538618,33,108,98312,4197,31370,3,0
$$HAR,17:36:50,415979385,-934922597,252757,27538618,39,105,98312,4197,31375,3,0
$$HAR,17:36:53,415979389,-934922580,252394,27538618,51,108,98314,4197,31381,3,0
$$HAR,17:36:56,415979378,-934922588,251584,27538618,65,108,98316,4197,31375,3,0
$$HAR,17:36:59,415979375,-934922595,251022,27538618,21,108,98314,4198,31377,3,0
$$HAR,17:37:2,415979384,-934922624,250333,27538618,47,108,98316,4198,31377,3,0
$$HAR,17:37:5,415979397,-934922650,250290,27538618,119,108,98316,4198,31388,3,0
$$HAR,17:37:8,415979406,-934922667,250343,27538618,74,125,98316,4198,31382,3,0
$$HAR,17:37:11,415979414,-934922682,250282,27538618,26,111,98316,4198,31382,3,0
$$HAR,17:37:14,415979425,-934922705,250368,27538618,70,111,98316,4198,31382,3,0
$$HAR,17:37:17,415979429,-934922723,250332,27538618,63,115,98316,4198,31382,3,0
$$HAR,17:37:20,415979427,-934922724,250456,27538618,50,115,98316,4198,31388,3,0
$$HAR,17:37:23,415979410,-934922706,250516,27538618,70,115,98316,4199,31388,3,0
$$HAR,17:37:26,415979401,-934922673,251207,27538618,101,111,98316,4199,31382,3,0
$$HAR,17:37:29,415979393,-934922637,251755,27538618,49,111,98316,4199,31382,3,0
$$HAR,17:37:32,415979385,-934922606,252305,27538618,49,111,98316,4199,31382,3,0
$$HAR,17:37:35,415979382,-934922573,253003,27538618,26,111,98316,4199,31394,3,0
$$HAR,17:37:38,415979381,-934922551,253124,27538618,29,111,98316,4199,31388,3,0
$$HAR,17:37:41,415979373,-934922509,253299,27538618,17,111,98318,4200,31392,3,0
$$HAR,17:37:44,415979366,-934922521,253085,27538618,51,115,98318,4200,31392,3,0
$$HAR,17:37:47,415979363,-934922536,253094,27538618,39,115,98316,4200,31397,3,0
$$HAR,17:37:50,415979358,-934922526,253032,27538618,24,104,98316,4200,31397,3,0
$$HAR,17:37:53,415979355,-934922522,252829,27538618,68,104,98316,4200,31392,3,0
$$HAR,17:37:56,415979352,-934922515,252490,27538618,46,104,98316,4201,31392,3,1
$$HAR,17:37:59,415979341,-934922515,252280,27538618,63,104,98316,4201,31397,3,0
$$HAR,17:38:2,415979331,-934922509,252510,27538618,124,106,98316,4201,31397,3,0
$$HAR,17:38:5,415979328,-934922501,252778,27538618,52,115,98314,4201,31397,3,0
$$HAR,17:38:8,415979327,-934922490,252823,27538618,34,115,98314,4201,31397,3,0
$$HAR,17:38:11,415979325,-934922499,252861,27538618,30,115,98318,4202,31386,3,1
$$HAR,17:38:14,415979324,-934922501,252908,27538618,17,115,98316,4202,31392,3,0
$$HAR,17:38:17,415979327,-934922521,253131,27538618,57,117,98316,4202,31397,3,0
$$HAR,17:38:20,415979330,-934922523,253116,27538618,27,117,98316,4202,31397,3,0
$$HAR,17:38:23,415979339,-934922523,253081,27538618,35,115,98316,4202,31397,3,0
$$HAR,17:38:26,415979343,-934922514,253174,27538618,46,108,98316,4203,31400,3,0
$$HAR,17:38:29,415979357,-934922547,252844,27538618,48,108,98316,4203,31400,3,0
$$HAR,17:38:32,415979374,-934922608,251948,27538618,65,110,98314,4203,31406,3,0
$$HAR,17:38:35,415979138,-934922759,250927,24739684,145,108,98314,4203,31400,3,0
$$HAR,17:38:38,415979313,-934922731,251944,24739684,24,108,98320,4204,31400,3,0
$$HAR,17:38:41,415979342,-934922684,252174,24739684,65,102,98318,4204,31400,3,1
$$HAR,17:38:44,415979368,-934922681,252632,24739684,117,102,98318,4204,31393,3,0
$$HAR,17:38:47,415979425,-934922641,252217,24739684,37,108,98316,4204,31406,3,0
$$HAR,17:38:50,415979455,-934922615,252216,24739684,12,108,98316,4204,31400,3,0
$$HAR,17:38:53,415979485,-934922592,252392,24739684,44,108,98316,4205,31403,3,0
$$HAR,17:38:56,415979492,-934922558,252944,24739684,86,108,98314,4205,31397,3,0
$$HAR,17:38:59,415979496,-934922509,253425,24739684,20,110,98314,4205,31409,3,0
$$HAR,17:39:2,415979491,-934922472,254046,24739684,38,112,98314,4205,31403,3,0
$$HAR,17:39:5,415979492,-934922466,254320,24739684,25,112,98316,4206,31403,3,0
$$HAR,17:39:8,415979479,-934922455,254570,24739684,40,112,98316,4206,31397,3,0
$$HAR,17:39:11,415979466,-934922437,255085,24739684,62,112,98314,4207,31406,3,0
$$HAR,17:39:14,415979460,-934922433,255391,24739684,31,110,98314,4207,31406,3,0
$$HAR,17:39:17,415979461,-934922446,255458,24739684,67,110,98312,4207,31406,3,0
$$HAR,17:39:20,415979452,-934922456,255439,24739684,102,131,98314,4208,31400,3,1
$$HAR,17:39:23,415979436,-934922454,255762,24739684,71,110,98316,4208,31406,3,0
$$HAR,17:39:26,415979436,-934922475,256005,24739684,18,110,98316,4208,31411,3,0
$$HAR,17:39:29,415979427,-934922489,256064,24739684,102,110,98316,4208,31411,3,0
$$HAR,17:39:32,415979435,-934922508,256086,24739684,67,110,98314,4209,31397,3,0
$$HAR,17:39:35,415979427,-934922519,255855,24739684,36,110,98314,4209,31397,3,0
$$HAR,17:39:38,415979422,-934922528,255843,24739684,49,110,98314,4209,31403,3,0
$$HAR,17:39:41,415979409,-934922538,256101,24739684,24,110,98314,4209,31403,3,0
$$HAR,17:39:44,415979413,-934922543,255336,24739684,68,114,98314,4210,31403,3,0
$$HAR,17:39:47,415979404,-934922548,255282,24739684,40,113,98316,4210,31397,3,1
$$HAR,17:39:50,415979397,-934922552,254944,24739684,66,113,98316,4210,31397,3,0
$$HAR,17:39:53,415979397,-934922566,254550,24739684,120,113,98316,4210,31397,3,0
$$HAR,17:39:56,415979386,-934922580,253870,24739684,58,113,98316,4211,31400,3,0
$$HAR,17:39:59,415979374,-934922589,253120,24739684,185,110,98314,4211,31400,3,0
$$HAR,17:40:2,415979362,-934922602,252439,24739684,63,110,98314,4211,31394,3,0
$$HAR,17:40:5,415979359,-934922598,251838,24739684,29,112,98314,4212,31401,3,0
$$HAR,17:40:8,415979360,-934922594,251558,24739684,36,107,98316,4212,31396,3,0
$$HAR,17:40:11,415979369,-934922584,251090,24739684,46,107,98316,4212,31401,3,0
$$HAR,17:40:14,415979373,-934922588,250331,24739684,81,103,98316,4213,31390,3,0
$$HAR,17:40:17,415979378,-934922596,249802,24739684,47,106,98316,4213,31401,3,0
$$HAR,17:40:20,415979394,-934922549,248960,14663540,438,103,98316,4213,31396,3,0
$$HAR,17:40:23,415979499,-934922323,247957,5660111,1130,100,98316,4214,31397,3,0
$$HAR,17:40:26,415979582,-934922248,248479,5086320,105,107,98316,4214,31386,3,0
$$HAR,17:40:29,415979332,-934922370,249673,18372078,2320,105,98318,4214,31386,3,0
$$HAR,17:40:32,415978447,-934922265,251017,17466394,3899,99,98318,4214,31386,3,0
$$HAR,17:40:35,415977444,-934922279,252813,17920740,3706,105,98316,4215,31371,3,0
$$HAR,17:40:38,415976460,-934922090,254457,17895564,2732,112,98316,4215,31382,3,0
$$HAR,17:40:41,415975981,-934922188,255042,18091438,789,104,98316,4215,31387,3,0
$$HAR,17:40:44,415975933,-934922207,255112,18018488,68,103,98316,4216,31407,3,0
$$HAR,17:40:47,415975928,-934922193,255798,18018488,58,104,98318,4216,31412,3,0
$$HAR,17:40:50,415975919,-934922175,256231,18018488,31,103,98320,4216,31412,3,0
$$HAR,17:40:53,415975928,-934922167,256503,18018488,61,103,98320,4216,31401,3,0
$$HAR,17:40:56,415975844,-934922155,256584,18091698,1324,103,98320,4217,31407,3,0
$$HAR,17:40:59,415975463,-934922134,256458,17927234,1002,102,98320,4217,31401,3,0
$$HAR,17:41:2,415975048,-934922106,256252,17359746,2385,102,98318,4217,31395,3,0
$$HAR,17:41:5,415974268,-934921761,256167,15691910,3651,102,98318,4218,31397,3,0
$$HAR,17:41:8,415973733,-934921052,255939,12590086,2775,102,98322,4218,31391,3,0
$$HAR,17:41:11,415973837,-934920047,256003,6542094,4010,102,98322,4218,31386,3,0
$$HAR,17:41:14,415975031,-934919559,256442,1202686,5543,102,98322,4219,31380,3,0
$$HAR,17:41:17,415976432,-934919208,256590,1523153,4876,102,98320,4219,31351,3,0
$$HAR,17:41:20,415977197,-934918333,256510,5641337,3711,102,98320,4219,31345,3,0
$$HAR,17:41:23,415977285,-934917794,255424,6215304,48,102,98318,4220,31366,3,0
$$HAR,17:41:26,415977277,-934917765,255469,6394760,744,102,98316,4220,31395,3,0
$$HAR,17:41:29,415977067,-934916883,254739,11498880,3948,102,98320,4220,31377,3,0
$$HAR,17:41:32,415975788,-934916028,255166,16492136,7230,102,98318,4221,31372,3,0
$$HAR,17:41:35,415973725,-934915630,255766,17674792,7688,102,98314,4221,31372,3,0
$$HAR,17:41:38,415972147,-934915515,256570,17379592,4586,102,98308,4221,31366,3,0
$$HAR,17:41:41,415970826,-934914455,257333,14043478,6704,102,98304,4221,31361,3,0
$$HAR,17:41:44,415970215,-934912091,257584,10035120,6862,102,98298,4222,31337,3,0
$$HAR,17:41:47,415970222,-934910335,257345,8004218,2776,102,98294,4222,31309,3,0
$$HAR,17:41:50,415970876,-934910136,257190,34024804,3942,102,98296,4222,31309,3,0
$$HAR,17:41:53,415971273,-934911822,256257,28086636,5332,102,98294,4223,31288,3,0
$$HAR,17:41:56,415971407,-934912805,255697,28169738,772,102,98292,4223,31265,3,0
$$HAR,17:41:59,415971404,-934912828,255082,28169738,49,102,98292,4224,31284,3,0
$$HAR,17:42:2,415971440,-934913001,254449,28863134,1117,102,98294,4224,31312,3,0
$$HAR,17:42:5,415971893,-934913865,253764,31589600,5226,103,98294,4225,31278,3,0
$$HAR,17:42:8,415973837,-934914486,253221,35869348,9848,102,98292,4226,31266,3,0
$$HAR,17:42:11,415976519,-934914526,252144,35632356,9087,102,98292,4226,31266,3,0
$$HAR,17:42:14,415978404,-934914717,251265,35607704,5094,102,98294,4226,31260,3,0
$$HAR,17:42:17,415979350,-934914764,250975,35923344,2722,102,98302,4227,31299,3,0
$$HAR,17:42:20,415979884,-934914793,251478,159798,2001,102,98306,4227,31311,3,0
$$HAR,17:42:23,415980312,-934914775,251200,52009,1021,102,98308,4228,31276,3,0
$$HAR,17:42:26,415980647,-934914761,251605,131010,1951,102,98312,4228,31259,3,0
$$HAR,17:42:29,415981572,-934914709,251719,314693,5189,102,98316,4229,31260,3,0
$$HAR,17:42:32,415983365,-934914628,252013,249054,7658,102,98320,4229,31255,3,0
$$HAR,17:42:35,415985504,-934914940,251458,33809256,8281,102,98322,4229,31249,3,0
$$HAR,17:42:38,415987195,-934916964,250904,29529656,9063,102,98322,4230,31245,3,0
$$HAR,17:42:41,415987628,-934920472,249531,27183172,11001,102,98324,4230,31239,3,0
$$HAR,17:42:44,415987771,-934924776,248274,27218878,13333,102,98326,4231,31234,3,0
$$HAR,17:42:47,415987965,-934929953,246533,27387472,15362,102,98334,4231,31223,3,0
$$HAR,17:42:50,415988330,-934935525,245074,27484862,14972,102,98337,4231,31223,3,0
$$HAR,17:42:53,415988555,-934940764,243479,27232522,14075,102,98343,4232,31224,3,0
$$HAR,17:42:56,415988752,-934945481,241762,27217452,11412,102,98353,4232,31230,3,0
$$HAR,17:42:59,415988852,-934949243,240547,27150504,10017,102,98369,4233,31241,3,0
$$HAR,17:43:2,415989048,-934952699,239553,28274510,9472,102,98381,4233,31248,3,0
$$HAR,17:43:5,415990504,-934955205,238289,33366150,9395,102,98392,4234,31238,3,0
$$HAR,17:43:8,415993074,-934956551,237986,34467516,11994,139,98404,4234,31255,3,0
$$HAR,17:43:11,415996562,-934957814,237709,34520576,14418,124,98414,4235,31263,3,0
$$HAR,17:43:14,416000557,-934959166,237653,34504960,16092,115,98422,4235,31239,3,0
$$HAR,17:43:17,416004878,-934960645,237757,34570668,17099,115,98426,4235,31216,3,0
$$HAR,17:43:20,416009692,-934962173,237369,34669064,19313,115,98428,4236,31200,3,0
$$HAR,17:43:23,416014944,-934963519,236877,35123356,20862,113,98428,4236,31189,3,0
$$HAR,17:43:26,416020659,-934964356,236626,35623940,21727,101,98428,4236,31178,3,0
$$HAR,17:43:29,416026581,-934964550,237028,162784,22438,101,98426,4237,31178,3,0
$$HAR,17:43:32,416032835,-934963968,237320,599112,23984,101,98431,4237,31184,3,0
$$HAR,17:43:35,416039557,-934962843,237361,771409,25803,101,98431,4237,31172,3,0
$$HAR,17:43:38,416046583,-934961486,237303,840159,26692,101,98430,4238,31174,3,0
$$HAR,17:43:41,416053883,-934959975,237179,934461,28205,101,98428,4238,31163,3,0
$$HAR,17:43:44,416061526,-934958310,236975,946922,29325,101,98426,4238,31157,3,0
$$HAR,17:43:47,416069446,-934956518,236431,977772,30038,101,98428,4238,31145,3,0
$$HAR,17:43:50,416077532,-934954743,236684,956857,30613,101,98430,4239,31153,3,0
$$HAR,17:43:53,416085733,-934952943,236734,921761,31094,101,98435,4239,31142,3,0
$$HAR,17:43:56,416094041,-934951116,236177,956112,31188,101,98437,4239,31135,3,0
$$HAR,17:43:59,416102335,-934949271,236116,948163,31100,101,98437,4240,31120,3,1
$$HAR,17:44:2,416110640,-934947439,236254,952361,31279,101,98439,4240,31114,3,0
$$HAR,17:44:5,416118925,-934945610,236007,952838,30883,101,98441,4240,31120,3,0
$$HAR,17:44:8,416127074,-934943801,236034,938548,30455,101,98445,4240,31108,3,0
$$HAR,17:44:11,416135284,-934941989,236199,939886,30941,101,98451,4241,31103,3,0
$$HAR,17:44:14,416143517,-934940159,236868,962215,30940,101,98453,4241,31092,3,0
$$HAR,17:44:17,416151745,-934938341,237922,947747,30860,101,98453,4241,31086,3,0
$$HAR,17:44:20,416159949,-934936506,238639,944092,30559,101,98451,4242,31087,3,0
$$HAR,17:44:23,416167989,-934934753,239755,934070,29772,101,98449,4242,31071,3,0
$$HAR,17:44:26,416175828,-934932994,240340,997405,29147,101,98445,4242,31058,3,0
$$HAR,17:44:29,416183530,-934931242,241370,935826,28631,101,98443,4242,31053,3,0
$$HAR,17:44:32,416191242,-934929738,242331,654679,29200,101,98441,4243,31049,3,0
$$HAR,17:44:35,416199219,-934929060,243227,102188,30079,101,98433,4243,31026,3,0
$$HAR,17:44:38,416207321,-934929496,243674,35474612,29848,101,98428,4243,31014,3,0
$$HAR,17:44:41,416215244,-934931162,243708,34754700,29557,101,98422,4244,30997,3,0
$$HAR,17:44:44,416222893,-934933956,242916,34174756,29254,101,98418,4244,30991,3,0
$$HAR,17:44:47,416230217,-934937810,241381,33533364,29058,101,98414,4244,30991,3,0
$$HAR,17:44:50,416237119,-934942687,239720,32904180,29143,102,98416,4244,30986,3,0
$$HAR,17:44:53,416243665,-934948570,237341,32266532,29422,102,98418,4245,30978,3,0
$$HAR,17:44:56,416249873,-934955194,234576,31991044,29494,102,98426,4245,30966,3,0
$$HAR,17:44:59,416256001,-934961957,232994,32080602,29326,101,98437,4246,30961,3,0
$$HAR,17:45:2,416262164,-934968677,232674,32043458,29602,120,98447,4246,30972,3,0
$$HAR,17:45:5,416268318,-934975427,233036,32031850,29311,120,98455,4246,30961,3,0
$$HAR,17:45:8,416274410,-934982088,233309,32027638,29044,120,98457,4247,30951,3,0
$$HAR,17:45:11,416280467,-934988752,233396,32055886,29205,113,98459,4247,30946,3,0
$$HAR,17:45:14,416286589,-934995461,233615,32110684,29587,101,98459,4247,30940,3,0
$$HAR,17:45:17,416292973,-935001923,234178,32443920,29774,101,98455,4248,30927,3,0
$$HAR,17:45:20,416299632,-935007951,234027,32733524,29764,101,98449,4248,30911,3,0
$$HAR,17:45:23,416306493,-935013467,234009,33032104,29788,108,98443,4248,30905,3,0
$$HAR,17:45:26,416313646,-935018597,234233,33333630,30329,108,98441,4248,30900,3,0
$$HAR,17:45:29,416320945,-935023358,234131,33431546,29754,107,98435,4249,30895,3,0
$$HAR,17:45:32,416328170,-935028013,234585,33411496,29632,113,98430,4249,30883,3,0
$$HAR,17:45:35,416335316,-935032636,235324,33326466,28448,114,98424,4249,30866,3,0
$$HAR,17:45:38,416342317,-935037156,236060,33507936,29277,114,98414,4250,30857,3,0
$$HAR,17:45:41,416349345,-935041718,237393,33452518,28438,138,98410,4250,30845,3,0
$$HAR,17:45:44,416356155,-935046068,237702,33456150,27556,121,98406,4250,30840,3,0
$$HAR,17:45:47,416362762,-935050281,238700,33456960,27043,115,98400,4251,30834,3,0
$$HAR,17:45:50,416369319,-935054473,239410,33442890,27027,113,98394,4251,30828,3,0
$$HAR,17:45:53,416375968,-935058699,240457,33455586,27660,113,98384,4251,30811,3,0
$$HAR,17:45:56,416382652,-935062928,241619,33465498,27019,113,98375,4252,30812,3,0
$$HAR,17:45:59,416389052,-935067001,243143,33430484,25640,105,98365,4252,30795,3,0
$$HAR,17:46:2,416395326,-935071002,244472,33449576,25960,105,98349,4252,30790,3,0
$$HAR,17:46:5,416401770,-935075108,245894,33427656,26916,105,98336,4253,30778,3,0
$$HAR,17:46:8,416408428,-935079376,247223,33451620,27785,105,98318,4253,30761,3,0
$$HAR,17:46:11,416415265,-935083770,249240,33406130,28341,105,98296,4253,30755,3,0
$$HAR,17:46:14,416422094,-935088290,250925,33346762,28264,100,98281,4254,30740,3,0
$$HAR,17:46:17,416428949,-935092929,252514,33279834,28609,106,98259,4254,30729,3,0
$$HAR,17:46:20,416435778,-935097668,254447,33256704,28215,106,98237,4255,30712,3,0
$$HAR,17:46:23,416442586,-935102471,255863,33204862,28768,101,98210,4255,30707,3,0
$$HAR,17:46:26,416449528,-935107419,258155,33202208,29486,101,98188,4255,30707,3,0
$$HAR,17:46:29,416456635,-935112438,259319,33218658,30069,108,98166,4255,30690,3,0
$$HAR,17:46:32,416463824,-935117501,260281,33216290,30018,108,98149,4256,30680,3,0
$$HAR,17:46:35,416470945,-935122532,261049,33201424,29692,108,98135,4256,30675,3,0
$$HAR,17:46:38,416478070,-935127585,261454,33207856,30069,108,98121,4256,30669,3,0
$$HAR,17:46:41,416485296,-935132679,260680,33221180,30479,107,98108,4256,30669,3,0
$$HAR,17:46:44,416492579,-935137838,259531,33199156,30549,113,98102,4257,30654,3,0
$$HAR,17:46:47,416499823,-935142925,257626,33233476,30017,105,98100,4257,30654,3,0
$$HAR,17:46:50,416506826,-935147934,255292,33045794,28949,101,98104,4257,30654,3,0
$$HAR,17:46:53,416513540,-935153012,253435,33120112,28309,101,98115,4258,30661,3,0
$$HAR,17:46:56,416520257,-935157860,251311,33201616,28368,101,98131,4258,30661,3,0
$$HAR,17:46:59,416527058,-935162627,249648,33215940,28498,101,98147,4258,30661,3,0
$$HAR,17:47:2,416533858,-935167417,248543,33214174,28578,101,98166,4259,30661,3,0
$$HAR,17:47:5,416540675,-935172245,248151,33203350,28507,100,98182,4259,30661,3,0
$$HAR,17:47:8,416547581,-935177036,249234,33200870,29188,101,98196,4259,30666,3,0
$$HAR,17:47:11,416554605,-935182010,250884,33212662,29441,101,98204,4259,30655,3,0
$$HAR,17:47:14,416561610,-935186978,252810,33211066,29355,101,98206,4260,30648,3,0
$$HAR,17:47:17,416568618,-935191931,255581,33215778,29269,101,98198,4260,30641,3,0
$$HAR,17:47:20,416575638,-935196844,257773,33218962,29428,101,98192,4260,30641,3,0
$$HAR,17:47:20,416575638,-935196844,257773,33218962,29428,101,98180,4261,30630,3,0
$$HAR,17:47:26,416589405,-935206469,260201,33242618,27911,102,98170,4261,30625,3,0
$$HAR,17:47:29,416595730,-935210978,260968,33022896,25678,101,98159,4261,30619,3,0
$$HAR,17:47:32,416601303,-935216145,260578,31964542,24855,101,98149,4262,30619,3,0
$$HAR,17:47:35,416605940,-935222507,259732,30848356,24605,93,98145,4262,30614,3,0
$$HAR,17:47:38,416609591,-935230007,258164,29722378,25106,93,98147,4262,30601,3,0
$$HAR,17:47:41,416612086,-935238431,256901,28612554,25400,93,98149,4263,30598,3,0
$$HAR,17:47:44,416613269,-935247441,255090,27392384,25422,93,98153,4263,30586,3,0
$$HAR,17:47:47,416613066,-935256587,253770,26251018,25493,94,98163,4263,30580,3,0
$$HAR,17:47:50,416611559,-935265576,252426,25090676,25831,93,98174,4264,30575,3,0
$$HAR,17:47:53,416608619,-935274080,250420,23955784,26349,93,98190,4264,30586,3,0
$$HAR,17:47:56,416604430,-935281873,249198,23047798,26931,93,98204,4264,30580,3,0
$$HAR,17:47:59,416599690,-935289381,247378,22989912,27512,93,98224,4264,30563,3,0
$$HAR,17:48:2,416595018,-935296922,246204,23267348,26849,93,98235,4265,30561,3,0
$$HAR,17:48:5,416591121,-935305067,244706,24109016,26735,109,98247,4265,30566,3,0
$$HAR,17:48:8,416588195,-935314229,243653,25363870,28934,101,98259,4265,30561,3,0
$$HAR,17:48:11,416586112,-935324522,241903,25507282,29995,98,98271,4266,30566,3,0
$$HAR,17:48:14,416584091,-935334968,240486,25659858,29990,93,98282,4266,30566,3,0
$$HAR,17:48:17,416582474,-935345764,238455,25915752,30838,93,98296,4267,30563,3,0
$$HAR,17:48:20,416580912,-935356748,235856,25907052,31011,93,98312,4267,30545,3,0
$$HAR,17:48:23,416579349,-935367732,233769,25897974,30803,93,98330,4267,30551,3,0
$$HAR,17:48:26,416577780,-935378567,231422,25876502,30448,93,98349,4268,30545,3,0
$$HAR,17:48:29,416576217,-935389344,229126,25900966,30251,93,98369,4268,30540,3,0
$$HAR,17:48:32,416574700,-935400021,227230,25902282,30065,93,98390,4268,30540,3,0
$$HAR,17:48:35,416573199,-935410695,225269,25922634,30156,93,98414,4269,30541,3,0
$$HAR,17:48:38,416571671,-935421355,223193,25911522,30098,93,98433,4269,30548,3,0
$$HAR,17:48:41,416570136,-935431994,221107,25884242,29862,93,98453,4269,30548,3,0
$$HAR,17:48:44,416568592,-935442418,220525,25875836,29209,93,98483,4270,30550,3,0
$$HAR,17:48:47,416567057,-935452793,220027,25884226,29517,97,98503,4270,30544,3,0
$$HAR,17:48:50,416565523,-935463231,219946,25897640,29557,97,98524,4270,30544,3,0
$$HAR,17:48:53,416563997,-935473768,219623,25887712,30091,95,98534,4271,30538,3,0
$$HAR,17:48:56,416562415,-935484425,219162,25876912,30127,97,98542,4271,30533,3,0
$$HAR,17:48:59,416560857,-935494976,220123,25913050,29778,91,98546,4272,30524,3,0
$$HAR,17:49:2,416559306,-935505558,222966,25905544,30052,91,98548,4272,30524,3,0
$$HAR,17:49:5,416557758,-935516230,226002,25885586,30318,91,98542,4272,30513,3,0
$$HAR,17:49:8,416556165,-935526905,228432,25873910,30043,91,98534,4273,30495,3,0
$$HAR,17:49:11,416554605,-935537535,231014,25928806,30120,91,98520,4273,30479,3,0
$$HAR,17:49:14,416553231,-935548139,233518,26159422,29411,91,98501,4273,30473,3,0
$$HAR,17:49:17,416552190,-935558478,235931,26291194,28679,91,98483,4274,30458,3,0
$$HAR,17:49:20,416551269,-935568732,238071,26337964,28413,91,98453,4274,30452,3,0
$$HAR,17:49:23,416550432,-935578751,240174,26383444,27561,91,98430,4274,30452,3,0
$$HAR,17:49:26,416549616,-935588439,242338,26365654,26441,92,98406,4274,30440,3,0
$$HAR,17:49:29,416548818,-935597719,244944,26352328,25707,92,98383,4274,30423,3,0
$$HAR,17:49:32,416548114,-935606991,247172,26508724,26170,91,98363,4275,30414,3,0
$$HAR,17:49:35,416547591,-935616403,248382,26632060,26477,91,98339,4275,30408,3,0
$$HAR,17:49:38,416547191,-935626073,248169,26692314,27379,91,98318,4275,30390,3,0
$$HAR,17:49:41,416546761,-935635887,247843,26646150,27315,91,98302,4275,30379,3,0
$$HAR,17:49:44,416546349,-935645637,248185,26661228,26738,91,98292,4276,30375,3,0
$$HAR,17:49:47,416545984,-935655279,248024,26743220,26923,91,98286,4276,30375,3,0
$$HAR,17:49:50,416545734,-935665044,248345,26853966,27281,91,98281,4276,30380,3,0
$$HAR,17:49:53,416545644,-935674944,249298,26938748,27719,104,98277,4276,30364,3,0
$$HAR,17:49:56,416545627,-935684856,251252,27057992,26978,104,98271,4276,30358,3,0
$$HAR,17:49:59,416546247,-935694387,252866,28013360,26420,94,98265,4277,30346,3,0
$$HAR,17:50:2,416548170,-935703618,253249,29092128,26785,101,98253,4277,30340,3,0
$$HAR,17:50:5,416551396,-935712215,253125,30234654,26863,94,98243,4277,30346,3,0
$$HAR,17:50:8,416555666,-935720084,252228,30835616,26985,94,98237,4277,30346,3,0
$$HAR,17:50:11,416560205,-935727523,252701,31088312,26103,94,98234,4277,30346,3,0
$$HAR,17:50:14,416565180,-935733945,252901,32136716,25434,94,98230,4277,30346,3,0
$$HAR,17:50:17,416570946,-935739057,253204,33151998,25895,94,98230,4278,30343,3,0
$$HAR,17:50:20,416577416,-935742718,254587,34245756,26329,94,98230,4278,30331,3,0
$$HAR,17:50:23,416584347,-935745207,255662,34630436,27170,94,98224,4278,30325,3,0
$$HAR,17:50:26,416591657,-935747219,256352,35057612,28686,94,98220,4278,30319,3,0
$$HAR,17:50:29,416599409,-935748789,257364,35162504,29180,94,98204,4278,30297,3,0
$$HAR,17:50:32,416607189,-935750430,257744,35082340,29438,94,98196,4278,30285,3,0
$$HAR,17:50:35,416615158,-935752203,259612,34924452,30331,114,98190,4278,30279,3,0
$$HAR,17:50:38,416623340,-935753858,259880,35193248,31253,112,98184,4278,30274,3,0
$$HAR,17:50:41,416631754,-935755442,257973,35101600,31549,98,98184,4278,30268,3,1
$$HAR,17:50:44,416640140,-935757359,256632,34953632,31547,97,98192,4279,30268,3,0
$$HAR,17:50:47,416648457,-935759458,256409,34827620,31096,97,98198,4279,30279,3,0
$$HAR,17:50:50,416656602,-935761760,257154,34739296,30571,97,98204,4279,30274,3,0
$$HAR,17:50:53,416664581,-935764157,258361,34684028,30022,96,98204,4279,30274,3,0
$$HAR,17:50:56,416672515,-935766606,259528,34691500,30323,96,98200,4279,30268,3,0
$$HAR,17:50:59,416680470,-935769020,260153,34705100,30211,96,98196,4279,30268,3,0
$$HAR,17:51:2,416688450,-935771408,260081,34745832,29973,96,98188,4279,30262,3,0
$$HAR,17:51:5,416696289,-935773593,259656,34882472,29796,96,98180,4280,30254,3,0
$$HAR,17:51:8,416704228,-935775388,258306,35205248,29759,96,98180,4280,30254,3,0
$$HAR,17:51:11,416712304,-935776519,256774,35506224,30545,99,98184,4280,30249,3,0
$$HAR,17:51:14,416720606,-935777178,254422,35801340,30978,99,98190,4280,30260,3,0
$$HAR,17:51:17,416728955,-935777284,251591,61203,30893,104,98200,4280,30265,3,0
$$HAR,17:51:20,416737246,-935776911,248695,310263,30519,104,98228,4281,30265,3,0
$$HAR,17:51:23,416745436,-935776104,247371,542119,30285,104,98255,4281,30272,3,0
$$HAR,17:51:26,416753557,-935774862,246405,783924,30341,104,98279,4281,30278,3,1
$$HAR,17:51:29,416761669,-935773305,245954,833996,30194,96,98296,4281,30278,3,0
$$HAR,17:51:32,416769686,-935771746,245586,835320,29762,104,98314,4281,30283,3,0
$$HAR,17:51:35,416777575,-935770244,244828,802112,29242,104,98330,4282,30272,3,0
$$HAR,17:51:38,416785373,-935768750,244417,842673,29254,96,98345,4282,30265,3,0
$$HAR,17:51:41,416793201,-935767247,245149,823741,29172,96,98355,4282,30265,3,0
$$HAR,17:51:44,416801037,-935765715,247059,822852,29542,96,98359,4282,30260,3,0
$$HAR,17:51:47,416808970,-935764207,248753,858970,29537,97,98357,4282,30254,3,0
$$HAR,17:51:50,416816852,-935762663,250606,844199,29607,107,98353,4283,30250,3,0
$$HAR,17:51:53,416824688,-935761150,253233,806763,28937,107,98345,4283,30239,3,0
$$HAR,17:51:56,416832409,-935759708,255662,786158,29018,96,98336,4283,30228,3,0
$$HAR,17:51:59,416840217,-935758332,256266,709315,29317,96,98322,4283,30233,3,0
$$HAR,17:52:2,416848102,-935757240,256303,469797,29452,119,98312,4283,30222,3,0
$$HAR,17:52:5,416856037,-935756573,255217,253531,29371,104,98302,4284,30216,3,0
$$HAR,17:52:8,416863961,-935756245,254163,79789,29211,104,98296,4284,30216,3,0
$$HAR,17:52:11,416871766,-935756294,253419,35896440,28773,104,98296,4284,30210,3,0
$$HAR,17:52:14,416879595,-935756484,252832,35903856,29060,104,98296,4284,30222,3,0
$$HAR,17:52:17,416887512,-935756650,252252,35932212,29439,104,98298,4285,30214,3,0
$$HAR,17:52:20,416895376,-935756807,252967,35902572,28726,104,98294,4285,30214,3,0
$$HAR,17:52:23,416903026,-935756957,253788,35925592,28072,104,98288,4285,30208,3,0
$$HAR,17:52:26,416910570,-935757134,254670,35875884,27606,104,98288,4285,30214,3,0
$$HAR,17:52:29,416917986,-935757312,255092,35910168,27374,104,98288,4285,30208,3,0
$$HAR,17:52:32,416925358,-935757508,255724,35881640,27249,103,98288,4286,30203,3,0
$$HAR,17:52:35,416932590,-935757655,256258,35924600,26102,103,98286,4286,30203,3,0
$$HAR,17:52:38,416939560,-935757839,256079,35827280,25892,103,98284,4286,30190,3,0
$$HAR,17:52:41,416946706,-935758246,255916,35784780,27333,103,98284,4286,30203,3,0
$$HAR,17:52:44,416954276,-935758558,255977,35868760,28697,103,98281,4287,30194,3,0
$$HAR,17:52:47,416962034,-935758776,255735,35888304,29006,103,98279,4287,30183,3,0
$$HAR,17:52:50,416969920,-935758969,255769,35904308,29395,103,98277,4287,30178,3,0
$$HAR,17:52:53,416977824,-935759111,255790,35910336,29225,103,98275,4288,30178,3,0
$$HAR,17:52:56,416985808,-935759293,256399,35884956,30033,103,98273,4288,30189,3,0
$$HAR,17:52:59,416994053,-935759498,256332,35911380,30946,103,98269,4288,30172,3,0
$$HAR,17:53:2,417002476,-935759675,255571,35921996,31332,103,98265,4288,30165,3,0
$$HAR,17:53:5,417010865,-935759833,254781,35895356,30799,103,98257,4289,30157,3,0
$$HAR,17:53:8,417019138,-935760018,253863,35907768,30240,103,98257,4289,30168,3,0
$$HAR,17:53:11,417027229,-935760194,253068,35896220,29748,103,98263,4289,30157,3,0
$$HAR,17:53:14,417035312,-935760328,252825,35921792,30558,103,98271,4289,30163,3,0
$$HAR,17:53:17,417043629,-935760480,252703,35909600,31105,103,98277,4290,30164,3,0
$$HAR,17:53:20,417052059,-935760690,253309,35889532,31449,103,98277,4290,30153,3,0
$$HAR,17:53:23,417060574,-935760912,254168,35907292,31589,103,98275,4290,30158,3,0
$$HAR,17:53:26,417069152,-935761082,255059,35921356,32026,103,98271,4290,30147,3,0
$$HAR,17:53:29,417077856,-935761217,255490,35934320,32291,103,98267,4290,30142,3,0
$$HAR,17:53:32,417086556,-935761379,255923,35909452,32503,104,98261,4291,30129,3,0
$$HAR,17:53:35,417095400,-935761621,256062,35859388,32814,103,98251,4291,30135,3,0
$$HAR,17:53:38,417104286,-935761833,256322,35926636,32852,103,98243,4291,30124,3,0
$$HAR,17:53:41,417113114,-935762005,255462,35910576,32725,103,98239,4291,30118,3,0
$$HAR,17:53:44,417121924,-935762187,253610,35889640,32747,103,98237,4292,30120,3,0
$$HAR,17:53:47,417130739,-935762405,252551,35915048,32832,103,98239,4292,30120,3,0
$$HAR,17:53:50,417139710,-935762575,251515,35924952,33444,103,98241,4292,30125,3,0
$$HAR,17:53:53,417148682,-935762758,250706,35883384,32927,103,98249,4292,30120,3,0
$$HAR,17:53:56,417157445,-935762970,249425,35891752,32090,103,98257,4292,30125,3,0
$$HAR,17:53:59,417166067,-935763150,248709,35907568,31739,135,98267,4293,30120,3,0
$$HAR,17:54:2,417174898,-935763331,247533,35913492,32870,115,98279,4293,30120,3,0
$$HAR,17:54:5,417183814,-935763512,247032,35903048,32733,100,98286,4293,30125,3,0
$$HAR,17:54:8,417192605,-935763706,246603,35887272,32191,100,98294,4293,30125,3,0
$$HAR,17:54:11,417201260,-935763938,246789,35912464,31883,99,98306,4293,30120,3,0
$$HAR,17:54:14,417209907,-935764105,247091,35928704,32158,98,98314,4294,30117,3,1
$$HAR,17:54:17,417218539,-935764295,247164,35893324,31792,98,98322,4294,30122,3,0
$$HAR,17:54:20,417227156,-935764502,247235,35924192,32030,98,98328,4294,30122,3,0
$$HAR,17:54:23,417235773,-935764665,247522,35930308,31859,98,98332,4294,30110,3,0
$$HAR,17:54:26,417244408,-935764885,247516,35873424,32000,99,98334,4294,30104,3,0
$$HAR,17:54:29,417253087,-935765062,247757,35998328,32176,99,98332,4295,30100,3,0
$$HAR,17:54:32,417261860,-935765165,249062,35915756,32691,99,98330,4295,30100,3,0
$$HAR,17:54:35,417270648,-935765352,249621,35932772,32112,98,98326,4295,30095,3,0
$$HAR,17:54:38,417279174,-935765538,250958,35890408,31143,98,98324,4295,30089,3,0
$$HAR,17:54:41,417287487,-935765804,253588,35834240,30525,98,98322,4296,30085,3,0
$$HAR,17:54:44,417295667,-935766257,255798,35716444,30134,98,98314,4296,30079,3,1
$$HAR,17:54:47,417303809,-935766912,257584,35609464,30118,98,98298,4296,30074,3,0
$$HAR,17:54:50,417311871,-935767685,258850,35576752,29869,98,98288,4296,30068,3,0
$$HAR,17:54:53,417319924,-935768475,259265,35597232,30084,98,98281,4297,30057,3,0
$$HAR,17:54:56,417328096,-935769222,258559,35593664,30416,98,98273,4297,30051,3,0
$$HAR,17:54:59,417336290,-935770121,257118,35475448,30404,98,98269,4297,30051,3,0
$$HAR,17:55:2,417344503,-935771230,255739,35395520,30648,98,98271,4297,30051,3,0
$$HAR,17:55:5,417352741,-935772355,255305,35433248,30608,98,98277,4297,30051,3,0
$$HAR,17:55:8,417361007,-935773492,254557,35435156,30791,101,98282,4298,30042,3,0
$$HAR,17:55:11,417369253,-935774633,253312,35414404,30470,101,98284,4298,30042,3,0
$$HAR,17:55:14,417377370,-935775740,252175,35446856,30040,101,98286,4298,30047,3,0
$$HAR,17:55:17,417385448,-935776831,250867,35421284,30047,106,98294,4298,30035,3,0
$$HAR,17:55:20,417393505,-935777787,249431,35631336,30107,106,98304,4298,30035,3,0
$$HAR,17:55:23,417401670,-935777974,248728,201070,30124,106,98314,4299,30038,3,0
$$HAR,17:55:26,417409743,-935777018,248039,842345,29845,106,98322,4299,30038,3,0
$$HAR,17:55:29,417417716,-935775002,246963,1350146,30157,106,98330,4299,30038,3,0
$$HAR,17:55:32,417425545,-935771935,246394,1824824,30224,106,98337,4299,30043,3,0
$$HAR,17:55:35,417433226,-935768456,245867,1918474,30020,106,98345,4299,30038,3,0
$$HAR,17:55:38,417440923,-935764876,245585,1898392,30088,106,98355,4300,30028,3,0
$$HAR,17:55:41,417448537,-935761407,245302,1887806,29751,106,98357,4300,30022,3,0
$$HAR,17:55:44,417456134,-935757936,245472,1903633,29870,106,98359,4300,30016,3,0
$$HAR,17:55:47,417463673,-935754510,246250,1909494,29520,107,98361,4300,30010,3,0
$$HAR,17:55:50,417471176,-935750976,248627,2081381,29468,115,98361,4301,30004,3,0
$$HAR,17:55:53,417478638,-935747480,248515,1910295,29296,122,98361,4301,29999,3,0
$$HAR,17:55:56,417486043,-935744068,250703,1909321,29000,107,98357,4301,29988,3,0
$$HAR,17:55:59,417493419,-935740657,252831,1898504,29012,107,98351,4301,29993,3,0
$$HAR,17:56:2,417500849,-935737229,255071,1903411,29038,107,98341,4301,29982,3,0
$$HAR,17:56:5,417508269,-935733767,257175,1937525,29313,106,98328,4301,29970,3,0
$$HAR,17:56:8,417515742,-935730185,257878,1994688,29610,106,98314,4302,29960,3,0
$$HAR,17:56:11,417523356,-935726427,257645,2019873,30349,105,98302,4302,29960,3,0
$$HAR,17:56:14,417530986,-935722798,258075,1937087,30017,105,98288,4302,29955,3,0
$$HAR,17:56:17,417538642,-935719289,258619,1906946,29958,105,98281,4302,29944,3,0
$$HAR,17:56:20,417546310,-935715759,258254,1891848,30167,105,98277,4302,29938,3,0
$$HAR,17:56:23,417553997,-935712224,259132,1915627,30016,105,98269,4303,29934,3,0
$$HAR,17:56:26,417561706,-935708688,260083,1917216,30184,106,98265,4303,29934,3,0
$$HAR,17:56:29,417569438,-935705136,261945,1911919,30086,105,98257,4303,29923,3,0
$$HAR,17:56:32,417577117,-935701607,263157,1891876,29661,105,98245,4303,29917,3,0
$$HAR,17:56:35,417584618,-935698278,264953,1754727,28599,120,98232,4303,29905,3,0
$$HAR,17:56:38,417591977,-935695486,266194,1389708,28198,120,98210,4303,29905,3,0
$$HAR,17:56:41,417599408,-935693322,266610,1041558,27817,105,98192,4304,29899,3,0
$$HAR,17:56:44,417606800,-935691896,267350,637321,28038,105,98176,4304,29888,3,0
$$HAR,17:56:47,417614324,-935691105,267158,264807,27961,105,98166,4304,29877,3,0
$$HAR,17:56:50,417621918,-935690983,267002,35868276,28360,105,98159,4304,29865,3,0
$$HAR,17:56:53,417629582,-935691611,265965,35449508,28490,105,98151,4304,29865,3,0
$$HAR,17:56:56,417637232,-935692775,263487,35279888,28454,105,98151,4304,29859,3,0
$$HAR,17:56:59,417644932,-935694060,260999,35294040,29222,110,98151,4305,29858,3,0
$$HAR,17:57:2,417652843,-935695426,259426,35242164,30087,110,98161,4305,29864,3,0
$$HAR,17:57:5,417660916,-935696840,259036,35260436,30047,110,98170,4305,29864,3,0
$$HAR,17:57:8,417668899,-935698203,260332,35279316,29936,110,98176,4305,29853,3,0
$$HAR,17:57:11,417676918,-935699560,262612,35292512,30119,110,98178,4305,29853,3,0
$$HAR,17:57:14,417685016,-935700913,264532,35297944,30125,110,98174,4306,29840,3,0
$$HAR,17:57:17,417693080,-935702184,265928,35350252,30159,104,98170,4306,29829,3,0
$$HAR,17:57:20,417701183,-935703340,266642,35480572,30227,105,98159,4306,29823,3,0
$$HAR,17:57:23,417709198,-935704166,267068,35662088,29218,104,98145,4306,29812,3,0
$$HAR,17:57:26,417717048,-935704686,266897,35797308,29210,104,98135,4306,29812,3,0
$$HAR,17:57:29,417725056,-935705044,267053,35819112,30061,104,98129,4306,29800,3,0
$$HAR,17:57:32,417733226,-935705446,266837,35799732,30127,104,98127,4307,29797,3,0
$$HAR,17:57:35,417741414,-935705799,266653,35806072,30540,104,98123,4307,29797,3,0
$$HAR,17:57:38,417749672,-935706192,266452,35804060,30561,104,98125,4307,29785,3,0
$$HAR,17:57:41,417757958,-935706521,266424,35845252,30828,104,98125,4307,29779,3,0
$$HAR,17:57:44,417766260,-935706766,266751,35915652,30633,117,98123,4308,29774,3,0
$$HAR,17:57:47,417774529,-935706765,266973,61207,30485,104,98123,4308,29763,3,0
$$HAR,17:57:50,417782781,-935706604,267336,108553,30619,104,98119,4308,29768,3,0
$$HAR,17:57:53,417791053,-935706344,267584,134444,30604,104,98119,4308,29756,3,0
$$HAR,17:57:56,417799322,-935706077,268083,130290,30524,101,98119,4308,29750,3,0
$$HAR,17:57:59,417807483,-935705824,267970,136015,30024,101,98111,4308,29745,3,0
$$HAR,17:58:2,417815623,-935705542,267896,120765,30263,101,98113,4309,29747,3,0
$$HAR,17:58:5,417823766,-935705294,267294,144776,30160,101,98111,4309,29741,3,0
$$HAR,17:58:8,417831958,-935705004,266377,145465,30459,101,98113,4309,29735,3,0
$$HAR,17:58:11,417840201,-935704775,265523,118768,30605,101,98115,4309,29730,3,1
$$HAR,17:58:14,417848464,-935704510,264604,153000,30325,101,98119,4309,29724,3,0
$$HAR,17:58:17,417856634,-935704247,263642,143239,30301,101,98123,4310,29731,3,0
$$HAR,17:58:20,417864826,-935703960,263129,156104,30266,101,98129,4310,29726,3,0
$$HAR,17:58:23,417873046,-935703698,263338,124625,30641,101,98137,4310,29720,3,0
$$HAR,17:58:26,417881303,-935703390,264004,104899,30135,102,98139,4310,29709,3,0
$$HAR,17:58:29,417889374,-935703146,263243,158610,29497,98,98137,4311,29698,3,0
$$HAR,17:58:32,417897344,-935702880,263836,96649,29183,98,98135,4311,29703,3,0
$$HAR,17:58:35,417905295,-935702617,264750,139232,29588,98,98131,4311,29691,3,0
$$HAR,17:58:38,417913368,-935702440,265447,50546,30063,98,98129,4311,29686,3,0
$$HAR,17:58:41,417921485,-935702402,266104,23381,30027,98,98123,4311,29680,3,0
$$HAR,17:58:44,417929582,-935702367,265938,13722,29709,98,98119,4311,29674,3,0
$$HAR,17:58:47,417937537,-935702335,266260,15989,29585,98,98115,4312,29676,3,0
$$HAR,17:58:50,417945563,-935702303,266173,21115,29704,98,98110,4312,29670,3,0
$$HAR,17:58:53,417953656,-935702266,265971,13942,30355,98,98110,4312,29659,3,0
$$HAR,17:58:56,417961901,-935702251,265740,35994896,30462,98,98110,4312,29659,3,0
$$HAR,17:58:59,417970126,-935702232,266191,7974,30623,98,98113,4312,29654,3,0
$$HAR,17:59:2,417978403,-935702166,267171,25123,30503,98,98111,4313,29654,3,0
$$HAR,17:59:5,417986633,-935702131,267893,35998964,30212,98,98110,4313,29641,3,0
$$HAR,17:59:8,417994800,-935702135,268612,3195,30248,98,98102,4313,29641,3,0
$$HAR,17:59:11,418002963,-935702118,269800,27602,30152,98,98098,4313,29630,3,0
$$HAR,17:59:14,418011116,-935702088,270634,9349,30111,98,98094,4313,29636,3,0
$$HAR,17:59:17,418019248,-935702081,271182,35999128,29919,98,98088,4313,29625,3,0
$$HAR,17:59:20,418027377,-935702074,271897,5248,30159,98,98080,4313,29619,3,0
$$HAR,17:59:23,418035503,-935702075,272674,1457,29924,98,98072,4314,29623,3,0
$$HAR,17:59:26,418043597,-935702051,272800,11284,30007,98,98063,4314,29611,3,0
$$HAR,17:59:29,418051723,-935702059,272666,35983804,30158,98,98057,4314,29605,3,0
$$HAR,17:59:32,418059835,-935702157,272320,35917420,29857,110,98051,4314,29605,3,0
$$HAR,17:59:35,418067873,-935702359,272062,35875900,29832,110,98049,4314,29600,3,0
$$HAR,17:59:38,418075936,-935702605,271709,35842528,29840,98,98049,4314,29594,3,0
$$HAR,17:59:41,418083913,-935702894,271699,35833540,29179,98,98047,4315,29589,3,0
$$HAR,17:59:44,418091704,-935703195,271766,35823216,28733,98,98047,4315,29589,3,0
$$HAR,17:59:47,418099555,-935703481,271691,35832496,29263,98,98047,4315,29594,3,0
$$HAR,17:59:50,418107512,-935703754,271881,35860648,29779,98,98047,4315,29589,3,0
$$HAR,17:59:53,418115649,-935704022,271917,35845868,30265,98,98043,4316,29579,3,0
$$HAR,17:59:56,418123841,-935704308,271733,35812400,30287,98,98039,4316,29573,3,0
$$HAR,17:59:59,418132010,-935704619,271717,35855044,30489,98,98037,4316,29567,3,0
$$HAR,18:0:2,418140302,-935704895,271726,35853104,30799,98,98033,4316,29567,3,0
$$HAR,18:0:5,418148563,-935705185,272468,35846236,30343,98,98033,4316,29561,3,0
$$HAR,18:0:8,418156707,-935705458,273705,35845148,30117,98,98029,4317,29557,3,0
$$HAR,18:0:11,418164739,-935705747,274649,35848368,29387,98,98023,4317,29551,3,0
$$HAR,18:0:14,418172656,-935705990,275466,35849720,29391,98,98017,4317,29551,3,0
$$HAR,18:0:17,418180497,-935706325,275646,35858952,28863,105,98006,4317,29540,3,0
$$HAR,18:0:20,418188357,-935706588,275714,35831264,29429,104,98000,4317,29535,3,0
$$HAR,18:0:23,418196306,-935706886,274488,35839280,29713,99,97996,4318,29531,3,0
$$HAR,18:0:26,418204329,-935707102,273247,35924788,29700,97,97994,4318,29525,3,0
$$HAR,18:0:29,418212330,-935707180,272697,35992624,29706,97,97996,4318,29520,3,1
$$HAR,18:0:32,418220391,-935707163,272829,35998896,30001,97,97996,4318,29525,3,0
$$HAR,18:0:35,418228559,-935707183,272502,6007,30426,99,98002,4318,29525,3,0
$$HAR,18:0:38,418236795,-935707201,271918,35986520,30556,99,98002,4319,29520,3,0
$$HAR,18:0:41,418245060,-935707216,271526,35980136,30500,99,97998,4319,29508,3,0
$$HAR,18:0:44,418253404,-935707222,270803,35990024,31311,99,98000,4319,29508,3,0
$$HAR,18:0:47,418261938,-935707278,270261,35983176,31858,99,98006,4319,29502,3,0
$$HAR,18:0:50,418270573,-935707331,270379,35959664,32101,99,98008,4319,29502,3,0
$$HAR,18:0:53,418279293,-935707506,270715,35888640,32442,97,98012,4320,29494,3,0
$$HAR,18:0:56,418288059,-935707755,270938,35892812,32279,97,98012,4320,29494,3,0
$$HAR,18:0:59,418296731,-935708012,271152,35873384,31906,97,98004,4320,29494,3,0
$$HAR,18:1:2,418305298,-935708258,271566,35883776,31594,97,98000,4320,29489,3,0
$$HAR,18:1:5,418313835,-935708522,271353,35851528,31702,97,98000,4320,29482,3,0
$$HAR,18:1:8,418322447,-935708795,270499,35872060,32022,97,97998,4320,29477,3,0
$$HAR,18:1:11,418331092,-935709003,270146,35906268,32135,96,98004,4321,29466,3,0
$$HAR,18:1:14,418339754,-935709239,269728,35902348,31953,96,98008,4321,29477,3,0
$$HAR,18:1:17,418348362,-935709351,269212,35999544,31880,96,98010,4321,29471,3,0
$$HAR,18:1:20,418357001,-935709333,268777,15071,32202,96,98012,4321,29460,3,0
$$HAR,18:1:23,418365726,-935709279,268727,40062,32475,96,98015,4322,29460,3,0
$$HAR,18:1:26,418374473,-935709223,267857,25208,32338,96,98017,4322,29460,3,0
$$HAR,18:1:29,418383223,-935709172,266767,42463,32510,96,98023,4322,29460,3,0
$$HAR,18:1:32,418392055,-935709141,265313,35999396,32721,96,98031,4322,29455,3,0
$$HAR,18:1:35,418400874,-935709133,264683,48463,32661,96,98041,4322,29449,3,0
$$HAR,18:1:38,418409730,-935709036,265170,45178,32798,96,98051,4323,29462,3,0
$$HAR,18:1:41,418418488,-935709005,265941,14086,32058,96,98061,4323,29451,3,0
$$HAR,18:1:44,418427117,-935709010,266216,35990800,31846,96,98064,4323,29451,3,0
$$HAR,18:1:47,418435683,-935709039,266342,35986680,31655,98,98064,4323,29451,3,0
$$HAR,18:1:50,418444228,-935709075,266130,35994612,31723,96,98061,4323,29440,3,0
$$HAR,18:1:53,418452818,-935709064,266508,35990236,31895,98,98061,4323,29440,3,0
$$HAR,18:1:56,418461418,-935709101,266497,35976476,31842,96,98055,4324,29434,3,0
$$HAR,18:1:59,418470050,-935709117,266339,1874,32148,96,98049,4324,29422,3,0
$$HAR,18:2:2,418478769,-935709111,266339,35991440,32269,96,98045,4324,29416,3,0
$$HAR,18:2:5,418487432,-935709099,266309,35999148,31871,96,98043,4324,29422,3,0
$$HAR,18:2:8,418496018,-935709142,266808,35953148,31912,96,98041,4325,29420,3,0
$$HAR,18:2:11,418504652,-935709293,267080,35911344,32127,96,98039,4325,29420,3,0
$$HAR,18:2:14,418513351,-935709478,268031,35910952,32220,96,98039,4325,29409,3,0
$$HAR,18:2:17,418522041,-935709628,268428,35931488,32169,96,98035,4325,29402,3,0
$$HAR,18:2:20,418530753,-935709791,268887,35923664,32453,96,98031,4325,29402,3,0
$$HAR,18:2:23,418539538,-935709972,269330,35900856,32583,98,98027,4325,29397,3,0
$$HAR,18:2:26,418548283,-935710120,270232,35930644,32166,98,98019,4326,29386,3,0
$$HAR,18:2:29,418556926,-935710277,270937,35924936,31960,96,98010,4326,29380,3,0
$$HAR,18:2:32,418565561,-935710430,271324,35912960,32098,96,98006,4326,29380,3,0
$$HAR,18:2:35,418574271,-935710614,270480,35896088,32221,96,98002,4326,29375,3,0
$$HAR,18:2:38,418582908,-935710826,268918,35910656,31649,97,98000,4326,29369,3,0
$$HAR,18:2:41,418591423,-935710954,267096,35950672,31416,97,98006,4326,29375,3,0
$$HAR,18:2:44,418599951,-935711066,265955,35925732,31710,96,98012,4326,29375,3,0
$$HAR,18:2:47,418608566,-935711208,265588,35919340,31942,96,98021,4327,29382,3,0
$$HAR,18:2:50,418617209,-935711383,266481,35907384,32085,96,98031,4327,29371,3,0
$$HAR,18:2:53,418625819,-935711520,267458,35950684,31730,96,98033,4327,29371,3,0
$$HAR,18:2:56,418634459,-935711591,268722,35979724,32122,96,98035,4327,29365,3,0
$$HAR,18:2:59,418643174,-935711569,269725,36879,32217,98,98031,4327,29353,3,0
$$HAR,18:3:2,418651796,-935711446,269849,40082,31725,98,98027,4327,29353,3,0
$$HAR,18:3:5,418660343,-935711371,269296,25112,31646,96,98023,4327,29347,3,0
$$HAR,18:3:8,418668904,-935711298,268764,32367,31922,96,98021,4328,29342,3,0
$$HAR,18:3:11,418677570,-935711327,270148,26562,32466,125,98013,4328,29331,3,0
$$HAR,18:3:14,418686438,-935711217,268803,38712,32558,117,98013,4328,29331,3,0
$$HAR,18:3:17,418695208,-935711118,267665,42516,32420,97,98017,4328,29331,3,0
$$HAR,18:3:20,418703966,-935711063,267196,24453,32603,97,98021,4328,29325,3,0
$$HAR,18:3:23,418712798,-935710998,266384,42313,32781,97,98025,4328,29325,3,0
$$HAR,18:3:26,418721488,-935710909,266075,47676,31740,97,98029,4328,29325,3,0
$$HAR,18:3:29,418729984,-935710834,265860,28438,31443,97,98035,4329,29328,3,0
$$HAR,18:3:32,418738516,-935710747,266225,49380,31688,97,98041,4329,29328,3,0
$$HAR,18:3:35,418747076,-935710633,267296,26434,31994,97,98041,4329,29317,3,1
$$HAR,18:3:38,418755774,-935710557,268288,48962,32448,96,98043,4329,29306,3,0
$$HAR,18:3:41,418764574,-935710481,269387,23306,32833,96,98039,4329,29294,3,0
$$HAR,18:3:44,418773471,-935710402,270270,38805,32936,96,98033,4330,29294,3,0
$$HAR,18:3:47,418782345,-935710295,270228,27089,32638,96,98023,4330,29288,3,0
$$HAR,18:3:50,418791100,-935710217,269821,33153,32334,96,98019,4330,29288,3,0
$$HAR,18:3:53,418799880,-935710139,268572,42685,32740,96,98015,4330,29282,3,0
$$HAR,18:3:56,418808748,-935710045,267428,26699,32830,96,98017,4330,29277,3,0
$$HAR,18:3:59,418817576,-935709947,267139,55758,32644,96,98023,4330,29282,3,0
$$HAR,18:4:2,418826356,-935709839,266827,60991,32486,96,98031,4330,29277,3,0
$$HAR,18:4:5,418835118,-935709762,266586,34126,32467,96,98039,4331,29273,3,0
$$HAR,18:4:8,418843917,-935709695,266510,28844,32822,96,98047,4331,29278,3,0
$$HAR,18:4:11,418852819,-935709609,266396,48980,33232,96,98051,4331,29273,3,0
$$HAR,18:4:14,418861848,-935709520,266249,19997,33661,96,98059,4331,29273,3,0
$$HAR,18:4:17,418870919,-935709443,265746,43985,33483,95,98064,4331,29261,3,0
$$HAR,18:4:20,418879899,-935709359,265399,54679,33063,95,98070,4331,29267,3,0
$$HAR,18:4:23,418888804,-935709267,264965,36025,32978,95,98074,4331,29256,3,0
$$HAR,18:4:26,418897743,-935709250,264501,35999224,33123,95,98078,4331,29250,3,0
$$HAR,18:4:29,418906694,-935709257,265060,19072,33116,95,98082,4332,29252,3,0
$$HAR,18:4:32,418915591,-935709253,265975,3301,32697,95,98080,4332,29246,3,0
$$HAR,18:4:35,418924279,-935709309,266979,35953648,31649,95,98068,4332,29241,3,0
$$HAR,18:4:38,418932687,-935709336,266638,35962600,30831,95,98066,4332,29241,3,0
$$HAR,18:4:41,418941059,-935709354,265342,9341,31339,95,98070,4332,29235,3,0
$$HAR,18:4:44,418949642,-935709322,263275,16034,32076,95,98074,4332,29241,3,0
$$HAR,18:4:47,418958372,-935709315,260370,35991452,32413,95,98080,4332,29229,3,0
$$HAR,18:4:50,418967146,-935709322,257409,4119,32554,95,98094,4333,29223,3,1
$$HAR,18:4:53,418975964,-935709317,254243,7835,32710,107,98113,4333,29235,3,0
$$HAR,18:4:56,418984817,-935709266,251054,49386,32876,95,98137,4333,29235,3,0
$$HAR,18:4:59,418993633,-935709186,248178,46361,32480,95,98159,4333,29241,3,0
$$HAR,18:5:2,419002375,-935709022,245598,166320,32139,95,98180,4333,29241,3,0
$$HAR,18:5:5,419010951,-935708673,244296,190770,31731,95,98204,4333,29246,3,0
$$HAR,18:5:8,419019490,-935708293,242397,191147,31797,95,98234,4334,29242,3,0
$$HAR,18:5:11,419028135,-935707923,241005,204595,32397,91,98255,4334,29237,3,0
$$HAR,18:5:14,419036867,-935707535,239469,192013,32318,91,98275,4334,29237,3,0
$$HAR,18:5:17,419045517,-935707108,239028,225682,31759,91,98296,4334,29231,3,0
$$HAR,18:5:20,419054007,-935706707,241005,197866,31313,91,98316,4334,29242,3,0
$$HAR,18:5:23,419062438,-935706319,243834,170595,31107,91,98326,4334,29237,3,0
$$HAR,18:5:26,419070750,-935705893,246580,219628,30646,91,98328,4334,29226,3,0
$$HAR,18:5:29,419078921,-935705473,249479,182984,29950,91,98324,4334,29208,3,0
$$HAR,18:5:32,419086923,-935705156,252325,166969,29605,91,98314,4334,29208,3,0
$$HAR,18:5:35,419094924,-935704743,253507,216787,29752,91,98300,4335,29193,3,0
$$HAR,18:5:38,419103039,-935704322,254455,252148,30353,91,98275,4335,29181,3,0
$$HAR,18:5:41,419111280,-935703896,256168,187822,31115,138,98261,4335,29164,3,0
$$HAR,18:5:44,419119747,-935703489,256149,190855,31680,100,98249,4335,29158,3,0
$$HAR,18:5:47,419128335,-935703074,255262,192859,31817,90,98239,4335,29158,3,0
$$HAR,18:5:50,419137042,-935702714,255425,194212,32674,90,98232,4335,29153,3,0
$$HAR,18:5:53,419145974,-935702320,255494,207327,33138,90,98224,4335,29147,3,0
$$HAR,18:5:56,419154928,-935701887,255522,192190,33071,90,98212,4335,29142,3,0
$$HAR,18:5:59,419163811,-935701482,255777,193887,32691,90,98206,4335,29136,3,0
$$HAR,18:6:2,419172732,-935701082,256238,170991,33324,90,98198,4335,29136,3,0
$$HAR,18:6:5,419181604,-935700797,256227,86197,32265,90,98190,4335,29136,3,0
$$HAR,18:6:8,419190210,-935700856,256097,35951304,31642,90,98186,4335,29124,3,0
$$HAR,18:6:11,419198806,-935700814,256211,120602,32123,90,98180,4336,29132,3,0
$$HAR,18:6:14,419207559,-935700547,255580,141383,32725,90,98174,4336,29121,3,0
$$HAR,18:6:17,419216535,-935700255,254481,112420,33620,90,98170,4336,29114,3,0
$$HAR,18:6:20,419225564,-935700037,253444,110150,33338,90,98170,4336,29121,3,0
$$HAR,18:6:23,419234558,-935699836,252119,66182,33479,90,98172,4336,29121,3,0
$$HAR,18:6:26,419243613,-935699628,250606,104213,33497,90,98178,4336,29126,3,0
$$HAR,18:6:29,419252708,-935699379,249477,115646,33724,90,98186,4336,29121,3,0
$$HAR,18:6:32,419261784,-935699130,248498,109412,33609,90,98194,4336,29121,3,0
$$HAR,18:6:35,419270898,-935698894,247812,126258,33954,90,98204,4336,29121,3,0
$$HAR,18:6:38,419280087,-935698634,247302,105051,34076,90,98212,4336,29121,3,0
$$HAR,18:6:41,419289240,-935698424,246625,102408,33874,90,98226,4336,29121,3,0
$$HAR,18:6:44,419298432,-935698187,246043,114272,34132,90,98234,4336,29126,3,0
$$HAR,18:6:47,419307638,-935697947,245566,108529,33996,90,98239,4336,29121,3,0
$$HAR,18:6:50,419316791,-935697715,244511,81441,34038,90,98249,4336,29121,3,0
$$HAR,18:6:53,419325999,-935697498,242484,114713,34315,90,98257,4336,29121,3,0
$$HAR,18:6:56,419335332,-935697247,240456,105494,34750,90,98269,4336,29126,3,0
$$HAR,18:6:59,419344696,-935696989,238683,122120,34495,90,98282,4336,29126,3,0
$$HAR,18:7:2,419353980,-935696764,236724,103146,34325,90,98298,4336,29126,3,0
$$HAR,18:7:5,419363185,-935696670,235288,34108,33955,90,98320,4336,29137,3,0
$$HAR,18:7:8,419372368,-935696629,234707,15594,34119,90,98336,4336,29137,3,0
$$HAR,18:7:11,419381572,-935696578,235580,14506,34111,90,98353,4336,29137,3,0
$$HAR,18:7:14,419390765,-935696541,236602,9101,33922,90,98365,4336,29126,3,0
$$HAR,18:7:17,419399997,-935696520,238409,23254,34421,90,98369,4336,29126,3,0
$$HAR,18:7:20,419409367,-935696472,239740,22070,34589,90,98371,4336,29121,3,0
$$HAR,18:7:23,419418720,-935696431,240395,29390,34666,90,98365,4336,29109,3,0
$$HAR,18:7:26,419427980,-935696415,241021,22080,34081,90,98359,4336,29109,3,0
$$HAR,18:7:29,419437225,-935696340,241403,39598,34356,90,98351,4336,29109,3,0
$$HAR,18:7:32,419446558,-935696300,241956,20340,34710,90,98347,4336,29103,3,0
$$HAR,18:7:35,419455945,-935696275,242875,24861,34666,90,98341,4336,29097,3,0
$$HAR,18:7:38,419465344,-935696230,243745,33103,34927,90,98337,4336,29092,3,0
$$HAR,18:7:41,419474786,-935696183,244492,8253,34855,90,98332,4336,29097,3,0
$$HAR,18:7:44,419484171,-935696167,245915,21947,34888,90,98324,4336,29086,3,0
$$HAR,18:7:47,419493556,-935696130,247233,7390,34948,90,98316,4336,29086,3,0
$$HAR,18:7:50,419503010,-935696070,247809,18000,34986,90,98306,4336,29080,3,0
$$HAR,18:7:53,419512514,-935696017,247250,20985,35508,91,98292,4336,29074,3,0
$$HAR,18:7:56,419522139,-935696016,245024,20710,35781,91,98288,4336,29069,3,0
$$HAR,18:7:59,419531790,-935695947,242052,19412,35842,90,98292,4336,29074,3,0
$$HAR,18:8:2,419541417,-935695924,239659,49921,35681,97,98298,4336,29080,3,0
$$HAR,18:8:5,419551137,-935695886,236894,35983752,35945,122,98310,4336,29086,3,0
$$HAR,18:8:8,419560816,-935695710,235138,172883,35758,100,98326,4336,29092,3,0
$$HAR,18:8:11,419570376,-935695539,234773,35989384,34966,97,98345,4336,29092,3,0
$$HAR,18:8:14,419579721,-935695727,234837,35859984,34377,97,98359,4336,29092,3,1
$$HAR,18:8:17,419588973,-935696211,235060,35746644,34112,90,98371,4336,29092,3,0
$$HAR,18:8:20,419598137,-935696941,235629,35599292,33935,97,98383,4336,29092,3,0
$$HAR,18:8:23,419607283,-935697797,235385,35632820,33726,97,98390,4336,29086,3,0
$$HAR,18:8:26,419616336,-935698424,235137,35798088,33543,97,98400,4336,29080,3,0
$$HAR,18:8:29,419625459,-935698781,234578,35851872,33835,97,98400,4336,29080,3,0
$$HAR,18:8:32,419634555,-935699082,234150,35862188,33558,97,98400,4336,29069,3,0
$$HAR,18:8:35,419643618,-935699402,234127,35854800,33761,97,98406,4336,29074,3,0
$$HAR,18:8:38,419652711,-935699714,234101,35850644,33494,97,98412,4337,29064,3,0
$$HAR,18:8:41,419661606,-935700031,234161,35864208,32469,90,98414,4337,29058,3,0
$$HAR,18:8:44,419670381,-935700342,234058,35835368,32678,90,98418,4337,29058,3,0
$$HAR,18:8:47,419679174,-935700667,234181,35828048,32334,90,98420,4337,29053,3,0
$$HAR,18:8:50,419687869,-935700965,235033,35852940,31830,90,98424,4337,29058,3,0
$$HAR,18:8:53,419696285,-935701228,235800,35867704,30727,90,98424,4337,29047,3,0
$$HAR,18:8:56,419704547,-935701480,236225,35896508,30604,90,98420,4337,29035,3,0
$$HAR,18:8:59,419712709,-935701712,236322,35864164,29887,90,98420,4337,29035,3,0
$$HAR,18:9:2,419720728,-935701975,235334,35831232,29849,90,98422,4337,29035,3,0
$$HAR,18:9:5,419728800,-935702251,234862,35853860,29808,90,98420,4337,29030,3,0
$$HAR,18:9:8,419736813,-935702526,234201,35842056,29785,90,98424,4337,29024,3,0
$$HAR,18:9:11,419744817,-935702808,234348,35873828,29621,90,98430,4338,29025,3,0
$$HAR,18:9:14,419752768,-935703049,234157,35854744,29226,90,98430,4338,29020,3,0
$$HAR,18:9:17,419760608,-935703351,234012,35842624,29115,90,98433,4338,29020,3,0
$$HAR,18:9:20,419768437,-935703632,234387,35889060,28786,90,98433,4338,29020,3,0
$$HAR,18:9:23,419776179,-935703872,234541,35847436,28651,90,98435,4338,29009,3,0
$$HAR,18:9:26,419783947,-935704130,234713,35855416,29050,90,98435,4338,29009,3,0
$$HAR,18:9:29,419791793,-935704383,235134,35849092,29244,90,98431,4338,28998,3,0
$$HAR,18:9:32,419799693,-935704724,235925,35711048,29526,97,98435,4338,28992,3,0
$$HAR,18:9:35,419807723,-935705331,236851,35746924,30064,89,98435,4338,28985,3,0
$$HAR,18:9:38,419815947,-935705697,237193,35841192,31047,89,98431,4339,28974,3,0
$$HAR,18:9:41,419824381,-935705997,236855,35900780,31381,97,98428,4339,28969,3,0
$$HAR,18:9:44,419832848,-935706175,235757,35875544,31230,97,98420,4339,28974,3,0
$$HAR,18:9:47,419841350,-935706431,236037,35852360,31696,97,98418,4339,28969,3,0
$$HAR,18:9:50,419849927,-935706739,236638,35868752,31759,97,98416,4339,28963,3,0
$$HAR,18:9:53,419858484,-935706881,236893,26633,31477,96,98412,4339,28958,3,0
$$HAR,18:9:56,419866969,-935706868,237132,35940736,31468,96,98410,4339,28958,3,0
$$HAR,18:9:59,419875493,-935707101,237015,35844520,31681,89,98408,4339,28952,3,0
$$HAR,18:10:2,419883998,-935707415,237100,35864136,31421,89,98406,4339,28946,3,0
$$HAR,18:10:5,419892446,-935707585,237443,35950472,31195,89,98404,4339,28952,3,0
$$HAR,18:10:8,419900885,-935707679,238039,35927368,31280,89,98398,4339,28946,3,0
$$HAR,18:10:11,419909384,-935707810,238519,35929324,31653,89,98398,4339,28935,3,0
$$HAR,18:10:14,419918023,-935707922,239047,35938536,32199,89,98398,4339,28929,3,0
$$HAR,18:10:17,419926747,-935707994,239182,35964328,32337,89,98398,4339,28929,3,0
$$HAR,18:10:20,419935404,-935708079,239162,35948728,31778,89,98396,4339,28935,3,0
$$HAR,18:10:23,419944038,-935708031,238945,112916,31860,89,98398,4339,28929,3,0
$$HAR,18:10:26,419952590,-935707875,239210,11957,31297,89,98396,4339,28924,3,0
$$HAR,18:10:29,419961055,-935707938,239167,35967792,31382,89,98398,4339,28929,3,0
$$HAR,18:10:32,419969546,-935707904,239126,100492,31426,89,98400,4339,28924,3,0
$$HAR,18:10:35,419978033,-935707396,239764,334728,31942,114,98406,4340,28921,3,0
$$HAR,18:10:38,419986331,-935706665,238930,339335,30255,131,98406,4340,28915,3,0
$$HAR,18:10:41,419994411,-935706024,238691,349254,29967,119,98406,4340,28926,3,0
$$HAR,18:10:44,420002401,-935705407,238803,321375,29620,99,98406,4340,28921,3,0
$$HAR,18:10:47,420010442,-935704799,238520,299300,30026,103,98406,4340,28910,3,0
$$HAR,18:10:50,420018438,-935704219,239778,311363,29146,93,98406,4340,28910,3,0
$$HAR,18:10:53,420026441,-935703597,242083,335857,29925,93,98402,4340,28904,3,0
$$HAR,18:10:56,420034399,-935702958,244849,341544,28950,93,98390,4340,28904,3,0
$$HAR,18:10:59,420041931,-935702374,247507,298272,26729,93,98373,4340,28886,3,0
$$HAR,18:11:2,420048667,-935702033,250113,35954784,23616,93,98353,4340,28881,3,0
$$HAR,18:11:5,420054869,-935702995,252067,34726288,23009,93,98337,4340,28881,3,0
$$HAR,18:11:8,420060772,-935705631,253112,33574100,23025,93,98320,4341,28875,3,0
$$HAR,18:11:11,420066073,-935709808,253574,32400700,22720,93,98298,4341,28859,3,0
$$HAR,18:11:14,420070644,-935715303,253473,31175746,22952,93,98281,4341,28841,3,0
$$HAR,18:11:17,420074265,-935722027,251349,30034776,22939,89,98267,4341,28836,3,0
$$HAR,18:11:20,420076815,-935729644,247848,28808274,23223,89,98265,4341,28836,3,0
$$HAR,18:11:23,420078176,-935737885,243796,27625258,23524,89,98273,4341,28836,3,0
$$HAR,18:11:26,420078198,-935746455,241045,26365728,23786,89,98286,4342,28836,3,1
$$HAR,18:11:29,420077045,-935755054,238159,25804622,24586,93,98302,4342,28841,3,0
$$HAR,18:11:32,420075625,-935764058,237624,25868836,26073,89,98324,4342,28853,3,0
$$HAR,18:11:35,420074520,-935773687,237769,26240048,27599,89,98337,4342,28847,3,0
$$HAR,18:11:38,420073466,-935783896,237785,26225772,29069,89,98349,4343,28850,3,0
$$HAR,18:11:41,420072431,-935794564,238048,26352916,30121,89,98355,4343,28839,3,0
$$HAR,18:11:44,420071592,-935805593,238296,26438922,31057,89,98359,4343,28822,3,0
$$HAR,18:11:47,420070828,-935816812,238606,26455954,31214,89,98359,4343,28827,3,0
$$HAR,18:11:50,420070057,-935828168,238533,26460110,31835,89,98361,4343,28822,3,0
$$HAR,18:11:53,420069246,-935839635,238495,26472818,31871,89,98365,4344,28822,3,0
$$HAR,18:11:56,420068475,-935851203,238365,26487524,32177,89,98365,4344,28822,3,0
$$HAR,18:11:59,420067670,-935862764,238743,26448672,31830,89,98365,4344,28816,3,1
$$HAR,18:12:2,420066830,-935874216,238778,26437420,31533,89,98361,4344,28811,3,0
$$HAR,18:12:5,420066053,-935885554,238890,26474314,31329,89,98361,4344,28811,3,0
$$HAR,18:12:8,420065292,-935896893,238656,26448040,31602,89,98363,4344,28811,3,0
$$HAR,18:12:11,420064487,-935908320,238727,26447698,31633,89,98363,4345,28806,3,0
$$HAR,18:12:14,420063699,-935919630,239043,26462128,31150,89,98363,4345,28801,3,0
$$HAR,18:12:17,420062954,-935930738,239797,26481710,30619,89,98363,4345,28801,3,0
$$HAR,18:12:20,420062199,-935941751,240721,26464658,30513,89,98361,4345,28795,3,0
$$HAR,18:12:23,420061417,-935952763,240307,26440690,30693,91,98355,4345,28795,3,0
$$HAR,18:12:26,420060636,-935963965,238868,26459104,31357,91,98351,4345,28784,3,0
$$HAR,18:12:29,420059832,-935975291,238115,26456848,31567,91,98349,4345,28778,3,0
$$HAR,18:12:32,420059035,-935986735,237986,26465950,31927,91,98353,4346,28775,3,1
$$HAR,18:12:35,420058235,-935998148,237794,26466254,31482,91,98355,4346,28775,3,0
$$HAR,18:12:38,420057446,-936009524,237797,26477366,31807,91,98357,4346,28780,3,0
$$HAR,18:12:41,420056635,-936020920,237927,26438016,31308,91,98357,4346,28769,3,0
$$HAR,18:12:44,420055832,-936032269,237765,26472358,31640,91,98359,4346,28762,3,0
$$HAR,18:12:47,420055015,-936043652,238006,26444760,31755,91,98357,4346,28757,3,0
$$HAR,18:12:50,420054222,-936054945,239633,26497090,30740,95,98353,4346,28757,3,0
$$HAR,18:12:53,420053464,-936065940,242190,26472676,30378,97,98349,4346,28751,3,0
$$HAR,18:12:56,420052686,-936076807,244675,26451342,30060,97,98339,4346,28746,3,0
$$HAR,18:12:59,420051896,-936087517,247208,26434998,29605,91,98326,4346,28735,3,0
$$HAR,18:13:2,420051129,-936098142,248743,26445962,29278,91,98312,4346,28723,3,0
$$HAR,18:13:5,420050393,-936108861,249220,26485004,30126,91,98296,4346,28723,3,0
$$HAR,18:13:8,420049637,-936119822,248661,26479518,30600,91,98282,4346,28712,3,0
$$HAR,18:13:11,420048949,-936131001,247716,26630048,31391,103,98277,4346,28712,3,0
$$HAR,18:13:14,420048182,-936141891,245772,26452104,29861,106,98277,4347,28713,3,0
$$HAR,18:13:17,420047414,-936152493,245389,26463320,29424,103,98281,4347,28708,3,0
$$HAR,18:13:20,420046722,-936163081,245117,26478090,29105,95,98284,4347,28713,3,0
$$HAR,18:13:23,420046022,-936173335,244939,26452976,28095,91,98290,4347,28713,3,0
$$HAR,18:13:26,420045252,-936183515,245090,26362440,28573,91,98296,4347,28719,3,0
$$HAR,18:13:29,420044341,-936193841,245276,26360276,28855,91,98300,4347,28708,3,0
$$HAR,18:13:32,420043535,-936204213,245730,26434092,28858,92,98298,4347,28691,3,0
$$HAR,18:13:35,420042754,-936214573,246167,26449080,28472,92,98298,4347,28691,3,0
$$HAR,18:13:38,420042015,-936224805,246799,26470592,28336,92,98298,4347,28691,3,0
$$HAR,18:13:41,420041314,-936235069,247332,26553420,28773,91,98300,4347,28691,3,0
$$HAR,18:13:44,420040796,-936245483,248522,26581834,28797,91,98298,4347,28685,3,0
$$HAR,18:13:47,420040114,-936255849,250343,26487166,28667,91,98292,4347,28679,3,0
$$HAR,18:13:50,420039374,-936266169,252966,26451560,28611,91,98284,4348,28668,3,0
$$HAR,18:13:53,420038656,-936276387,255660,26483354,28070,91,98271,4348,28657,3,0
$$HAR,18:13:56,420037926,-936286384,258083,26434184,27697,91,98251,4348,28646,3,0
$$HAR,18:13:59,420037212,-936296413,260511,26461640,27920,91,98232,4348,28646,3,0
$$HAR,18:14:2,420036484,-936306493,262417,26444690,27909,92,98206,4348,28634,3,0
$$HAR,18:14:5,420035767,-936316410,263321,26440044,27337,91,98182,4348,28617,3,0
$$HAR,18:14:8,420035067,-936326416,263111,26470452,28066,91,98166,4348,28617,3,0
$$HAR,18:14:11,420034553,-936336572,262351,26764746,28131,91,98155,4348,28611,3,1
$$HAR,18:14:14,420034312,-936346756,261533,26855138,27869,91,98149,4348,28611,3,0
$$HAR,18:14:17,420034159,-936356468,260926,26959872,26047,91,98143,4348,28617,3,0
$$HAR,18:14:20,420034388,-936365717,259680,27434370,25103,91,98145,4348,28623,3,0
$$HAR,18:14:23,420035141,-936374213,257358,27990372,22211,91,98151,4348,28623,3,0
$$HAR,18:14:26,420036561,-936381591,254566,29065922,20076,91,98165,4348,28628,3,0
$$HAR,18:14:29,420039355,-936387382,253401,31580230,19025,97,98184,4348,28639,3,0
$$HAR,18:14:32,420043390,-936391152,253635,33620540,18037,97,98204,4348,28657,3,0
$$HAR,18:14:35,420048123,-936392768,253356,35257596,18715,97,98230,4348,28662,3,0
$$HAR,18:14:38,420053337,-936393214,253237,35858896,20508,97,98245,4348,28662,3,0
$$HAR,18:14:41,420059122,-936393431,252760,35884324,21983,97,98255,4348,28634,3,0
$$HAR,18:14:44,420065060,-936393551,251224,35991560,21959,97,98261,4348,28594,3,0
$$HAR,18:14:47,420070897,-936393599,249343,35826500,20781,96,98267,4348,28572,3,0
$$HAR,18:14:50,420076157,-936393910,248937,35865116,17723,96,98277,4348,28560,3,0
$$HAR,18:14:53,420080171,-936393712,248681,571846,11972,96,98288,4348,28565,3,0
$$HAR,18:14:56,420082272,-936393338,247419,921765,4151,96,98302,4348,28572,3,0
$$HAR,18:14:59,420082716,-936393207,247587,1040058,151,96,98314,4348,28599,3,0
$$HAR,18:15:2,420082720,-936393194,247215,1040058,85,90,98324,4348,28599,3,0
$$HAR,18:15:5,420082714,-936393183,246751,1040058,83,94,98332,4348,28588,3,0
$$HAR,18:15:8,420082720,-936393193,246580,1040058,73,94,98336,4348,28560,3,0
$$HAR,18:15:11,420082724,-936393223,246372,1040058,36,92,98339,4348,28549,3,0
$$HAR,18:15:14,420082702,-936393245,246529,1040058,6,92,98341,4348,28543,3,0
$$HAR,18:15:17,420082680,-936393273,246632,1040058,109,92,98345,4348,28538,3,0
$$HAR,18:15:20,420082667,-936393253,246526,1040058,110,92,98347,4348,28538,3,0
$$HAR,18:15:23,420082816,-936393208,246291,1173741,2023,92,98349,4348,28538,3,0
$$HAR,18:15:26,420083833,-936393563,245872,32680074,5923,88,98349,4349,28533,3,0
$$HAR,18:15:29,420084615,-936395993,246923,28087800,8974,89,98349,4349,28516,3,0
$$HAR,18:15:32,420084906,-936399643,247003,26847116,11463,89,98347,4349,28494,3,0
$$HAR,18:15:35,420084860,-936404030,248532,27234596,12748,103,98343,4349,28454,3,0
$$HAR,18:15:38,420085266,-936408722,250823,28318214,13244,100,98337,4349,28443,3,0
$$HAR,18:15:41,420086809,-936413423,252088,29958410,14413,118,98330,4349,28476,3,0
$$HAR,18:15:44,420088985,-936417791,254218,30173304,13997,114,98320,4348,28498,3,0
$$HAR,18:15:47,420090458,-936422408,255585,28350250,14010,123,98306,4348,28498,3,0
$$HAR,18:15:50,420090668,-936427398,258290,26547238,13786,104,98290,4348,28475,3,0
$$HAR,18:15:53,420090058,-936432413,259061,25750944,14308,104,98277,4348,28464,3,0
$$HAR,18:15:56,420089229,-936437598,260161,25823462,14628,100,98263,4348,28446,3,0
$$HAR,18:15:59,420088567,-936442716,260872,26376384,13943,100,98251,4348,28435,3,0
$$HAR,18:16:2,420088926,-936447538,262710,28538020,13228,99,98239,4348,28441,3,0
$$HAR,18:16:5,420090474,-936451768,263928,30890090,13297,104,98228,4348,28435,3,0
$$HAR,18:16:8,420093407,-936454655,262149,33838600,13958,99,98212,4348,28452,3,0
$$HAR,18:16:11,420097239,-936455940,263075,34944932,15574,99,98202,4348,28469,3,0
$$HAR,18:16:14,420101428,-936456917,262760,34921880,15656,99,98192,4348,28464,3,0
$$HAR,18:16:17,420105520,-936458605,261653,33799548,15868,101,98184,4348,28429,3,0
$$HAR,18:16:20,420109196,-936461214,260906,32551144,15010,94,98180,4348,28418,3,0
$$HAR,18:16:23,420112405,-936464643,260321,31581386,15596,99,98176,4348,28395,3,0
$$HAR,18:16:26,420115157,-936468834,260358,30615304,15376,99,98174,4348,28390,3,0
$$HAR,18:16:29,420117240,-936473602,261190,29530394,14984,95,98170,4348,28390,3,0
$$HAR,18:16:32,420118546,-936478509,263495,28429202,13924,94,98166,4348,28390,3,0
$$HAR,18:16:35,420119137,-936483521,264459,27345742,13992,95,98163,4348,28395,3,0
$$HAR,18:16:38,420119169,-936488615,265678,26823822,14106,95,98155,4348,28384,3,0
$$HAR,18:16:41,420118977,-936493584,267207,26752446,13604,95,98149,4348,28384,3,0
$$HAR,18:16:44,420118904,-936498741,268564,27032332,15188,95,98145,4348,28384,3,0
$$HAR,18:16:47,420118933,-936504258,269586,27044640,15190,95,98139,4348,28390,3,0
$$HAR,18:16:50,420118995,-936509653,270893,27066968,14626,95,98129,4348,28372,3,0
$$HAR,18:16:53,420119027,-936515098,272095,27059182,15557,95,98121,4348,28367,3,0
$$HAR,18:16:56,420119051,-936520883,272276,26949550,16421,95,98111,4349,28369,3,0
$$HAR,18:16:59,420119039,-936527064,271374,26992298,17552,99,98104,4349,28363,3,0
$$HAR,18:17:2,420119035,-936533504,270502,26995074,17870,99,98096,4349,28369,3,0
$$HAR,18:17:5,420119039,-936540048,269933,26961834,18255,99,98094,4349,28363,3,0
$$HAR,18:17:8,420119039,-936546693,269835,27012866,18321,96,98094,4349,28363,3,0
$$HAR,18:17:11,420119046,-936553274,270087,27001352,17984,95,98090,4349,28363,3,0
$$HAR,18:17:14,420119093,-936559801,267718,27040320,18113,95,98090,4349,28357,3,0
$$HAR,18:17:17,420119157,-936566344,266637,27099112,17919,99,98096,4349,28357,3,0
$$HAR,18:17:20,420119233,-936572566,268664,27058248,16412,100,98104,4350,28359,3,0
$$HAR,18:17:23,420119301,-936578051,270375,27083728,13971,96,98104,4350,28347,3,0
$$HAR,18:17:26,420119358,-936582945,271203,27068878,13135,96,98100,4350,28342,3,0
$$HAR,18:17:29,420119430,-936586909,271183,27362020,7618,95,98098,4350,28342,3,0
$$HAR,18:17:32,420120186,-936588802,270947,32244312,6416,94,98096,4350,28336,3,0
$$HAR,18:17:35,420122357,-936589187,270746,35939572,10340,94,98098,4350,28347,3,0
$$HAR,18:17:38,420125738,-936589263,269698,35920600,14268,94,98096,4350,28353,3,0
$$HAR,18:17:41,420129858,-936589353,269592,35910812,16234,94,98092,4350,28320,3,0
$$HAR,18:17:44,420134402,-936589449,270076,35898724,17442,94,98090,4350,28286,3,0
$$HAR,18:17:47,420139160,-936589561,270373,35909336,18110,94,98088,4350,28246,3,0
$$HAR,18:17:50,420144171,-936589672,270704,35885444,19118,94,98084,4350,28223,3,0
$$HAR,18:17:53,420149474,-936589799,270840,35923228,20018,94,98076,4350,28217,3,0
$$HAR,18:17:56,420154904,-936589921,271023,35909228,20130,94,98070,4350,28223,3,0
$$HAR,18:17:59,420160292,-936590041,270589,35922352,19959,94,98066,4350,28212,3,0
$$HAR,18:18:2,420165674,-936590181,269146,35917108,19965,94,98066,4350,28217,3,0
$$HAR,18:18:5,420171077,-936590350,266505,35919388,20049,94,98070,4350,28217,3,0
$$HAR,18:18:8,420176319,-936590539,262476,35856576,18908,101,98078,4350,28212,3,0
$$HAR,18:18:11,420181393,-936590712,260480,35886112,18741,98,98096,4350,28223,3,0
$$HAR,18:18:14,420186403,-936590842,259437,35787020,18248,93,98115,4350,28223,3,0
$$HAR,18:18:17,420191163,-936590989,260835,35914352,16918,93,98133,4350,28223,3,0
$$HAR,18:18:20,420195588,-936591050,261392,35907120,15904,93,98143,4350,28217,3,0
$$HAR,18:18:23,420199767,-936591098,263204,35897440,15032,94,98149,4350,28217,3,0
$$HAR,18:18:26,420203705,-936591174,264672,35835704,14300,94,98153,4350,28217,3,0
$$HAR,18:18:29,420207460,-936591244,265309,35938580,13287,98,98153,4351,28206,3,0
$$HAR,18:18:32,420210980,-936591298,265420,35884240,12588,98,98153,4351,28206,3,0
$$HAR,18:18:35,420214287,-936591183,267510,104215,12441,98,98149,4351,28206,3,0
$$HAR,18:18:38,420217398,-936591056,270403,341963,11078,98,98145,4351,28200,3,0
$$HAR,18:18:41,420219995,-936590869,270149,475764,8813,98,98137,4351,28189,3,0
$$HAR,18:18:44,420222145,-936590665,271372,37285,7287,98,98129,4351,28189,3,0
$$HAR,18:18:47,420224144,-936590682,271633,35984884,7216,98,98123,4351,28189,3,0
$$HAR,18:18:50,420225597,-936590391,271686,1456349,3928,98,98119,4351,28183,3,0
$$HAR,18:18:53,420226464,-936589079,270693,6790160,7102,98,98117,4351,28189,3,0
$$HAR,18:18:56,420226708,-936585838,269643,8880094,11033,98,98117,4351,28200,3,0
$$HAR,18:18:59,420226828,-936581261,268339,8852966,13955,98,98117,4351,28189,3,0
$$HAR,18:19:2,420227056,-936576089,266240,8736376,14230,98,98117,4351,28178,3,0
$$HAR,18:19:5,420227173,-936571014,265084,9010240,13336,98,98117,4351,28167,3,0
$$HAR,18:19:8,420227205,-936566222,264952,9003974,12942,98,98121,4351,28149,3,0
$$HAR,18:19:11,420227234,-936561496,264500,9001422,13672,98,98127,4352,28145,3,0
$$HAR,18:19:14,420227256,-936556448,264236,9014952,13911,98,98131,4352,28145,3,0
$$HAR,18:19:17,420227307,-936551463,264421,8917516,13713,102,98137,4352,28145,3,0
$$HAR,18:19:20,420227302,-936547005,264532,9026418,11092,114,98141,4352,28145,3,0
$$HAR,18:19:23,420227345,-936544055,264410,8733822,5932,110,98151,4352,28163,3,0
$$HAR,18:19:26,420228171,-936542515,265180,3788120,5858,105,98161,4352,28179,3,0
$$HAR,18:19:29,420230100,-936542376,266666,35798148,9138,108,98168,4353,28163,3,0
$$HAR,18:19:32,420232916,-936542526,267531,35843588,11516,108,98172,4353,28129,3,0
$$HAR,18:19:35,420236132,-936542578,267452,35938508,12176,121,98174,4353,28090,3,0
$$HAR,18:19:38,420239442,-936542666,267531,35861368,12276,111,98172,4354,28091,3,0
$$HAR,18:19:41,420242680,-936542753,267361,35894812,12046,103,98172,4354,28114,3,0
$$HAR,18:19:44,420245854,-936542825,267638,35891408,11453,102,98172,4354,28130,3,0
$$HAR,18:19:47,420248605,-936542919,267871,35830564,9040,96,98170,4354,28136,3,0
$$HAR,18:19:50,420250841,-936542998,268080,35904008,7483,103,98168,4355,28149,3,0
$$HAR,18:19:53,420252125,-936543022,268876,35860208,1837,108,98166,4355,28155,3,0
$$HAR,18:19:56,420252663,-936543030,268881,117481,3408,103,98166,4355,28155,3,0
$$HAR,18:19:59,420254116,-936543142,268548,35584604,7268,96,98166,4355,28160,3,0
$$HAR,18:20:2,420256157,-936543293,267874,35745412,7481,96,98166,4356,28145,3,0
$$HAR,18:20:5,420258101,-936543304,267841,35898208,6703,94,98166,4356,28140,3,0
$$HAR,18:20:8,420259819,-936543330,268118,25770,5947,97,98166,4356,28145,3,0
$$HAR,18:20:11,420261044,-936543349,267363,72587,2259,102,98172,4356,28157,3,0
$$HAR,18:20:14,420261544,-936543361,266236,35247396,1788,96,98174,4356,28168,3,0
$$HAR,18:20:17,420262221,-936543538,265859,34885100,2541,96,98176,4356,28174,3,0
$$HAR,18:20:20,420262722,-936543624,266108,35249816,2421,96,98178,4357,28168,3,0
$$HAR,18:20:23,420263819,-936543728,266187,35774512,5405,96,98180,4357,28168,3,0
$$HAR,18:20:26,420265447,-936543555,266114,481700,6594,115,98182,4357,28163,3,0
$$HAR,18:20:29,420266975,-936543398,265719,35980452,4512,126,98184,4357,28174,3,0
$$HAR,18:20:32,420268128,-936543500,266450,35459540,4384,116,98186,4357,28174,3,0
$$HAR,18:20:35,420269780,-936543587,267619,35943620,7591,100,98190,4357,28179,3,0
$$HAR,18:20:38,420272066,-936543661,268337,35437088,9010,98,98192,4357,28174,3,0
$$HAR,18:20:41,420274280,-936544075,267568,34822800,8190,105,98196,4358,28172,3,0
$$HAR,18:20:44,420276421,-936544298,267852,35045768,8218,118,98202,4358,28177,3,0
$$HAR,18:20:47,420278471,-936545065,267617,34291360,7019,105,98204,4358,28183,3,0
$$HAR,18:20:50,420280008,-936545524,265704,35239852,3977,99,98204,4358,28172,3,0
$$HAR,18:20:53,420280873,-936544624,265242,6385783,5411,98,98204,4358,28172,3,0
$$HAR,18:20:56,420281076,-936542575,267526,8753930,5799,95,98202,4358,28199,3,0
$$HAR,18:20:59,420280612,-936541036,267313,13274722,4519,95,98198,4358,28199,3,0
$$HAR,18:21:2,420279280,-936540874,266868,18070322,6036,95,98194,4358,28194,3,0
$$HAR,18:21:5,420277582,-936540982,267963,18122064,6555,106,98192,4358,28205,3,0
$$HAR,18:21:8,420275901,-936540897,268095,17926110,5783,112,98188,4358,28172,3,0
$$HAR,18:21:11,420274522,-936540859,269062,18088814,4755,112,98188,4358,28160,3,0
$$HAR,18:21:14,420273531,-936540773,270768,17555980,3125,107,98188,4358,28143,3,0
$$HAR,18:21:17,420272874,-936540197,270856,14350936,2788,108,98188,4358,28120,3,0
$$HAR,18:21:20,420272766,-936539360,271035,9980490,1691,106,98190,4359,28120,3,0
$$HAR,18:21:23,420272805,-936539093,270987,9161358,49,101,98188,4359,28120,3,0
$$HAR,18:21:26,420272859,-936539047,272198,9161358,35,101,98188,4359,28126,3,0
$$HAR,18:21:29,420272923,-936538981,273345,9161358,97,101,98188,4359,28126,3,0
$$HAR,18:21:32,420272954,-936538932,275167,9161358,103,99,98186,4359,28138,3,0
$$HAR,18:21:35,420272974,-936538901,276289,9161358,69,102,98186,4359,28154,3,0
$$HAR,18:21:38,420272983,-936538875,276949,9161358,100,104,98186,4359,28154,3,0
$$HAR,18:21:41,420272992,-936538873,276610,9161358,33,103,98184,4359,28160,3,0
$$HAR,18:21:44,420272993,-936538891,275504,9161358,11,115,98184,4360,28169,3,0
$$HAR,18:21:47,420272993,-936538916,273819,9161358,58,117,98184,4360,28169,3,0
$$HAR,18:21:50,420272997,-936538924,272587,9161358,85,108,98184,4360,28175,3,0
$$HAR,18:21:53,420273008,-936538901,272082,9161358,98,106,98184,4360,28180,3,0
$$HAR,18:21:56,420273010,-936538899,272403,9161358,38,100,98182,4360,28180,3,0
$$HAR,18:21:59,420272977,-936538914,272490,9161358,65,101,98182,4360,28187,3,0
$$HAR,18:22:2,420272939,-936538935,272653,9161358,206,101,98186,4360,28187,3,0
$$HAR,18:22:5,420272885,-936538989,271281,9161358,46,108,98186,4360,28192,3,0
$$HAR,18:22:8,420272850,-936539040,269903,9161358,39,108,98186,4361,28192,3,0
$$HAR,18:22:11,420272822,-936539100,268451,9161358,62,108,98184,4361,28192,3,0
$$HAR,18:22:14,420272810,-936539144,268962,9161358,112,101,98184,4361,28203,3,0
$$HAR,18:22:17,420272804,-936539162,269835,9161358,15,101,98184,4361,28203,3,0
$$HAR,18:22:20,420272810,-936539167,270119,9161358,38,100,98184,4361,28203,3,0
$$HAR,18:22:23,420272807,-936539182,270181,9161358,62,103,98184,4361,28203,3,0
$$HAR,18:22:26,420272815,-936539192,270411,9161358,56,98,98182,4361,28203,3,0
$$HAR,18:22:29,420272816,-936539185,270335,9161358,166,103,98184,4361,28209,3,0
$$HAR,18:22:32,420272812,-936539211,268975,9161358,85,100,98184,4361,28209,3,0
$$HAR,18:22:35,420272813,-936539231,268042,9161358,15,103,98184,4362,28209,3,0
$$HAR,18:22:38,420272810,-936539245,267286,9161358,71,103,98182,4362,28209,3,0
$$HAR,18:22:41,420272795,-936539319,266077,11983900,488,100,98182,4362,28214,3,0
$$HAR,18:22:44,420272727,-936539380,264853,11983900,11,100,98182,4362,28220,3,1
$$HAR,18:22:47,420272723,-936539404,265737,11983900,70,90,98182,4362,28220,3,0
$$HAR,18:22:50,420272712,-936539455,265632,11983900,85,95,98182,4362,28232,3,0
$$HAR,18:22:53,420272710,-936539518,265943,11983900,58,95,98186,4363,28233,3,0
$$HAR,18:22:56,420272696,-936539569,266059,11983900,42,95,98186,4363,28233,3,0
$$HAR,18:22:59,420272695,-936539581,265766,11983900,505,120,98186,4363,28233,3,0
$$HAR,18:23:2,420272784,-936539512,265253,11983900,51,107,98186,4363,28233,3,0
$$HAR,18:23:5,420272729,-936539578,264496,11983900,30,96,98186,4363,28228,3,0
$$HAR,18:23:8,420272661,-936539613,264924,11983900,93,90,98184,4363,28239,3,0
$$HAR,18:23:11,420272627,-936539618,264868,11983900,45,95,98184,4363,28239,3,0
$$HAR,18:23:14,420272626,-936539612,264761,11983900,61,95,98184,4363,28239,3,0
$$HAR,18:23:17,420272605,-936539609,264405,11983900,72,95,98182,4363,28233,3,0
$$HAR,18:23:20,420272576,-936539646,264370,11983900,111,90,98182,4363,28239,3,0
$$HAR,18:23:23,420272472,-936539540,264994,11983900,140,90,98182,4364,28244,3,0
$$HAR,18:23:26,420272484,-936539539,265395,11983900,105,96,98184,4364,28244,3,0
$$HAR,18:23:29,420272493,-936539587,265792,11983900,60,99,98184,4364,28251,3,0
$$HAR,18:23:32,420272497,-936539589,266627,11983900,101,103,98184,4364,28244,3,0
$$HAR,18:23:35,420272526,-936539565,266698,11983900,66,104,98182,4364,28251,3,0
$$HAR,18:23:38,420272525,-936539611,267015,11983900,114,104,98182,4364,28244,3,0
$$HAR,18:23:41,420272515,-936539646,267417,11983900,133,105,98182,4364,28244,3,0
$$HAR,18:23:44,420272516,-936539666,267213,11983900,309,106,98182,4364,28244,3,0
$$HAR,18:23:47,420272522,-936539657,268172,11983900,65,98,98182,4364,28251,3,0
$$HAR,18:23:50,420272504,-936539735,269398,11983900,79,95,98184,4365,28253,3,0
$$HAR,18:23:53,420272476,-936539813,270663,11983900,113,101,98184,4365,28242,3,0
$$HAR,18:23:56,420272448,-936539819,272448,11983900,23,106,98184,4365,28225,3,0
$$HAR,18:23:59,420272440,-936539787,273389,11983900,79,99,98184,4365,28208,3,0
$$HAR,18:24:2,420272447,-936539770,274226,11983900,95,93,98184,4365,28197,3,0
$$HAR,18:24:5,420272432,-936539714,273623,11983900,66,97,98184,4365,28180,3,0
$$HAR,18:24:8,420272450,-936539626,272388,11983900,96,109,98184,4365,28192,3,0
$$HAR,18:24:11,420272448,-936539526,271103,11983900,33,100,98184,4365,28192,3,0
$$HAR,18:24:14,420272445,-936539504,270706,11983900,85,99,98184,4365,28185,3,0
$$HAR,18:24:17,420272453,-936539484,270274,11983900,36,100,98184,4365,28185,3,0
$$HAR,18:24:20,420272461,-936539472,269809,11983900,106,99,98184,4365,28163,3,0
$$HAR,18:24:23,420272475,-936539471,269508,11983900,18,95,98184,4365,28163,3,0
$$HAR,18:24:26,420272528,-936539572,269060,11983900,83,95,98184,4365,28174,3,0
$$HAR,18:24:29,420272579,-936539643,268926,11983900,93,95,98184,4365,28168,3,0
$$HAR,18:24:32,420272572,-936539644,268167,11983900,48,100,98184,4365,28180,3,0
$$HAR,18:24:35,420272551,-936539554,267531,11983900,52,100,98184,4365,28185,3,0
$$HAR,18:24:38,420272535,-936539524,266883,11983900,106,100,98182,4365,28185,3,0
$$HAR,18:24:41,420272528,-936539513,266744,11983900,85,100,98182,4365,28197,3,0
$$HAR,18:24:44,420272532,-936539497,267149,11983900,23,102,98182,4365,28197,3,0
$$HAR,18:24:47,420272547,-936539391,267142,11983900,253,100,98182,4365,28197,3,0
$$HAR,18:24:50,420272572,-936539315,268503,11983900,222,108,98180,4365,28203,3,0
$$HAR,18:24:53,420272460,-936539249,268372,18058856,695,97,98178,4365,28192,3,0
$$HAR,18:24:56,420272326,-936539087,267785,14256980,320,97,98178,4366,28180,3,0
$$HAR,18:24:59,420272335,-936539089,267648,14256980,76,102,98176,4366,28145,3,0
$$HAR,18:25:2,420272342,-936538918,269330,12370586,526,98,98174,4367,28108,3,0
$$HAR,18:25:5,420272368,-936538783,270356,12370586,16,98,98176,4367,28085,3,0
$$HAR,18:25:8,420272379,-936538646,271876,12370586,16,95,98176,4368,28096,3,0
$$HAR,18:25:11,420272401,-936538552,272948,12370586,47,95,98174,4368,28085,3,0
$$HAR,18:25:14,420272425,-936538504,273198,12370586,12,96,98174,4369,28088,3,0
$$HAR,18:25:17,420272446,-936538481,273357,12370586,42,96,98176,4369,28099,3,0
$$HAR,18:25:20,420272458,-936538481,273142,12370586,5,96,98176,4369,28105,3,0
$$HAR,18:25:23,420272458,-936538535,272322,12370586,23,99,98176,4370,28106,3,0
$$HAR,18:25:26,420272457,-936538519,272155,12342564,369,95,98174,4370,28095,3,0
$$HAR,18:25:29,420272372,-936538357,272420,7973531,614,127,98174,4371,28079,3,0
$$HAR,18:25:32,420272303,-936538094,271062,8885648,1232,102,98174,4371,28050,3,0
$$HAR,18:25:35,420272371,-936537684,269551,8868454,1204,99,98174,4372,28013,3,0
$$HAR,18:25:38,420272247,-936537311,269397,11574966,1176,99,98172,4372,27986,3,0
$$HAR,18:25:41,420272020,-936537041,268453,13448342,932,99,98176,4373,27951,3,0
$$HAR,18:25:44,420271826,-936536893,265605,15059578,423,99,98174,4374,27936,3,0
$$HAR,18:25:47,420271659,-936536847,266353,17143076,425,99,98172,4374,27919,3,0
$$HAR,18:25:50,420271605,-936536849,266051,17143076,61,104,98174,4375,27909,3,0
$$HAR,18:25:53,420271601,-936536960,266337,19303334,211,105,98172,4376,27854,3,0
$$HAR,18:25:56,420271588,-936536950,265339,19303334,488,118,98172,4376,27786,3,0
$$HAR,18:25:59,420271583,-936536924,264808,19303334,41,108,98170,4377,27747,3,0
$$HAR,18:26:2,420271596,-936536955,266527,19575164,712,103,98172,4378,27749,3,0
$$HAR,18:26:5,420271331,-936536949,270089,19234844,344,119,98172,4378,27749,3,0
$$HAR,18:26:8,420271002,-936537084,273092,19452068,695,125,98172,4379,27737,3,0
$$HAR,18:26:11,420271173,-936537051,271093,11489954,2511,121,98170,4380,27718,3,0
$$HAR,18:26:14,420271399,-936536695,268557,7917381,1548,113,98168,4381,27684,3,0
$$HAR,18:26:17,420270906,-936536792,269997,14165372,3935,123,98170,4381,27667,3,0
$$HAR,18:26:20,420270468,-936536891,270202,16811458,3254,128,98168,4382,27667,3,0
$$HAR,18:26:23,420270280,-936536912,265003,16811458,813,123,98168,4383,27668,3,0
$$HAR,18:26:26,420270063,-936537265,263134,16811458,1275,154,98168,4384,27653,3,0
$$HAR,18:26:29,420269228,-936538580,262097,16811458,3122,124,98168,4385,27617,3,0
$$HAR,18:26:32,420268167,-936539351,257915,21727864,1061,146,98168,4386,27561,3,0
$$HAR,18:26:35,420268607,-936538766,258068,21727864,1060,134,98168,4387,27535,3,0
$$HAR,18:26:38,420268945,-936537523,257429,21727864,1542,128,98166,4387,27496,3,0
$$HAR,18:26:41,420268925,-936536937,252181,21727864,2781,128,98166,4388,27462,3,0
$$HAR,18:26:44,420268902,-936536793,249621,21727864,839,128,98165,4389,27441,3,0
$$HAR,18:26:47,420268984,-936537120,245045,21727864,3830,155,98166,4390,27453,3,0
$$HAR,18:26:50,420269044,-936537874,238212,21727864,2643,147,98165,4391,27459,3,0
$$HAR,18:26:53,420268678,-936540237,224407,22898280,5473,127,98163,4391,27465,3,0
$$HAR,18:26:56,420269057,-936543199,217620,27064734,9340,144,98168,4392,27399,3,0
$$HAR,18:26:59,420269022,-936546384,200607,27723350,12477,133,98166,4393,27291,3,0
$$HAR,18:27:2,420269140,-936551061,210449,27712406,15783,9999,98166,4394,27254,0,0
$$HAR,18:27:5,420269669,-936556734,200408,27712406,15783,9999,98166,4395,27261,0,0
$$HAR,18:27:8,420270197,-936562407,190368,27712406,15783,9999,98166,4396,27262,0,0
$$HAR,18:27:11,420270726,-936568080,180328,27712406,15783,9999,98165,4397,27235,0,0
$$HAR,18:27:14,420270902,-936569971,176982,27712406,0,9999,98166,4398,27198,0,0
$$HAR,18:27:17,420270902,-936569971,176982,27712406,0,9999,98165,4400,27123,0,0
$$HAR,18:27:20,420270902,-936569971,176982,27712406,0,9999,98166,4401,27067,0,0
$$HAR,18:27:23,420270902,-936569971,176982,27712406,0,9999,98165,4402,27067,0,0
$$HAR,18:27:26,420270902,-936569971,176982,27712406,0,9999,98166,4403,27069,0,0
$$HAR,18:27:29,420270902,-936569971,176982,27712406,0,9999,98165,4404,27030,0,0
$$HAR,18:27:32,420270902,-936569971,176982,27712406,0,9999,98165,4405,26999,0,0
$$HAR,18:27:35,420270902,-936569971,176982,27712406,0,9999,98166,4407,27001,0,0
$$HAR,18:27:38,420270902,-936569971,176982,27712406,0,9999,98165,4408,27028,0,0
$$HAR,18:27:41,420270902,-936569971,176982,27712406,0,9999,98168,4409,27031,0,0
$$HAR,18:27:44,420270902,-936569971,176982,27712406,0,9999,98166,4410,26998,0,0
$$HAR,18:27:47,420270902,-936569971,176982,27712406,0,9999,98168,4411,26942,0,0
$$HAR,18:27:50,420270902,-936569971,176982,27712406,0,9999,98170,4412,26928,0,0
$$HAR,18:27:53,420270902,-936569971,176982,27712406,0,9999,98176,4413,26917,0,0
$$HAR,18:27:56,420270902,-936569971,176982,27712406,0,9999,98184,4414,26930,0,0
$$HAR,18:27:59,420270902,-936569971,176982,27712406,0,9999,98194,4415,26937,0,0
$$HAR,18:28:2,420270902,-936569971,176982,27712406,0,9999,98200,4416,26949,0,0
$$HAR,18:28:5,420270902,-936569971,176982,27712406,0,9999,98204,4417,26945,0,0
$$HAR,18:28:8,420270902,-936569971,176982,27712406,0,9999,98210,4417,26945,0,0
$$HAR,18:28:11,420270902,-936569971,176982,27712406,0,9999,98212,4418,26930,0,0
$$HAR,18:28:14,420270902,-936569971,176982,27712406,0,9999,98222,4419,26925,0,0
$$HAR,18:28:17,420270902,-936569971,176982,27712406,0,9999,98222,4420,26916,0,0
$$HAR,18:28:20,420270902,-936569971,176982,27712406,0,9999,98224,4421,26900,0,0
$$HAR,18:28:23,420270902,-936569971,176982,27712406,0,9999,98226,4422,26837,0,0
$$HAR,18:28:26,420270902,-936569971,176982,27712406,0,9999,98224,4423,26822,0,0
$$HAR,18:28:29,420270902,-936569971,176982,27712406,0,9999,98226,4424,26784,0,1
$$HAR,18:28:32,420270902,-936569971,176982,27712406,0,9999,98226,4424,26739,0,0
$$HAR,18:28:35,420270902,-936569971,176982,27712406,0,9999,98230,4425,26707,0,0
$$HAR,18:28:38,420270902,-936569971,176982,27712406,0,9999,98228,4426,26709,0,0
$$HAR,18:28:41,420270902,-936569971,176982,27712406,0,9999,98226,4427,26699,0,0
$$HAR,18:28:44,420270902,-936569971,176982,27712406,0,9999,98228,4428,26648,0,0
$$HAR,18:28:47,420270902,-936569971,176982,27712406,0,9999,98226,4429,26606,0,0
$$HAR,18:28:50,420270902,-936569971,176982,27712406,0,9999,98228,4430,26596,0,0
$$HAR,18:28:53,420270902,-936569971,176982,27712406,0,9999,98226,4431,26607,0,0
$$HAR,18:28:56,420270902,-936569971,176982,27712406,0,9999,98228,4432,26603,0,0
$$HAR,18:28:59,420270902,-936569971,176982,27712406,0,9999,98226,4433,26486,0,0
$$HAR,18:29:2,420270902,-936569971,176982,27712406,0,9999,98226,4434,26347,0,0
$$HAR,18:29:5,420270902,-936569971,176982,27712406,0,9999,98224,4435,26349,0,0
$$HAR,18:29:8,420270902,-936569971,176982,27712406,0,9999,98226,4436,26312,0,0
$$HAR,18:29:11,420270902,-936569971,176982,27712406,0,9999,98224,4437,26312,0,0
$$HAR,18:29:14,420270902,-936569971,176982,27712406,0,9999,98222,4437,26345,0,0
$$HAR,18:29:17,420270902,-936569971,176982,27712406,0,9999,98224,4438,26393,0,0
$$HAR,18:29:20,420270902,-936569971,176982,27712406,0,9999,98224,4439,26404,0,0
$$HAR,18:29:23,420270902,-936569971,176982,27712406,0,9999,98224,4439,26404,0,0
$$HAR,18:29:26,420270902,-936569971,176982,27712406,0,9999,98224,4439,26393,0,0
$$HAR,18:29:29,420270902,-936569971,176982,27712406,0,9999,98224,4440,26329,0,0
$$HAR,18:29:32,420270902,-936569971,176982,27712406,0,9999,98228,4440,26273,0,0
$$HAR,18:29:35,420270902,-936569971,176982,27712406,0,9999,98228,4440,26267,0,0
$$HAR,18:29:38,420270902,-936569971,176982,27712406,0,9999,98228,4440,26278,0,0
$$HAR,18:29:41,420270902,-936569971,176982,27712406,0,9999,98228,4440,26267,0,0
$$HAR,18:29:44,420270902,-936569971,176982,27712406,0,9999,98224,4440,26256,0,0
$$HAR,18:29:47,420270902,-936569971,176982,27712406,0,9999,98224,4440,26273,0,0
$$HAR,18:29:50,420270902,-936569971,176982,27712406,0,9999,98226,4439,26303,0,0
$$HAR,18:29:53,420270902,-936569971,176982,27712406,0,9999,98226,4439,26315,0,0
$$HAR,18:29:56,420270902,-936569971,176982,27712406,0,9999,98226,4439,26320,0,0
$$HAR,18:29:59,420270902,-936569971,176982,27712406,0,9999,98228,4438,26309,0,0
$$HAR,18:30:2,420270902,-936569971,176982,27712406,0,9999,98226,4438,26298,0,0
$$HAR,18:30:5,420270902,-936569971,176982,27712406,0,9999,98226,4437,26278,0,0
$$HAR,18:30:8,420270902,-936569971,176982,27712406,0,9999,98228,4436,26272,0,0
$$HAR,18:30:11,420270902,-936569971,176982,27712406,0,9999,98228,4436,26267,0,1
$$HAR,18:30:14,420270902,-936569971,176982,27712406,0,9999,98226,4435,26254,0,0
$$HAR,18:30:17,420270902,-936569971,176982,27712406,0,9999,98228,4434,26247,0,0
$$HAR,18:30:20,420270902,-936569971,176982,27712406,0,9999,98226,4434,26235,0,0
$$HAR,18:30:23,420270902,-936569971,176982,27712406,0,9999,98228,4433,26234,0,0
$$HAR,18:30:26,420270902,-936569971,176982,27712406,0,9999,98230,4432,26222,0,0
$$HAR,18:30:29,420270902,-936569971,176982,27712406,0,9999,98228,4431,26214,0,0
$$HAR,18:30:32,420270902,-936569971,176982,27712406,0,9999,98230,4430,26191,0,0
$$HAR,18:30:35,420270902,-936569971,176982,27712406,0,9999,98232,4430,26198,0,0
$$HAR,18:30:38,420270902,-936569971,176982,27712406,0,9999,98230,4429,26190,0,0
$$HAR,18:30:41,420270902,-936569971,176982,27712406,0,9999,98232,4428,26178,0,0
$$HAR,18:30:44,420270902,-936569971,176982,27712406,0,9999,98230,4427,26178,0,0
$$HAR,18:30:47,420270902,-936569971,176982,27712406,0,9999,98232,4427,26161,0,0
$$HAR,18:30:50,420270902,-936569971,176982,27712406,0,9999,98234,4426,26154,0,0
$$HAR,18:30:53,420270902,-936569971,176982,27712406,0,9999,98228,4425,26146,0,0
$$HAR,18:30:56,420270902,-936569971,176982,27712406,0,9999,98230,4424,26145,0,0
$$HAR,18:30:59,420270902,-936569971,176982,27712406,0,9999,98232,4424,26140,0,0
$$HAR,18:31:2,420270902,-936569971,176982,27712406,0,9999,98230,4423,26132,0,0
$$HAR,18:31:5,420270902,-936569971,176982,27712406,0,9999,98230,4422,26125,0,0
$$HAR,18:31:8,420270902,-936569971,176982,27712406,0,9999,98228,4421,26108,0,0
$$HAR,18:31:11,420270902,-936569971,176982,27712406,0,9999,98230,4420,26103,0,0
$$HAR,18:31:14,420270902,-936569971,176982,27712406,0,9999,98230,4419,26088,0,0
$$HAR,18:31:17,420270902,-936569971,176982,27712406,0,9999,98230,4418,26083,0,0
$$HAR,18:31:20,420270902,-936569971,176982,27712406,0,9999,98230,4418,26072,0,0
$$HAR,18:31:23,420270902,-936569971,176982,27712406,0,9999,98228,4417,26064,0,0
$$HAR,18:31:26,420270902,-936569971,176982,27712406,0,9999,98230,4416,26058,0,0
$$HAR,18:31:29,420270902,-936569971,176982,27712406,0,9999,98230,4415,26039,0,0
$$HAR,18:31:32,420270902,-936569971,176982,27712406,0,9999,98230,4414,26038,0,0
$$HAR,18:31:35,420270902,-936569971,176982,27712406,0,9999,98230,4413,26025,0,0
$$HAR,18:31:38,420270902,-936569971,176982,27712406,0,9999,98228,4413,26014,0,0
$$HAR,18:31:41,420270902,-936569971,176982,27712406,0,9999,98230,4412,26008,0,0
$$HAR,18:31:44,420270902,-936569971,176982,27712406,0,9999,98230,4411,26000,0,0
$$HAR,18:31:47,420270902,-936569971,176982,27712406,0,9999,98228,4410,25989,0,0
$$HAR,18:31:50,420270902,-936569971,176982,27712406,0,9999,98230,4410,25983,0,0
$$HAR,18:31:53,420270902,-936569971,176982,27712406,0,9999,98232,4409,25970,0,0
$$HAR,18:31:56,420270902,-936569971,176982,27712406,0,9999,98226,4408,25962,0,0
$$HAR,18:31:59,420270902,-936569971,176982,27712406,0,9999,98228,4407,25951,0,0
$$HAR,18:32:2,420270902,-936569971,176982,27712406,0,9999,98228,4407,25951,0,0
$$HAR,18:32:5,420270902,-936569971,176982,27712406,0,9999,98226,4406,25939,0,0
$$HAR,18:32:8,420270902,-936569971,176982,27712406,0,9999,98228,4405,25933,0,0
$$HAR,18:32:11,420270902,-936569971,176982,27712406,0,9999,98226,4404,25925,0,0
$$HAR,18:32:14,420270902,-936569971,176982,27712406,0,9999,98228,4403,25925,0,0
$$HAR,18:32:17,420270902,-936569971,176982,27712406,0,9999,98228,4403,25913,0,0
$$HAR,18:32:20,420270902,-936569971,176982,27712406,0,9999,98226,4402,25906,0,0
$$HAR,18:32:23,420270902,-936569971,176982,27712406,0,9999,98228,4401,25906,0,0
$$HAR,18:32:26,420270902,-936569971,176982,27712406,0,9999,98230,4400,25900,0,0
$$HAR,18:32:29,420270902,-936569971,176982,27712406,0,9999,98228,4399,25891,0,0
$$HAR,18:32:32,420270902,-936569971,176982,27712406,0,9999,98230,4399,25874,0,0
$$HAR,18:32:35,420270902,-936569971,176982,27712406,0,9999,98228,4398,25868,0,0
$$HAR,18:32:38,420270902,-936569971,176982,27712406,0,9999,98228,4397,25854,0,0
$$HAR,18:32:41,420270902,-936569971,176982,27712406,0,9999,98230,4396,25843,0,0
$$HAR,18:32:44,420270902,-936569971,176982,27712406,0,9999,98228,4396,25826,0,0
$$HAR,18:32:47,420270902,-936569971,176982,27712406,0,9999,98228,4395,25797,0,0
$$HAR,18:32:50,420270902,-936569971,176982,27712406,0,9999,98230,4394,25779,0,0
$$HAR,18:32:53,420270902,-936569971,176982,27712406,0,9999,98228,4394,25762,0,0
$$HAR,18:32:56,420270902,-936569971,176982,27712406,0,9999,98230,4393,25755,0,0
$$HAR,18:32:59,420270902,-936569971,176982,27712406,0,9999,98230,4392,25727,0,0
$$HAR,18:33:2,420270902,-936569971,176982,27712406,0,9999,98226,4391,25692,0,0
$$HAR,18:33:5,420270902,-936569971,176982,27712406,0,9999,98228,4390,25648,0,0
$$HAR,18:33:8,420270902,-936569971,176982,27712406,0,9999,98226,4389,25601,0,0
$$HAR,18:33:11,420270902,-936569971,176982,27712406,0,9999,98226,4388,25605,0,0
$$HAR,18:33:14,420270902,-936569971,176982,27712406,0,9999,98226,4388,25616,0,0
$$HAR,18:33:17,420270902,-936569971,176982,27712406,0,9999,98224,4387,25634,0,0
$$HAR,18:33:20,420270902,-936569971,176982,27712406,0,9999,98226,4386,25643,0,0
$$HAR,18:33:23,420270902,-936569971,176982,27712406,0,9999,98226,4386,25637,0,0
$$HAR,18:33:26,420270902,-936569971,176982,27712406,0,9999,98224,4385,25569,0,0
$$HAR,18:33:29,420270902,-936569971,176982,27712406,0,9999,98224,4385,25480,0,0
$$HAR,18:33:32,420270902,-936569971,176982,27712406,0,9999,98226,4384,25404,0,0
$$HAR,18:33:35,420270902,-936569971,176982,27712406,0,9999,98226,4383,25364,0,0
$$HAR,18:33:38,420270902,-936569971,176982,27712406,0,9999,98224,4382,25396,0,0
$$HAR,18:33:41,420270902,-936569971,176982,27712406,0,9999,98226,4382,25423,0,0
$$HAR,18:33:44,420270902,-936569971,176982,27712406,0,9999,98224,4381,25418,0,0
$$HAR,18:33:47,420270902,-936569971,176982,27712406,0,9999,98224,4381,25412,0,0
$$HAR,18:33:50,420270902,-936569971,176982,27712406,0,9999,98224,4380,25440,0,0
$$HAR,18:33:53,420270902,-936569971,176982,27712406,0,9999,98226,4379,25454,0,0
$$HAR,18:33:56,420270902,-936569971,176982,27712406,0,9999,98224,4379,25449,0,0
$$HAR,18:33:59,420270902,-936569971,176982,27712406,0,9999,98224,4378,25454,0,0
$$HAR,18:34:2,420270902,-936569971,176982,27712406,0,9999,98224,4377,25452,0,0
$$HAR,18:34:5,420270902,-936569971,176982,27712406,0,9999,98222,4377,25425,0,0
$$HAR,18:34:8,420270902,-936569971,176982,27712406,0,9999,98224,4376,25330,0,0
$$HAR,18:34:11,420270902,-936569971,176982,27712406,0,9999,98224,4375,25278,0,0
$$HAR,18:34:14,420270902,-936569971,176982,27712406,0,9999,98222,4374,25261,0,0
$$HAR,18:34:17,420270902,-936569971,176982,27712406,0,9999,98224,4373,25304,0,0
$$HAR,18:34:20,420270902,-936569971,176982,27712406,0,9999,98222,4371,25006,0,0
$$HAR,18:34:23,420270902,-936569971,176982,27712406,0,9999,98222,4369,24750,0,0
$$HAR,18:34:26,420270902,-936569971,176982,27712406,0,9999,98222,4367,24663,0,0
$$HAR,18:34:29,420270902,-936569971,176982,27712406,0,9999,98222,4364,24676,0,0
$$HAR,18:34:32,420270902,-936569971,176982,27712406,0,9999,98222,4362,24718,0,0
$$HAR,18:34:35,420270902,-936569971,176982,27712406,0,9999,98222,4360,24188,0,0
$$HAR,18:34:38,420270902,-936569971,176982,27712406,0,9999,98220,4355,22623,0,0
$$HAR,18:34:41,420270902,-936569971,176982,27712406,0,9999,98212,4352,21239,0,0
$$HAR,18:34:44,420270902,-936569971,176982,27712406,0,9999,98212,4347,20455,0,0
$$HAR,18:34:47,420270902,-936569971,176982,27712406,0,9999,98212,4341,20058,0,0
$$HAR,18:34:50,420270902,-936569971,176982,27712406,0,9999,98210,4335,19922,0,0
$$HAR,18:34:53,420270902,-936569971,176982,27712406,0,9999,98210,4328,19728,0,0
$$HAR,18:34:56,420270902,-936569971,176982,27712406,0,9999,98208,4320,19428,0,0
$$HAR,18:34:59,420270902,-936569971,176982,27712406,0,9999,98208,4308,19283,0,0
$$HAR,18:35:2,420270902,-936569971,176982,27712406,0,9999,98208,4294,19264,0,0
$$HAR,18:35:5,420270902,-936569971,176982,27712406,0,9999,98208,4279,19297,0,0
$$HAR,18:35:8,420270902,-936569971,176982,27712406,0,9999,98206,4260,19450,0,0
$$HAR,18:35:11,420270902,-936569971,176982,27712406,0,9999,98204,4244,19646,0,0
$$HAR,18:35:14,420270902,-936569971,176982,27712406,0,9999,98204,4227,19784,0,0
$$HAR,18:35:17,420270902,-936569971,176982,27712406,0,9999,98204,4210,19843,0,0
$$HAR,18:35:20,420270902,-936569971,176982,27712406,0,9999,98204,4191,19837,0,0
$$HAR,18:35:23,420270902,-936569971,176982,27712406,0,9999,98202,4172,19910,0,0
$$HAR,18:35:26,420270902,-936569971,176982,27712406,0,9999,98204,4153,20012,0,0
$$HAR,18:35:29,420270902,-936569971,176982,27712406,0,9999,98200,4134,20139,0,0
$$HAR,18:35:32,420270902,-936569971,176982,27712406,0,9999,98200,4115,20307,0,0
$$HAR,18:35:35,420270902,-936569971,176982,27712406,0,9999,98200,4096,20489,0,0
$$HAR,18:35:38,420270902,-936569971,176982,27712406,0,9999,98202,4079,20652,0,0
$$HAR,18:35:41,420270902,-936569971,176982,27712406,0,9999,98200,4062,20795,0,0
$$HAR,18:35:44,420270902,-936569971,176982,27712406,0,9999,98198,4047,20920,0,0
$$HAR,18:35:47,420270902,-936569971,176982,27712406,0,9999,98196,4033,21019,0,0
$$HAR,18:35:50,420270902,-936569971,176982,27712406,0,9999,98198,4018,21079,0,0
$$HAR,18:35:53,420270902,-936569971,176982,27712406,0,9999,98198,4005,21162,0,0
$$HAR,18:35:56,420270902,-936569971,176982,27712406,0,9999,98196,3993,21249,0,0
$$HAR,18:35:59,420270902,-936569971,176982,27712406,0,9999,98194,3981,21334,0,0
$$HAR,18:36:2,420270902,-936569971,176982,27712406,0,9999,98198,3969,21424,0,0
$$HAR,18:36:5,420270902,-936569971,176982,27712406,0,9999,98198,3957,21514,0,0
$$HAR,18:36:8,420270902,-936569971,176982,27712406,0,9999,98196,3945,21640,0,0
$$HAR,18:36:11,420270902,-936569971,176982,27712406,0,9999,98200,3933,21719,0,0
$$HAR,18:36:14,420270902,-936569971,176982,27712406,0,9999,98198,3920,21830,0,0
$$HAR,18:36:17,420270902,-936569971,176982,27712406,0,9999,98196,3906,21960,0,0
$$HAR,18:36:20,420270902,-936569971,176982,27712406,0,9999,98196,3891,22088,0,0
$$HAR,18:36:23,420270902,-936569971,176982,27712406,0,9999,98196,3875,22261,0,0
