$$HAR,13:58:02,420271511,-936539498,265870,0,59,118,98237,2759,54197,3,0
$$HAR,13:58:05,420271509,-936539518,266377,0,23,118,98237,2761,54333,3,0
$$HAR,13:58:08,420271496,-936539520,266142,0,17,120,98241,2762,54648,3,0
$$HAR,13:58:11,420271476,-936539540,265566,0,45,111,98239,2764,54696,3,0
$$HAR,13:58:14,420271495,-936539554,265470,0,66,109,98241,2765,54578,3,0
$$HAR,13:58:17,420271506,-936539568,265405,0,17,131,98241,2765,54475,3,0
$$HAR,13:58:20,420271505,-936539557,264858,0,140,141,98239,2766,54667,3,0
$$HAR,13:58:23,420271514,-936539543,264261,0,36,120,98241,2765,54707,3,0
$$HAR,13:58:26,420271520,-936539529,264513,0,47,150,98241,2762,54345,3,0
$$HAR,13:58:29,420271512,-936539542,264604,0,58,118,98239,2759,53920,3,0
$$HAR,13:58:32,420271501,-936539537,264526,0,101,105,98237,2755,53796,3,0
$$HAR,13:58:35,420271486,-936539543,264726,0,90,121,98239,2750,53332,3,0
$$HAR,13:58:38,420271473,-936539547,265246,0,98,121,98241,2744,53123,3,0
$$HAR,13:58:41,420271465,-936539532,265880,0,131,121,98239,2737,53012,3,0
$$HAR,13:58:44,420271463,-936539526,266290,0,50,107,98239,2731,53305,3,0
$$HAR,13:58:47,420271438,-936539539,265432,0,53,107,98237,2726,53746,3,0
$$HAR,13:58:50,420271429,-936539547,265050,0,7,107,98239,2721,54145,3,0
$$HAR,13:58:53,420271427,-936539556,265130,0,34,107,98239,2717,54548,3,0
$$HAR,13:58:56,420271437,-936539554,265606,0,144,107,98237,2714,54926,3,0
$$HAR,13:58:59,420271428,-936539547,265829,0,92,111,98235,2711,55216,3,0
$$HAR,13:59:02,420271436,-936539528,266209,0,19,107,98235,2709,55407,3,0
$$HAR,13:59:05,420271438,-936539501,266800,0,91,114,98237,2709,55537,3,0
$$HAR,13:59:08,420271436,-936539475,267329,0,48,124,98235,2708,55423,3,0
$$HAR,13:59:11,420271452,-936539465,267903,0,60,114,98237,2707,55253,3,0
$$HAR,13:59:14,420271478,-936539453,268496,0,66,114,98237,2706,55354,3,0
$$HAR,13:59:17,420271493,-936539452,268657,0,96,103,98237,2706,55528,3,0
$$HAR,13:59:20,420271496,-936539448,268320,0,64,104,98237,2707,55526,3,0
$$HAR,13:59:23,420271519,-936539455,268900,0,56,103,98237,2707,55402,3,0
$$HAR,13:59:26,420271539,-936539466,269242,0,158,103,98237,2707,55436,3,0
$$HAR,13:59:29,420271622,-936539507,270039,0,108,103,98237,2706,55502,3,0
$$HAR,13:59:32,420271629,-936539514,270071,0,99,99,98239,2704,55506,3,0
$$HAR,13:59:35,420271614,-936539526,269500,0,139,114,98237,2703,55739,3,0
$$HAR,13:59:38,420271613,-936539527,268929,0,208,111,98239,2701,55901,3,0
$$HAR,13:59:41,420271584,-936539481,267833,0,99,117,98239,2700,55926,3,0
$$HAR,13:59:44,420271562,-936539446,267085,0,81,104,98241,2700,55901,3,0
$$HAR,13:59:47,420271549,-936539386,266707,0,15,106,98239,2699,55905,3,0
$$HAR,13:59:50,420271522,-936539370,265918,0,27,106,98239,2699,55942,3,0
$$HAR,13:59:53,420271492,-936539367,265000,0,44,106,98239,2699,55974,3,0
$$HAR,13:59:56,420271479,-936539360,264379,0,71,105,98239,2699,56008,3,0
$$HAR,13:59:59,420271473,-936539349,264127,0,29,106,98241,2700,56031,3,0
$$HAR,14:00:02,420271473,-936539352,264022,0,214,105,98239,2701,56044,3,1
$$HAR,14:00:05,420271457,-936539306,264189,20086176,337,105,98241,2702,56062,3,0
$$HAR,14:00:08,420271421,-936539318,264034,20086176,147,117,98241,2704,56084,3,0
$$HAR,14:00:11,420271400,-936539349,263975,20086176,254,130,98243,2706,56066,3,0
$$HAR,14:00:14,420271366,-936539350,263453,20086176,167,105,98243,2708,56070,3,0
$$HAR,14:00:17,420271373,-936539375,263258,20086176,38,103,98243,2710,56052,3,0
$$HAR,14:00:20,420271404,-936539379,263117,20086176,122,103,98245,2712,56023,3,0
$$HAR,14:00:23,420271420,-936539410,263436,20086176,113,103,98243,2715,56005,3,0
$$HAR,14:00:26,420271427,-936539440,263622,20086176,81,103,98243,2718,55974,3,0
$$HAR,14:00:29,420271448,-936539433,263730,30545912,47,110,98243,2721,55935,3,0
$$HAR,14:00:32,420271440,-936539445,263763,30545912,173,110,98241,2723,55912,3,0
$$HAR,14:00:35,420271421,-936539449,263814,30545912,88,110,98243,2726,55894,3,0
$$HAR,14:00:38,420271429,-936539431,263642,30545912,163,128,98243,2729,55848,3,0
$$HAR,14:00:41,420271426,-936539446,263348,30545912,10,120,98243,2732,55805,3,0
$$HAR,14:00:44,420271416,-936539454,262972,30545912,37,120,98243,2735,55750,3,0
$$HAR,14:00:47,420271410,-936539476,262708,30545912,54,102,98239,2738,55695,3,0
$$HAR,14:00:50,420271417,-936539512,262378,30545912,70,110,98241,2740,55659,3,0
$$HAR,14:00:53,420271424,-936539529,262206,30545912,81,109,98239,2743,55639,3,0
$$HAR,14:00:56,420271437,-936539524,262186,30545912,65,110,98243,2746,55587,3,0
$$HAR,14:00:59,420271460,-936539520,262422,30545912,58,119,98241,2749,55537,3,0
$$HAR,14:01:02,420271493,-936539529,262962,30545912,72,110,98239,2751,55489,3,0
$$HAR,14:01:05,420271521,-936539528,263225,30545912,22,113,98241,2754,55448,3,0
$$HAR,14:01:08,420271545,-936539530,263358,30545912,175,103,98239,2757,55430,3,0
$$HAR,14:01:11,420271542,-936539503,263215,30545912,312,111,98241,2760,55391,3,0
$$HAR,14:01:14,420271538,-936539482,263164,30545912,64,120,98241,2763,55341,3,0
$$HAR,14:01:17,420271558,-936539468,263542,30545912,21,104,98241,2766,55293,3,0
$$HAR,14:01:20,420271575,-936539460,264064,30545912,91,104,98241,2768,55244,3,0
$$HAR,14:01:23,420271579,-936539435,264394,30545912,100,106,98239,2771,55194,3,0
$$HAR,14:01:26,420271581,-936539443,264752,30545912,8,104,98241,2774,55172,3,0
$$HAR,14:01:29,420271566,-936539438,264524,30545912,51,102,98239,2777,55117,3,0
$$HAR,14:01:32,420271537,-936539451,264194,30545912,67,102,98241,2780,55098,3,0
$$HAR,14:01:35,420271491,-936539460,263612,30545912,156,116,98243,2782,55085,3,0
$$HAR,14:01:38,420271478,-936539448,263576,30545912,98,111,98241,2785,55049,3,0
$$HAR,14:01:41,420271477,-936539426,264219,30545912,93,111,98241,2788,54988,3,0
$$HAR,14:01:44,420271453,-936539415,264216,30545912,116,113,98239,2791,54951,3,0
$$HAR,14:01:47,420271415,-936539415,264190,30545912,60,113,98239,2794,54918,3,0
$$HAR,14:01:50,420271397,-936539413,264078,30545912,103,113,98241,2796,54894,3,0
$$HAR,14:01:53,420271387,-936539386,263556,30545912,154,113,98241,2799,54859,3,0
$$HAR,14:01:56,420271381,-936539360,263236,30545912,16,113,98239,2802,54813,3,0
$$HAR,14:01:59,420271376,-936539362,263372,30545912,124,113,98241,2804,54791,3,0
$$HAR,14:02:02,420271374,-936539351,263688,30545912,152,111,98239,2807,54790,3,0
$$HAR,14:02:05,420271404,-936539359,264353,30545912,193,105,98237,2809,54748,3,0
$$HAR,14:02:08,420271429,-936539315,263885,30545912,539,111,98241,2812,54681,3,0
$$HAR,14:02:11,420271469,-936539319,264572,24757884,389,119,98241,2815,54642,3,0
$$HAR,14:02:14,420271442,-936539354,265448,24757884,78,123,98239,2817,54587,3,0
$$HAR,14:02:17,420271423,-936539348,265825,24757884,27,116,98241,2820,54579,3,0
$$HAR,14:02:20,420271445,-936539344,266328,24757884,59,116,98239,2823,54531,3,0
$$HAR,14:02:23,420271424,-936539362,266084,24757884,114,123,98237,2826,54526,3,0
$$HAR,14:02:26,420271448,-936539348,266338,24757884,184,133,98241,2828,54516,3,0
$$HAR,14:02:29,420271507,-936539336,267064,24757884,50,133,98241,2831,54504,3,0
$$HAR,14:02:32,420271482,-936539324,267059,24757884,156,126,98241,2834,54484,3,0
$$HAR,14:02:35,420271453,-936539286,267005,17826870,809,126,98239,2837,54428,3,0
$$HAR,14:02:38,420271520,-936539258,266120,5076219,86,121,98239,2840,54375,3,0
$$HAR,14:02:41,420271490,-936539233,265595,8558442,926,152,98239,2843,54346,3,0
$$HAR,14:02:44,420271678,-936539017,265634,931167,1222,126,98241,2845,54317,3,0
$$HAR,14:02:47,420272045,-936539021,265946,886702,1395,127,98241,2849,54308,3,0
$$HAR,14:02:50,420272439,-936538834,265028,2451002,1632,132,98239,2852,54262,3,0
$$HAR,14:02:53,420272834,-936538612,264219,1989435,1527,132,98241,2855,54227,3,0
$$HAR,14:02:56,420273250,-936538468,263706,1337884,1420,124,98241,2858,54184,3,0
$$HAR,14:02:59,420273622,-936538307,261694,1923214,739,126,98243,2861,54153,3,0
$$HAR,14:03:02,420273829,-936538431,262579,32445694,612,130,98243,2863,54118,3,0
$$HAR,14:03:05,420273820,-936538469,263004,32445694,177,117,98245,2867,54044,3,0
$$HAR,14:03:08,420273838,-936538446,263277,32445694,112,117,98245,2870,53968,3,0
$$HAR,14:03:11,420273828,-936538438,263385,32445694,188,117,98247,2872,53927,3,0
$$HAR,14:03:14,420273789,-936538439,263618,26223030,628,117,98247,2875,53881,3,0
$$HAR,14:03:17,420273554,-936538462,263798,17209272,961,117,98247,2878,53818,3,0
$$HAR,14:03:20,420273422,-936538272,263860,16145100,426,116,98249,2881,53729,3,0
$$HAR,14:03:23,420273210,-936538149,263869,15185444,979,116,98247,2884,53655,3,0
$$HAR,14:03:26,420272940,-936538093,263925,17064510,989,116,98245,2887,53589,3,0
$$HAR,14:03:29,420272816,-936538057,264023,17080288,156,116,98243,2890,53571,3,0
$$HAR,14:03:32,420272828,-936538049,264167,17080288,83,116,98247,2893,53529,3,0
$$HAR,14:03:35,420272795,-936538098,265935,17080288,445,129,98245,2896,53466,3,0
$$HAR,14:03:38,420272805,-936538101,265686,17080288,140,123,98245,2899,53406,3,0
$$HAR,14:03:41,420272844,-936538155,265287,17080288,36,123,98245,2901,53398,3,0
$$HAR,14:03:44,420272835,-936538142,264680,17080288,189,112,98243,2904,53353,3,0
$$HAR,14:03:47,420272833,-936538109,263760,17080288,232,112,98245,2907,53341,3,0
$$HAR,14:03:50,420272835,-936538174,263854,26257034,1003,112,98247,2909,53342,3,0
$$HAR,14:03:53,420272658,-936538627,264145,23723048,1571,109,98247,2912,53321,3,0
$$HAR,14:03:56,420272325,-936539003,264314,21915720,1358,109,98247,2915,53269,3,0
$$HAR,14:03:59,420271942,-936539194,265189,19622752,1414,109,98247,2918,53205,3,0
$$HAR,14:04:02,420271693,-936539400,266453,21374024,1273,109,98249,2921,53168,3,0
$$HAR,14:04:05,420271543,-936539487,267182,20803802,84,114,98247,2924,53108,3,0
$$HAR,14:04:08,420271523,-936539507,266949,20803802,137,109,98249,2927,53061,3,0
$$HAR,14:04:11,420271493,-936539544,266817,20803802,82,115,98247,2929,52973,3,0
$$HAR,14:04:14,420271500,-936539566,266831,20803802,61,109,98247,2932,52878,3,0
$$HAR,14:04:17,420271471,-936539557,265447,20803802,221,115,98249,2935,52814,3,0
$$HAR,14:04:20,420271423,-936539527,265375,20068848,70,118,98247,2937,52806,3,0
$$HAR,14:04:23,420271436,-936539543,264474,22794204,127,124,98247,2940,52791,3,0
$$HAR,14:04:26,420271429,-936539521,264442,21050700,73,114,98245,2943,52762,3,1
$$HAR,14:04:29,420271428,-936539522,264836,21050700,193,114,98249,2945,52711,3,0
$$HAR,14:04:32,420271439,-936539524,264881,20037000,125,123,98249,2947,52631,3,0
$$HAR,14:04:35,420271439,-936539520,264953,20037000,109,126,98249,2950,52577,3,0
$$HAR,14:04:38,420271476,-936539512,265428,28862520,72,123,98249,2952,52578,3,0
$$HAR,14:04:41,420271449,-936539529,265180,24693044,23,129,98247,2954,52576,3,0
$$HAR,14:04:44,420271434,-936539526,265226,24693044,34,129,98247,2956,52489,3,0
$$HAR,14:04:47,420271417,-936539514,265103,21323174,194,135,98245,2958,52471,3,0
$$HAR,14:04:50,420271418,-936539498,265095,21323174,101,135,98249,2960,52474,3,0
$$HAR,14:04:53,420271430,-936539465,265137,21323174,168,135,98247,2963,52442,3,0
$$HAR,14:04:56,420271437,-936539436,265625,21323174,112,135,98249,2965,52349,3,0
$$HAR,14:04:59,420271435,-936539427,265561,21323174,39,153,98249,2967,52308,3,0
$$HAR,14:05:02,420271428,-936539423,265464,21323174,115,129,98247,2969,52335,3,0
$$HAR,14:05:05,420271441,-936539419,265629,21323174,29,129,98247,2971,52317,3,0
$$HAR,14:05:08,420271464,-936539409,265622,21323174,115,130,98245,2973,52261,3,0
$$HAR,14:05:11,420271478,-936539386,265932,21323174,32,123,98247,2975,52206,3,0
$$HAR,14:05:14,420271527,-936539348,265839,29906408,157,137,98247,2977,52164,3,0
$$HAR,14:05:17,420271557,-936539360,265724,29906408,106,123,98247,2979,52154,3,0
$$HAR,14:05:20,420271569,-936539379,265565,29906408,33,123,98245,2982,52117,3,0
$$HAR,14:05:23,420271590,-936539375,265232,29906408,99,123,98245,2984,52119,3,0
$$HAR,14:05:26,420271610,-936539375,265181,29906408,74,133,98245,2986,52101,3,0
$$HAR,14:05:29,420271599,-936539406,265254,29906408,42,123,98245,2989,52089,3,0
$$HAR,14:05:32,420271559,-936539415,264521,20972306,229,130,98243,2991,52061,3,0
$$HAR,14:05:35,420271544,-936539453,264704,20972306,281,123,98247,2993,52000,3,0
$$HAR,14:05:38,420271513,-936539471,264434,20972306,139,123,98247,2996,51972,3,0
$$HAR,14:05:41,420271525,-936539471,264311,20972306,112,123,98245,2998,51885,3,0
$$HAR,14:05:44,420271507,-936539466,264342,20972306,125,123,98245,3000,51818,3,0
$$HAR,14:05:47,420271523,-936539467,264674,24077562,83,123,98243,3003,51795,3,0
$$HAR,14:05:50,420271494,-936539472,265063,24077562,23,123,98243,3005,51769,3,0
$$HAR,14:05:53,420271489,-936539487,265230,24077562,65,123,98245,3007,51716,3,0
$$HAR,14:05:56,420271480,-936539510,265389,24077562,101,153,98247,3010,51653,3,1
$$HAR,14:05:59,420271472,-936539514,265726,24077562,157,137,98247,3012,51611,3,0
$$HAR,14:06:02,420271466,-936539517,265848,24077562,88,123,98245,3015,51615,3,0
$$HAR,14:06:05,420271468,-936539526,266073,24077562,34,137,98245,3017,51586,3,0
$$HAR,14:06:08,420271475,-936539535,266158,24077562,36,123,98245,3019,51551,3,0
$$HAR,14:06:11,420271475,-936539533,266683,24077562,108,123,98243,3021,51552,3,0
$$HAR,14:06:14,420271482,-936539525,267106,24077562,40,116,98245,3024,51543,3,0
$$HAR,14:06:17,420271488,-936539521,267148,24077562,85,134,98247,3026,51461,3,0
$$HAR,14:06:20,420271511,-936539520,267336,24077562,95,116,98247,3028,51438,3,0
$$HAR,14:06:23,420271538,-936539520,267609,24077562,102,116,98245,3031,51416,3,0
$$HAR,14:06:26,420271555,-936539524,268027,24077562,91,127,98245,3033,51385,3,0
$$HAR,14:06:29,420271555,-936539515,268206,24077562,18,117,98245,3035,51363,3,0
$$HAR,14:06:32,420271562,-936539489,268113,24077562,89,108,98245,3037,51339,3,0
$$HAR,14:06:35,420271676,-936539517,266972,28906400,449,108,98243,3039,51304,3,1
$$HAR,14:06:38,420271786,-936539515,266189,35881536,278,108,98243,3041,51250,3,0
$$HAR,14:06:41,420271810,-936539508,266532,35881536,358,103,98247,3044,51236,3,0
$$HAR,14:06:44,420271789,-936539483,265996,35881536,150,103,98247,3046,51177,3,0
$$HAR,14:06:47,420271799,-936539475,266125,35881536,186,103,98245,3048,51159,3,0
$$HAR,14:06:50,420271807,-936539478,265904,35881536,38,116,98243,3050,51105,3,0
$$HAR,14:06:53,420271790,-936539447,266062,6122645,63,109,98241,3053,51044,3,0
$$HAR,14:06:56,420271803,-936539447,266350,6122645,67,103,98239,3055,51014,3,0
$$HAR,14:06:59,420271833,-936539494,266231,6122645,19,103,98239,3057,50991,3,0
$$HAR,14:07:02,420271840,-936539496,266605,6122645,43,102,98241,3059,50985,3,0
$$HAR,14:07:05,420271844,-936539508,266835,6122645,74,104,98241,3061,50956,3,0
$$HAR,14:07:08,420271931,-936539387,267243,4811725,415,104,98243,3063,50936,3,0
$$HAR,14:07:11,420272054,-936539288,267369,2189182,862,102,98243,3065,50922,3,0
$$HAR,14:07:14,420272282,-936539211,266941,1266263,875,102,98243,3067,50914,3,0
$$HAR,14:07:17,420272462,-936539070,267161,3445405,857,102,98245,3069,50879,3,0
$$HAR,14:07:20,420272665,-936538924,267231,3036223,1007,118,98245,3071,50863,3,0
$$HAR,14:07:23,420272917,-936538774,267634,2166595,935,130,98245,3073,50809,3,0
$$HAR,14:07:26,420273134,-936538623,268491,1910654,1044,105,98247,3075,50771,3,0
$$HAR,14:07:29,420273402,-936538546,269027,1315099,1071,105,98249,3077,50736,3,0
$$HAR,14:07:32,420273695,-936538483,269074,188003,1107,105,98249,3079,50722,3,0
$$HAR,14:07:35,420273996,-936538514,268972,35864484,1133,105,98249,3080,50703,3,0
$$HAR,14:07:38,420274304,-936538504,267602,600929,1226,105,98249,3082,50665,3,0
$$HAR,14:07:41,420274570,-936538477,267151,639067,984,105,98245,3084,50636,3,0
$$HAR,14:07:44,420274737,-936538502,266732,564235,705,105,98245,3086,50567,3,0
$$HAR,14:07:47,420274746,-936538472,266865,564235,130,105,98245,3087,50514,3,0
$$HAR,14:07:50,420274749,-936538488,266722,564235,70,105,98245,3089,50454,3,0
$$HAR,14:07:53,420274753,-936538484,266574,564235,20,105,98247,3091,50399,3,0
$$HAR,14:07:56,420274746,-936538495,266456,564235,62,105,98249,3093,50352,3,0
$$HAR,14:07:59,420274617,-936538445,260893,564235,77,110,98247,3094,50312,3,0
$$HAR,14:08:02,420274665,-936538543,260893,564235,36,108,98247,3096,50255,3,0
$$HAR,14:08:05,420274702,-936538470,261578,564235,69,108,98247,3098,50214,3,0
$$HAR,14:08:08,420274716,-936538448,262396,564235,59,108,98247,3100,50169,3,0
$$HAR,14:08:11,420274725,-936538440,262670,564235,52,108,98247,3101,50145,3,0
$$HAR,14:08:14,420274747,-936538422,262741,564235,97,108,98247,3103,50110,3,0
$$HAR,14:08:17,420274738,-936538478,263346,14368106,632,108,98247,3105,50053,3,0
$$HAR,14:08:20,420274634,-936538491,263116,16273852,72,108,98247,3107,50012,3,0
$$HAR,14:08:23,420274640,-936538472,262828,16273852,109,108,98249,3109,49953,3,0
$$HAR,14:08:26,420274656,-936538469,262880,16273852,49,108,98247,3110,49919,3,0
$$HAR,14:08:29,420274663,-936538477,263008,16273852,31,108,98247,3112,49909,3,0
$$HAR,14:08:32,420274663,-936538482,263139,16273852,20,103,98247,3114,49886,3,0
$$HAR,14:08:35,420274667,-936538503,263512,16273852,37,103,98247,3115,49846,3,0
$$HAR,14:08:38,420274666,-936538506,263286,16273852,50,106,98247,3117,49823,3,0
$$HAR,14:08:41,420274665,-936538493,263172,16273852,10,103,98247,3118,49803,3,0
$$HAR,14:08:44,420274654,-936538496,263030,16273852,34,103,98245,3120,49783,3,0
$$HAR,14:08:47,420274638,-936538496,263024,16273852,74,103,98245,3122,49746,3,0
$$HAR,14:08:50,420274634,-936538505,263057,16273852,84,103,98245,3123,49718,3,0
$$HAR,14:08:53,420274637,-936538487,262863,16273852,115,103,98247,3125,49655,3,0
$$HAR,14:08:56,420274647,-936538469,262610,16273852,133,103,98247,3127,49626,3,0
$$HAR,14:08:59,420274679,-936538452,262674,16273852,124,103,98245,3128,49626,3,0
$$HAR,14:09:02,420274689,-936538435,262913,16273852,120,103,98245,3130,49590,3,0
$$HAR,14:09:05,420274746,-936538410,262867,7992707,156,103,98245,3132,49492,3,0
$$HAR,14:09:08,420274767,-936538401,263037,7992707,108,103,98245,3134,49407,3,0
$$HAR,14:09:11,420274784,-936538378,263037,7992707,45,103,98245,3136,49332,3,0
$$HAR,14:09:14,420274773,-936538367,263873,7992707,200,109,98245,3137,49281,3,0
$$HAR,14:09:17,420274737,-936538405,264486,7992707,159,109,98243,3139,49247,3,0
$$HAR,14:09:20,420274737,-936538427,265009,7992707,75,117,98247,3141,49216,3,0
$$HAR,14:09:23,420274747,-936538435,265386,7992707,101,103,98243,3142,49184,3,0
$$HAR,14:09:26,420274737,-936538466,265530,7992707,21,103,98243,3144,49182,3,0
$$HAR,14:09:29,420274698,-936538443,264664,7992707,180,103,98243,3146,49156,3,0
$$HAR,14:09:32,420274723,-936538430,264394,7992707,292,103,98243,3148,49147,3,0
$$HAR,14:09:35,420274721,-936538464,264408,7992707,129,106,98241,3149,49099,3,0
$$HAR,14:09:38,420274732,-936538480,264661,7992707,195,103,98241,3151,49046,3,0
$$HAR,14:09:41,420274781,-936538424,265363,7992707,21,103,98241,3153,48988,3,0
$$HAR,14:09:44,420274786,-936538401,265384,7992707,83,103,98237,3155,48913,3,1
$$HAR,14:09:47,420274652,-936538187,275109,14708084,1778,100,98237,3156,48884,3,0
$$HAR,14:09:50,420274158,-936536278,292698,7639737,8775,96,98196,3158,48868,3,0
$$HAR,14:09:53,420274678,-936534368,315964,11684874,3576,96,98119,3160,48692,3,0
$$HAR,14:09:56,420272886,-936533294,334278,11094660,5182,96,97998,3162,48354,3,0
$$HAR,14:09:59,420273794,-936531948,354689,2845772,5266,96,97850,3164,47276,3,0
$$HAR,14:10:02,420273810,-936529342,375795,12915552,10712,96,97683,3166,46357,3,0
$$HAR,14:10:05,420273070,-936528321,396817,35929760,4077,96,97503,3167,45593,3,0
$$HAR,14:10:08,420273172,-936527044,418938,14423106,9461,96,97306,3169,44533,3,0
$$HAR,14:10:11,420271465,-936524855,439474,11357960,4030,95,97100,3170,43814,3,0
$$HAR,14:10:14,420271147,-936522762,463254,8466394,7501,95,96890,3172,43403,3,0
$$HAR,14:10:17,420270813,-936521588,484148,17051390,7719,95,96662,3173,42957,3,0
$$HAR,14:10:20,420268353,-936519175,500504,11863026,13676,95,96443,3175,42618,3,0
$$HAR,14:10:23,420268173,-936515175,521112,8555846,6883,95,96231,3176,42219,3,0
$$HAR,14:10:26,420266451,-936513007,540249,14901276,14126,95,96015,3178,41432,3,0
$$HAR,14:10:29,420265087,-936510015,563398,8271917,8089,95,95799,3179,40669,3,0
$$HAR,14:10:32,420265569,-936506930,582961,9751090,6431,95,95577,3180,39817,3,0
$$HAR,14:10:35,420263965,-936504636,602796,13662890,10733,96,95355,3181,38541,3,0
$$HAR,14:10:38,420263100,-936502498,623079,5763736,6097,94,95144,3182,37766,3,0
$$HAR,14:10:41,420263234,-936499351,644648,11918698,12732,94,94918,3182,37060,3,0
$$HAR,14:10:44,420261159,-936496838,663891,13751920,3674,94,94690,3183,35957,3,0
$$HAR,14:10:47,420261685,-936495022,684639,8172737,10731,94,94467,3183,34900,3,0
$$HAR,14:10:50,420260458,-936490915,704428,13820594,11273,94,94239,3184,34334,3,0
$$HAR,14:10:53,420259687,-936489617,725682,4885261,5217,94,94020,3185,33642,3,0
$$HAR,14:10:56,420260133,-936486189,745456,10735336,12713,94,93794,3185,33326,3,0
$$HAR,14:10:59,420258430,-936483989,765246,15893566,3382,94,93571,3186,33063,3,0
$$HAR,14:11:02,420258713,-936482846,783843,6363668,7691,94,93355,3186,32543,3,0
$$HAR,14:11:05,420258326,-936479521,806129,12700568,11349,94,93135,3187,32187,3,0
$$HAR,14:11:08,420257032,-936477987,828044,8921316,3838,94,92914,3187,31648,3,0
$$HAR,14:11:11,420257953,-936474948,847357,10148394,11858,94,92690,3187,30919,3,0
$$HAR,14:11:14,420256373,-936472062,868064,14061780,5754,94,92469,3188,30238,3,0
$$HAR,14:11:17,420256670,-936470460,888426,5802659,9030,94,92247,3188,29925,3,0
$$HAR,14:11:20,420256463,-936466698,910154,13359564,10465,94,92028,3188,29611,3,0
$$HAR,14:11:23,420255072,-936465614,930414,16028070,1578,94,91810,3189,29596,3,0
$$HAR,14:11:26,420255636,-936463132,952427,9553512,10243,94,91587,3189,29915,3,0
$$HAR,14:11:29,420253909,-936460067,972417,12846094,8697,91,91365,3190,30169,3,0
$$HAR,14:11:32,420254454,-936458276,991675,4361396,7642,91,91140,3190,30416,3,0
$$HAR,14:11:35,420254002,-936455094,1014084,12953746,13996,91,90927,3191,30511,3,0
$$HAR,14:11:38,420253083,-936452984,1035294,5207516,4185,91,90709,3191,30483,3,0
$$HAR,14:11:41,420252861,-936451892,1055766,14293326,8834,91,90488,3191,30489,3,0
$$HAR,14:11:44,420251737,-936450020,1079749,7945686,9024,91,90280,3192,30288,3,0
$$HAR,14:11:47,420252136,-936445829,1100050,10424180,9870,91,90057,3192,30109,3,0
$$HAR,14:11:50,420250820,-936444017,1121202,14190230,6081,91,89837,3192,29880,3,0
$$HAR,14:11:53,420251054,-936440725,1141198,6632792,13339,91,89610,3193,29812,3,1
$$HAR,14:11:56,420251489,-936437146,1161369,11080788,9119,91,89391,3193,29645,3,0
$$HAR,14:11:59,420249965,-936435211,1183274,9967918,5114,92,89172,3193,29449,3,0
$$HAR,14:12:02,420250996,-936432427,1200529,6309474,10393,92,88953,3194,29395,3,0
$$HAR,14:12:05,420250445,-936429344,1222204,13458088,11460,92,88747,3194,29216,3,0
$$HAR,14:12:08,420249648,-936427762,1243680,9843334,1861,92,88527,3195,29112,3,0
$$HAR,14:12:11,420250226,-936425911,1264187,8449494,10027,92,88308,3195,29285,3,0
$$HAR,14:12:14,420249569,-936421523,1285188,12643116,9602,92,88093,3196,29260,3,0
$$HAR,14:12:17,420248721,-936420640,1305520,8186905,643,89,87878,3196,29237,3,0
$$HAR,14:12:20,420248629,-936417569,1327923,10366790,15119,89,87663,3197,29136,3,1
$$HAR,14:12:23,420246840,-936414461,1346882,17346956,6264,89,87451,3197,28930,3,0
$$HAR,14:12:26,420246649,-936413645,1365599,7203738,7805,89,87239,3197,28781,3,0
$$HAR,14:12:29,420246119,-936410087,1387146,12534664,12847,89,87030,3197,28464,3,0
$$HAR,14:12:32,420244791,-936408648,1408459,11311482,2841,89,86821,3198,28360,3,0
$$HAR,14:12:35,420245579,-936405686,1427955,9095508,11711,89,86608,3198,28072,3,1
$$HAR,14:12:38,420244940,-936402419,1450526,12299668,6736,89,86401,3199,27647,3,0
$$HAR,14:12:41,420244138,-936401777,1470755,18688322,3848,89,86195,3199,27443,3,0
$$HAR,14:12:44,420242381,-936400016,1490443,11463962,13520,89,85988,3200,27326,3,0
$$HAR,14:12:47,420241996,-936396765,1512311,12818668,3698,89,85782,3200,27127,3,0
$$HAR,14:12:50,420240488,-936396380,1533358,13804192,4243,89,85569,3200,26957,3,0
$$HAR,14:12:53,420240738,-936394726,1555221,13374916,4151,89,85354,3201,26865,3,0
$$HAR,14:12:56,420238566,-936392987,1577233,13349650,10953,89,85146,3201,26833,3,0
$$HAR,14:12:59,420238232,-936391487,1596871,1374978,2643,89,84933,3202,26706,3,0
$$HAR,14:13:02,420237806,-936390079,1618430,11815528,10969,93,84716,3203,26643,3,0
$$HAR,14:13:05,420236201,-936386847,1638712,14420096,5984,87,84505,3203,26495,3,0
$$HAR,14:13:08,420235548,-936386751,1659419,18306312,510,87,84292,3204,26423,3,0
$$HAR,14:13:11,420235015,-936384348,1680082,12209844,13168,87,84088,3204,26276,3,0
$$HAR,14:13:14,420232827,-936382358,1701445,17621498,5313,92,83883,3204,26139,3,0
$$HAR,14:13:17,420232195,-936382126,1723247,10843012,7027,87,83676,3205,26187,3,1
$$HAR,14:13:20,420230326,-936378755,1744226,15161660,12266,87,83467,3205,26006,3,0
$$HAR,14:13:23,420227994,-936378413,1763996,18909754,3598,87,83256,3205,25778,3,0
$$HAR,14:13:26,420227380,-936376771,1786587,10864568,10153,87,83049,3205,25680,3,0
$$HAR,14:13:29,420225123,-936373489,1808005,16309972,10062,87,82843,3205,25512,3,0
$$HAR,14:13:32,420224097,-936373279,1828712,8363971,3769,87,82630,3205,25197,3,0
$$HAR,14:13:35,420222843,-936370146,1850784,14062440,14876,87,82420,3205,24862,3,0
$$HAR,14:13:38,420220154,-936369011,1871629,17767372,4035,87,82207,3205,24365,3,0
$$HAR,14:13:41,420219862,-936367068,1891243,10693470,11386,87,81998,3205,23968,3,0
$$HAR,14:13:44,420217456,-936364056,1913232,16270770,11417,87,81798,3205,23710,3,1
$$HAR,14:13:47,420216278,-936363136,1936480,8529966,7580,87,81591,3205,23367,3,0
$$HAR,14:13:50,420215468,-936358980,1955571,12906526,13328,87,81380,3205,23154,3,0
$$HAR,14:13:53,420212997,-936357319,1977584,15784558,6678,87,81177,3205,22839,3,0
$$HAR,14:13:56,420212706,-936354881,1998032,9407400,13292,87,80973,3205,22515,3,0
$$HAR,14:13:59,420210660,-936351799,2019962,17077946,9489,87,80766,3204,22215,3,0
$$HAR,14:14:02,420208671,-936350994,2040989,12661414,7788,87,80565,3204,21924,3,0
$$HAR,14:14:05,420208099,-936347387,2061227,10436692,10570,87,80363,3204,21733,3,0
$$HAR,14:14:08,420206182,-936346175,2082453,17417816,11167,87,80158,3204,21597,3,0
$$HAR,14:14:11,420204436,-936342596,2104672,9356426,13877,87,79957,3204,21555,3,0
$$HAR,14:14:14,420204052,-936339492,2123897,11469532,6309,87,79759,3204,21575,3,0
$$HAR,14:14:17,420202813,-936337607,2148135,12984146,9724,87,79562,3204,21613,3,0
$$HAR,14:14:20,420200652,-936333347,2169052,13637102,16124,87,79359,3204,21718,3,0
$$HAR,14:14:23,420199457,-936331606,2190426,8977044,3577,87,79154,3204,21845,3,0
$$HAR,14:14:26,420198931,-936328579,2211665,11287616,14164,87,78946,3205,21900,3,0
$$HAR,14:14:29,420196904,-936324786,2235424,14620356,7490,87,78749,3205,21869,3,0
$$HAR,14:14:32,420195583,-936324049,2255919,13029610,6863,87,78539,3205,21789,3,0
$$HAR,14:14:35,420194288,-936319871,2277535,12174368,14804,87,78330,3206,21652,3,0
$$HAR,14:14:38,420191661,-936317099,2297318,15200372,10682,87,78124,3206,21515,3,0
$$HAR,14:14:41,420190485,-936314486,2321311,7801699,10057,87,77925,3207,21411,3,0
$$HAR,14:14:44,420188940,-936311043,2344401,14862966,16040,87,77725,3207,21301,3,0
$$HAR,14:14:47,420186291,-936307368,2367626,9960514,10118,87,77520,3208,21274,3,0
$$HAR,14:14:50,420186185,-936304349,2387643,12723900,9000,87,77312,3208,21311,3,0
$$HAR,14:14:53,420183150,-936300938,2408993,13561108,17795,87,77105,3209,21397,3,0
$$HAR,14:14:56,420182007,-936296911,2430083,8348852,6763,87,76899,3209,21412,3,0
$$HAR,14:14:59,420180274,-936294951,2453178,14440300,14650,87,76702,3209,21334,3,0
$$HAR,14:15:02,420177194,-936291649,2475496,15613746,9340,87,76500,3210,21250,3,0
$$HAR,14:15:05,420176055,-936290957,2493805,11256270,5864,87,76297,3210,21161,3,0
$$HAR,14:15:08,420173789,-936287881,2516435,14736644,16222,87,76101,3211,21161,3,0
$$HAR,14:15:11,420170345,-936284783,2533758,14563746,14760,87,75904,3211,21072,3,0
$$HAR,14:15:14,420168194,-936282770,2558223,10845284,5458,89,75717,3211,20820,3,0
$$HAR,14:15:17,420166714,-936279108,2578749,12928868,17710,89,75523,3212,20612,3,0
$$HAR,14:15:20,420164709,-936275853,2600717,12812644,2541,89,75332,3212,20402,3,0
$$HAR,14:15:23,420163282,-936274571,2623739,13526354,15180,89,75134,3212,20000,3,0
$$HAR,14:15:26,420160290,-936270333,2643431,14765328,11645,89,74937,3212,19528,3,0
$$HAR,14:15:29,420158091,-936269502,2664560,15855462,6188,89,74741,3211,19412,3,0
$$HAR,14:15:32,420157217,-936266718,2684479,9739588,13148,89,74548,3211,19226,3,0
$$HAR,14:15:35,420155379,-936263182,2707485,15058708,10333,106,74360,3212,19067,3,0
$$HAR,14:15:38,420152629,-936262346,2725852,15877588,11084,100,74175,3212,18958,3,0
$$HAR,14:15:41,420151271,-936259443,2748023,10019012,10737,92,73984,3212,18912,3,0
$$HAR,14:15:44,420148490,-936256430,2770972,15401286,19177,92,73788,3212,18875,3,0
$$HAR,14:15:47,420146654,-936253029,2794373,7497972,6959,92,73593,3212,18422,3,0
$$HAR,14:15:50,420144792,-936251733,2815366,16910402,15048,92,73397,3212,17745,3,0
$$HAR,14:15:53,420141486,-936249631,2837024,12220636,11095,92,73198,3212,17260,3,0
$$HAR,14:15:56,420140476,-936246159,2859150,13804050,6036,92,73002,3211,17076,3,0
$$HAR,14:15:59,420137783,-936245386,2880583,15163520,14603,92,72806,3211,16928,3,0
$$HAR,14:16:02,420135888,-936241378,2902203,10222586,11995,92,72615,3211,16689,3,0
$$HAR,14:16:05,420134562,-936238471,2925082,14904410,8469,92,72425,3211,16558,3,0
$$HAR,14:16:08,420132270,-936237437,2947055,15167992,13337,92,72232,3211,16497,3,0
$$HAR,14:16:11,420130105,-936233355,2969994,9878302,9809,92,72036,3211,16441,3,0
$$HAR,14:16:14,420129047,-936232351,2991112,18594408,9385,92,71841,3211,16254,3,0
$$HAR,14:16:17,420126017,-936230036,3012880,12721962,15919,92,71651,3211,16088,3,0
$$HAR,14:16:20,420124767,-936226667,3033343,10435156,4399,92,71461,3211,15957,3,0
$$HAR,14:16:23,420122974,-936225553,3055238,15472672,12239,92,71272,3211,15785,3,0
$$HAR,14:16:26,420120103,-936221943,3075704,12039392,16756,92,71087,3211,15700,3,0
$$HAR,14:16:29,420118621,-936218835,3097481,16121592,5321,92,70897,3211,15710,3,0
$$HAR,14:16:32,420115552,-936217191,3118483,15342750,16923,92,70715,3211,15579,3,0
$$HAR,14:16:35,420112863,-936216131,3139583,18281920,6951,92,70530,3211,15474,3,0
$$HAR,14:16:38,420110229,-936213399,3163661,12223968,16817,92,70345,3211,15318,3,0
$$HAR,14:16:41,420107671,-936211380,3186034,18563294,10445,92,70157,3211,15183,3,0
$$HAR,14:16:44,420105878,-936209932,3206938,11550858,12803,92,69973,3211,14918,3,0
$$HAR,14:16:47,420103610,-936205511,3225507,14276072,15163,92,69790,3211,14733,3,0
$$HAR,14:16:50,420099999,-936203484,3247267,17604254,13782,92,69611,3211,14549,3,1
$$HAR,14:16:53,420097468,-936201845,3269968,12338752,14669,92,69433,3211,14529,3,0
$$HAR,14:16:56,420093644,-936197464,3290691,16304732,18754,92,69249,3210,14474,3,0
$$HAR,14:16:59,420089616,-936196784,3309242,16447734,11570,92,69068,3211,14276,3,0
$$HAR,14:17:02,420086848,-936193438,3330854,13340272,18553,92,68887,3211,14072,3,0
$$HAR,14:17:05,420082279,-936190762,3352347,17789126,17522,92,68707,3211,13725,3,0
$$HAR,14:17:08,420079391,-936189789,3373525,12735278,11019,92,68530,3211,13345,3,0
$$HAR,14:17:11,420075975,-936186075,3394992,15932892,19894,92,68351,3211,12932,3,0
$$HAR,14:17:14,420071371,-936184946,3417735,16625714,12917,92,68175,3211,12618,3,0
$$HAR,14:17:17,420068650,-936183440,3440659,13883166,10967,92,67995,3211,12345,3,0
$$HAR,14:17:20,420065256,-936179766,3458811,15636080,19655,93,67812,3212,12107,3,0
$$HAR,14:17:23,420061139,-936178960,3480360,18613324,10763,93,67634,3212,11848,3,0
$$HAR,14:17:26,420058844,-936177089,3501407,13443462,14238,93,67455,3212,11518,3,0
$$HAR,14:17:29,420054839,-936174207,3524074,17404056,15508,93,67282,3212,11189,3,0
$$HAR,14:17:32,420052153,-936174293,3544544,16188028,7106,93,67102,3213,10919,3,0
$$HAR,14:17:35,420049619,-936171459,3566245,14691064,16315,93,66926,3213,10721,3,0
$$HAR,14:17:38,420045038,-936169475,3584416,16298726,19292,93,66750,3212,10520,3,0
$$HAR,14:17:41,420041439,-936167831,3606002,17013326,8451,93,66578,3212,10088,3,0
$$HAR,14:17:44,420038855,-936165591,3627578,13521048,17142,93,66406,3212,9683,3,0
$$HAR,14:17:47,420035036,-936162369,3650307,17237990,15387,93,66236,3211,9596,3,0
$$HAR,14:17:50,420031309,-936162210,3673214,14933778,13061,93,66062,3211,9544,3,0
$$HAR,14:17:53,420028889,-936158860,3692771,14065190,9976,93,65882,3211,9416,3,0
$$HAR,14:17:56,420025111,-936157847,3715607,17847986,17666,93,65709,3211,9250,3,0
$$HAR,14:17:59,420022504,-936156481,3737484,14809178,3885,93,65531,3211,8918,3,0
$$HAR,14:18:02,420018387,-936155440,3760785,15844300,23646,93,65355,3210,8700,3,0
$$HAR,14:18:05,420014980,-936152532,3780883,13845508,10262,133,65178,3210,8592,3,0
$$HAR,14:18:08,420012155,-936150395,3799860,16783314,16815,94,65009,3210,8550,3,0
$$HAR,14:18:11,420007541,-936149316,3823429,14876058,14924,94,64837,3210,8531,3,0
$$HAR,14:18:14,420005307,-936146420,3844300,16458304,10028,94,64661,3210,8573,3,0
$$HAR,14:18:17,420001123,-936146311,3863310,16693604,18809,94,64486,3210,8620,3,0
$$HAR,14:18:20,419998081,-936143392,3884329,12325616,9788,94,64315,3209,8431,3,0
$$HAR,14:18:23,419995868,-936141759,3904062,17303466,11501,94,64143,3209,8300,3,0
$$HAR,14:18:26,419992287,-936140935,3926613,15262464,15375,94,63982,3209,8177,3,0
$$HAR,14:18:29,419989364,-936136892,3946604,12528486,11315,94,63814,3209,8135,3,0
$$HAR,14:18:32,419986699,-936135947,3967778,17832842,15613,94,63646,3209,8093,3,0
$$HAR,14:18:35,419982561,-936133242,3989534,13202940,14934,94,63482,3208,8060,3,0
$$HAR,14:18:38,419980697,-936131371,4009506,18361888,8786,94,63314,3208,7774,3,0
$$HAR,14:18:41,419976920,-936130142,4030923,15277412,18645,94,63150,3208,7442,3,0
$$HAR,14:18:44,419973933,-936126652,4052606,12343734,9166,94,62986,3207,7145,3,0
$$HAR,14:18:47,419971471,-936125344,4075286,17131984,16534,94,62820,3207,6945,3,0
$$HAR,14:18:50,419967151,-936122739,4097344,13238768,14859,94,62655,3206,6838,3,0
$$HAR,14:18:53,419965398,-936120032,4121118,16167804,10734,94,62484,3206,6759,3,0
$$HAR,14:18:56,419960895,-936117704,4141920,15627070,19627,94,62311,3206,6671,3,0
$$HAR,14:18:59,419958527,-936116130,4162128,15834350,4103,94,62133,3206,6662,3,0
$$HAR,14:19:02,419955675,-936114516,4185194,14585470,18437,94,61965,3206,6690,3,0
$$HAR,14:19:05,419951893,-936111689,4209053,17566020,11855,94,61797,3205,6629,3,0
$$HAR,14:19:08,419948837,-936112114,4227502,16440502,10854,94,61625,3205,6662,3,0
$$HAR,14:19:11,419946303,-936109695,4251066,12872512,12269,94,61464,3205,6680,3,0
$$HAR,14:19:14,419943258,-936105947,4274445,16643742,16003,94,61297,3204,6661,3,0
$$HAR,14:19:17,419941211,-936105388,4293490,11011818,7075,94,61128,3204,6647,3,0
$$HAR,14:19:20,419939409,-936101547,4311618,13554940,16256,94,60960,3204,6559,3,0
$$HAR,14:19:23,419936499,-936098459,4334779,15072830,11909,94,60802,3203,6499,3,0
$$HAR,14:19:26,419933545,-936097695,4354006,16318138,9217,94,60640,3203,6531,3,0
$$HAR,14:19:29,419931865,-936094563,4375376,11426112,14931,94,60480,3203,6587,3,0
$$HAR,14:19:32,419928534,-936090466,4396552,16497874,15622,94,60320,3203,6707,3,0
$$HAR,14:19:35,419926470,-936088886,4418477,10271344,10027,94,60161,3202,6503,3,0
$$HAR,14:19:38,419924284,-936083818,4440055,14134918,18948,94,59999,3201,6163,3,0
$$HAR,14:19:41,419920429,-936081492,4460283,16254194,11596,94,59839,3201,6061,3,0
$$HAR,14:19:44,419918411,-936078215,4483255,11239616,15561,94,59679,3199,5997,3,0
$$HAR,14:19:47,419915540,-936072949,4503312,14801884,18054,94,59519,3199,5854,3,0
$$HAR,14:19:50,419912411,-936071086,4525488,14409022,7028,94,59361,3197,5803,3,0
$$HAR,14:19:53,419910974,-936067023,4545473,12167456,18688,94,59201,3196,5726,3,0
$$HAR,14:19:56,419907251,-936062947,4567978,15592282,14566,94,59043,3196,5822,3,0
$$HAR,14:19:59,419905669,-936060618,4588767,10034672,9839,94,58882,3195,5936,3,0
$$HAR,14:20:02,419903291,-936056145,4612014,14158962,17713,94,58720,3194,6027,3,0
$$HAR,14:20:05,419899192,-936053126,4630872,15349248,14934,94,58558,3193,5968,3,0
$$HAR,14:20:08,419897135,-936050452,4652054,11492384,10756,94,58406,3192,5954,3,0
$$HAR,14:20:11,419894702,-936045338,4674943,13598436,21488,94,58248,3191,5990,3,0
$$HAR,14:20:14,419891290,-936042502,4696680,13173182,7700,94,58090,3190,6022,3,0
$$HAR,14:20:17,419890099,-936039415,4714196,12512440,11460,94,57931,3189,5871,3,0
$$HAR,14:20:20,419887792,-936036379,4737364,14313080,11582,94,57781,3188,5838,3,0
$$HAR,14:20:23,419884107,-936033198,4759440,13582708,20396,94,57627,3187,5870,3,0
$$HAR,14:20:26,419881938,-936028300,4779801,11023860,10517,94,57468,3186,6007,3,0
$$HAR,14:20:29,419879777,-936026223,4800123,15940322,15153,94,57316,3185,6233,3,0
$$HAR,14:20:32,419875924,-936022692,4823078,12811848,18834,94,57164,3185,6463,3,0
$$HAR,14:20:35,419873647,-936017140,4843726,12903480,12616,101,57009,3184,6578,3,0
$$HAR,14:20:38,419870342,-936014974,4863463,15614982,17000,95,56857,3184,6647,3,0
$$HAR,14:20:41,419866647,-936012593,4884818,13618278,17406,95,56704,3183,6721,3,0
$$HAR,14:20:44,419863389,-936007053,4904437,12915446,19498,95,56550,3183,6592,3,0
$$HAR,14:20:47,419859405,-936003943,4926322,16510210,11617,95,56398,3182,6522,3,0
$$HAR,14:20:50,419857166,-936000307,4946664,12099302,18611,95,56244,3181,6486,3,0
$$HAR,14:20:53,419854648,-935995486,4966032,13645988,14726,95,56095,3180,6315,3,0
$$HAR,14:20:56,419850606,-935991412,4989555,14417652,23472,95,55946,3180,6273,3,0
$$HAR,14:20:59,419846619,-935988320,5013952,13611034,8671,95,55791,3179,6402,3,0
$$HAR,14:21:02,419844456,-935983214,5034268,12839874,23288,95,55636,3178,6351,3,0
$$HAR,14:21:05,419840044,-935977881,5054792,14372768,18920,95,55482,3177,6213,3,0
$$HAR,14:21:08,419836793,-935974454,5076255,12866658,10827,95,55335,3175,6134,3,0
$$HAR,14:21:11,419834175,-935969009,5097702,12972396,25053,94,55184,3174,5918,3,0
$$HAR,14:21:14,419829303,-935963846,5118513,15205662,16995,94,55034,3173,5789,3,0
$$HAR,14:21:17,419826696,-935960146,5139451,11640754,17348,94,54884,3172,5716,3,0
$$HAR,14:21:20,419822949,-935953543,5160959,13959032,25001,94,54737,3170,5482,3,0
$$HAR,14:21:23,419818782,-935949744,5183178,14499784,12740,94,54589,3169,5336,3,0
$$HAR,14:21:26,419816085,-935944212,5205766,12043384,26604,94,54440,3168,5427,3,1
$$HAR,14:21:29,419810921,-935937418,5226837,14768696,24987,94,54290,3166,5404,3,0
$$HAR,14:21:32,419806335,-935932590,5251735,12923634,20528,94,54140,3165,5317,3,0
$$HAR,14:21:35,419802875,-935925047,5273940,13026306,28549,94,53987,3163,5308,3,0
$$HAR,14:21:38,419797081,-935920091,5292554,15746582,23041,94,53833,3161,5166,3,0
$$HAR,14:21:41,419792228,-935915094,5314650,13433254,23280,94,53684,3160,5048,3,0
$$HAR,14:21:44,419787642,-935909357,5340043,13367566,26837,94,53539,3158,4952,3,0
$$HAR,14:21:47,419783567,-935901632,5359903,13540316,19278,94,53383,3156,4857,3,0
$$HAR,14:21:50,419778017,-935897699,5379166,14986140,30331,94,53235,3155,4702,3,0
$$HAR,14:21:53,419773108,-935890393,5398326,11917148,25143,94,53089,3153,4562,3,0
$$HAR,14:21:56,419768962,-935884048,5418063,14370838,22360,94,52945,3152,4575,3,0
$$HAR,14:21:59,419763698,-935878986,5440608,14623070,29817,94,52807,3150,4647,3,0
$$HAR,14:22:02,419757514,-935871576,5460593,13132118,26954,94,52664,3149,4719,3,0
$$HAR,14:22:05,419753062,-935864822,5483513,13656178,21803,94,52524,3148,4638,3,0
$$HAR,14:22:08,419748380,-935860502,5503493,14805148,24399,94,52382,3147,4548,3,0
$$HAR,14:22:11,419743248,-935853517,5525913,12478536,28887,94,52241,3146,4407,3,0
$$HAR,14:22:14,419737294,-935846656,5546707,15484162,28596,94,52096,3145,4389,3,0
$$HAR,14:22:17,419732368,-935842250,5568321,12734728,21748,94,51953,3144,4429,3,0
$$HAR,14:22:20,419728003,-935834768,5592174,14109224,27826,94,51813,3143,4262,3,0
$$HAR,14:22:23,419721848,-935830379,5611619,14846736,21358,94,51666,3141,3988,3,0
$$HAR,14:22:26,419718431,-935824649,5633636,12806262,22578,96,51521,3140,3719,3,0
$$HAR,14:22:29,419712598,-935818623,5656062,14129498,30623,94,51376,3139,3643,3,0
$$HAR,14:22:32,419709029,-935811385,5674793,11660700,17029,94,51232,3138,3643,3,0
$$HAR,14:22:35,419704564,-935806596,5696233,14941780,27610,94,51092,3137,3620,3,0
$$HAR,14:22:38,419698995,-935800179,5717736,12580460,24766,94,50957,3136,3544,3,0
$$HAR,14:22:41,419695549,-935793772,5739940,13717238,18324,94,50821,3134,3512,3,0
$$HAR,14:22:44,419690843,-935789328,5764278,13553026,26776,94,50680,3132,3485,3,0
$$HAR,14:22:47,419686360,-935781048,5783482,12896562,27937,94,50538,3131,3427,3,0
$$HAR,14:22:50,419682009,-935775348,5804772,13898536,16373,94,50398,3129,3338,3,0
$$HAR,14:22:53,419678461,-935769926,5830434,12858930,26428,94,50259,3128,3324,3,0
$$HAR,14:22:56,419673009,-935762502,5852573,14511068,29218,94,50114,3126,3364,3,0
$$HAR,14:22:59,419668158,-935758104,5874455,13082618,16271,94,49968,3125,3253,3,0
$$HAR,14:23:02,419664909,-935751340,5895756,12540006,28354,94,49824,3124,3163,3,0
$$HAR,14:23:05,419659913,-935743977,5918275,14306738,24755,105,49684,3123,3172,3,0
$$HAR,14:23:08,419655369,-935740120,5937777,13281666,16512,95,49539,3122,3199,3,0
$$HAR,14:23:11,419651439,-935733032,5958731,13182956,31507,95,49395,3120,3128,3,0
$$HAR,14:23:14,419645537,-935727473,5979278,15635570,20879,95,49253,3118,3007,3,0
$$HAR,14:23:17,419641570,-935722984,6002430,12337804,22037,95,49113,3117,3092,3,0
$$HAR,14:23:20,419637373,-935715710,6025617,14259530,25350,96,48974,3116,3140,3,0
$$HAR,14:23:23,419631881,-935711995,6046467,15537656,20641,96,48830,3115,3114,3,0
$$HAR,14:23:26,419627939,-935705990,6069954,12211806,27035,96,48689,3113,3176,3,0
$$HAR,14:23:29,419622307,-935699173,6090196,14993230,29917,96,48546,3112,3118,3,0
$$HAR,14:23:32,419616706,-935694430,6110225,14129006,20333,96,48410,3111,3069,3,0
$$HAR,14:23:35,419612848,-935688699,6132405,12069886,24211,96,48277,3110,3109,3,0
$$HAR,14:23:38,419607708,-935682586,6156611,15935932,24060,89,48144,3109,3193,3,0
$$HAR,14:23:41,419602855,-935679511,6178252,13921792,19318,89,48004,3108,3246,3,0
$$HAR,14:23:44,419599125,-935673955,6201454,13628780,22269,89,47864,3107,3273,3,0
$$HAR,14:23:47,419593137,-935667888,6224369,14721958,30040,89,47724,3106,3331,3,0
$$HAR,14:23:50,419588535,-935664006,6247040,14601716,13038,89,47578,3105,3437,3,0
$$HAR,14:23:53,419584097,-935658408,6268855,13376966,30710,89,47437,3104,3482,3,0
$$HAR,14:23:56,419578645,-935651955,6290909,14197160,18945,89,47298,3104,3424,3,0
$$HAR,14:23:59,419574939,-935648158,6312672,14961714,22520,89,47162,3103,3402,3,0
$$HAR,14:24:02,419568972,-935642104,6334809,13034592,26963,89,47022,3102,3455,3,0
$$HAR,14:24:05,419564067,-935635768,6354717,14872390,28981,89,46887,3101,3441,3,0
$$HAR,14:24:08,419558251,-935631785,6378581,13805968,17917,89,46753,3100,3424,3,0
$$HAR,14:24:11,419554984,-935626572,6397971,13738078,21406,89,46618,3099,3374,3,0
$$HAR,14:24:14,419549849,-935620914,6422875,13683918,26525,89,46484,3099,3410,3,0
$$HAR,14:24:17,419543966,-935616362,6444313,16766430,26423,89,46346,3098,3499,3,0
$$HAR,14:24:20,419538631,-935611681,6469406,12568180,27254,89,46212,3097,3548,3,0
$$HAR,14:24:23,419534154,-935604656,6492807,14832004,23868,89,46072,3096,3557,3,0
$$HAR,14:24:26,419528234,-935601156,6514819,14999412,20663,89,45932,3096,3526,3,0
$$HAR,14:24:29,419524361,-935595960,6536346,12844314,21100,89,45794,3095,3503,3,0
$$HAR,14:24:32,419518569,-935589095,6559295,14591404,32590,89,45658,3095,3454,3,0
$$HAR,14:24:35,419512151,-935584706,6581272,15919014,19562,89,45519,3094,3409,3,0
$$HAR,14:24:38,419507626,-935579714,6602909,13128832,27654,89,45387,3093,3422,3,0
$$HAR,14:24:41,419502232,-935572320,6623767,13871690,25439,89,45254,3093,3449,3,0
$$HAR,14:24:44,419498113,-935567088,6644354,14579872,19034,89,45123,3092,3414,3,1
$$HAR,14:24:47,419491949,-935562504,6667492,14400868,30931,89,44990,3091,3405,3,0
$$HAR,14:24:50,419486676,-935555386,6689016,13481016,28093,89,44860,3090,3382,3,0
$$HAR,14:24:53,419481233,-935548818,6711424,13410506,22510,89,44726,3090,3445,3,0
$$HAR,14:24:56,419476643,-935544873,6733524,15846028,27119,89,44597,3089,3529,3,0
$$HAR,14:24:59,419469658,-935538719,6751606,13517446,30164,89,44465,3089,3636,3,0
$$HAR,14:25:02,419464833,-935532472,6774367,13912264,20465,89,44340,3088,3649,3,0
$$HAR,14:25:05,419459628,-935528406,6797130,15117520,28036,89,44212,3088,3623,3,1
$$HAR,14:25:08,419453184,-935521202,6818948,13028400,30150,89,44083,3087,3592,3,0
$$HAR,14:25:11,419448798,-935514346,6838101,13570702,21799,89,43952,3087,3493,3,0
$$HAR,14:25:14,419443511,-935509287,6862148,14699676,29883,89,43829,3086,3426,3,0
$$HAR,14:25:17,419436977,-935501568,6881803,12857066,28642,89,43701,3086,3408,3,0
$$HAR,14:25:20,419432801,-935495628,6904730,14515070,22178,89,43575,3085,3346,3,0
$$HAR,14:25:23,419426386,-935490940,6924308,14803510,30237,89,43449,3085,3182,3,0
$$HAR,14:25:26,419421314,-935483906,6947433,12079896,25731,89,43324,3084,3128,3,0
$$HAR,14:25:29,419416812,-935478247,6972014,15784772,24455,89,43200,3084,3195,3,0
$$HAR,14:25:32,419410064,-935473250,6991060,14081114,32455,89,43073,3083,3141,3,0
$$HAR,14:25:35,419404722,-935465710,7012079,12987394,25024,99,42946,3083,3012,3,0
$$HAR,14:25:38,419400123,-935461051,7033082,15317278,20116,89,42824,3082,2959,3,0
$$HAR,14:25:41,419394404,-935456297,7057481,14173398,30165,89,42699,3082,2888,3,0
$$HAR,14:25:44,419388320,-935448632,7075789,13386396,26121,89,42573,3081,2831,3,0
$$HAR,14:25:47,419383876,-935443219,7097742,14928636,21995,89,42451,3081,2755,3,0
$$HAR,14:25:50,419377226,-935438920,7120553,14794070,30808,89,42328,3080,2676,3,0
$$HAR,14:25:53,419371528,-935431438,7140005,12847864,27882,89,42201,3080,2667,3,0
$$HAR,14:25:56,419366345,-935425649,7161707,15048226,23964,89,42080,3079,2689,3,0
$$HAR,14:25:59,419359715,-935421226,7184905,14868508,31326,89,41961,3079,2711,3,0
$$HAR,14:26:02,419354235,-935414718,7208667,12799072,26020,89,41840,3078,2812,3,0
$$HAR,14:26:05,419348170,-935407285,7233583,14903360,31238,89,41714,3077,2883,3,0
$$HAR,14:26:08,419341843,-935403596,7253722,14475890,20067,89,41586,3076,3003,3,0
$$HAR,14:26:11,419337096,-935396515,7273756,13311948,31073,89,41458,3075,2985,3,0
$$HAR,14:26:14,419330889,-935389154,7295428,13681304,29671,83,41336,3075,2896,3,0
$$HAR,14:26:17,419326435,-935382326,7317419,14022284,20129,83,41213,3073,2816,3,0
$$HAR,14:26:20,419319913,-935377307,7339784,14889638,33944,83,41094,3072,2719,3,0
$$HAR,14:26:23,419312807,-935370349,7360971,13742446,27650,83,40971,3071,2666,3,0
$$HAR,14:26:26,419307897,-935364529,7383298,14878784,21792,83,40853,3070,2679,3,0
$$HAR,14:26:29,419301213,-935360230,7406136,14685820,33493,83,40729,3069,2697,3,0
$$HAR,14:26:32,419294907,-935352346,7425407,13128826,29093,83,40606,3068,2688,3,0
$$HAR,14:26:35,419289197,-935345444,7446055,14060180,30310,83,40487,3067,2763,3,0
$$HAR,14:26:38,419282484,-935338072,7471442,14767876,30644,83,40371,3067,2838,3,0
$$HAR,14:26:41,419275902,-935334660,7491648,15404586,21060,83,40246,3066,2860,3,0
$$HAR,14:26:44,419270638,-935327773,7513282,13425532,33679,83,40123,3065,2864,3,0
$$HAR,14:26:47,419264022,-935321149,7537956,14883490,26933,83,40002,3064,2807,3,0
$$HAR,14:26:50,419258558,-935316893,7561366,13743126,21274,83,39883,3063,2780,3,0
$$HAR,14:26:53,419252922,-935309138,7582204,13960440,35489,83,39760,3062,2767,3,0
$$HAR,14:26:56,419245575,-935303421,7604339,15604896,26687,83,39640,3061,2762,3,0
$$HAR,14:26:59,419240414,-935298288,7627179,12988240,26399,83,39519,3059,2616,3,0
$$HAR,14:27:02,419233920,-935290262,7649288,14732950,34695,83,39399,3058,2479,3,0
$$HAR,14:27:05,419226617,-935285272,7672877,14591674,25599,83,39278,3057,2501,3,0
$$HAR,14:27:08,419221780,-935278125,7694029,13174782,30795,87,39154,3055,2567,3,0
$$HAR,14:27:11,419214314,-935271156,7716597,15346502,35876,87,39034,3053,2461,3,0
$$HAR,14:27:14,419207871,-935265832,7740096,13400230,22559,87,38913,3052,2409,3,0
$$HAR,14:27:17,419202570,-935257936,7761248,13809650,36474,87,38795,3050,2466,3,0
$$HAR,14:27:20,419195334,-935251214,7787720,15058842,28141,87,38676,3048,2470,3,0
$$HAR,14:27:23,419189327,-935246508,7806258,14429650,24741,87,38555,3046,2408,3,0
$$HAR,14:27:23,419189327,-935246508,7806258,14429650,24741,87,38437,3045,2417,3,0
$$HAR,14:27:29,419176500,-935232538,7852075,13759028,40270,87,38318,3043,2377,3,0
$$HAR,14:27:32,419169819,-935224039,7873893,13521402,25709,87,38200,3042,2351,3,0
$$HAR,14:27:35,419164560,-935218109,7895450,14542466,28419,87,38085,3040,2377,3,0
$$HAR,14:27:38,419157894,-935212915,7911331,14771252,28744,87,37968,3039,2359,3,0
$$HAR,14:27:41,419151141,-935206033,7936478,13742910,34525,87,37861,3037,2372,3,0
$$HAR,14:27:44,419145174,-935196455,7956879,12908522,28998,87,37746,3036,2434,3,0
$$HAR,14:27:47,419139111,-935190674,7979472,15357466,30493,87,37630,3035,2482,3,0
$$HAR,14:27:50,419131406,-935184242,7998344,14061428,35173,87,37517,3033,2389,3,0
$$HAR,14:27:53,419124895,-935176575,8021755,13155652,28684,87,37407,3032,2354,3,0
$$HAR,14:27:56,419119979,-935169258,8040159,13885380,28541,87,37294,3031,2310,3,0
$$HAR,14:27:59,419113402,-935163553,8064218,14824010,32948,87,37187,3030,2275,3,0
$$HAR,14:28:02,419105831,-935154968,8086933,13214150,35751,87,37074,3029,2275,3,0
$$HAR,14:28:05,419100650,-935147158,8108789,14384918,23931,90,36960,3028,2249,3,0
$$HAR,14:28:08,419093623,-935141750,8130380,14704538,36474,87,36850,3027,2270,3,0
$$HAR,14:28:11,419086241,-935133757,8155053,13146246,31177,87,36739,3026,2327,3,0
$$HAR,14:28:14,419081057,-935127219,8177987,14750576,27695,87,36623,3024,2318,3,0
$$HAR,14:28:17,419073658,-935121853,8195610,14567622,33585,87,36511,3024,2270,3,0
$$HAR,14:28:20,419066921,-935114045,8219868,13220490,32149,87,36401,3022,2235,3,0
$$HAR,14:28:23,419061865,-935106608,8241391,14358154,25760,87,36287,3021,2208,3,0
$$HAR,14:28:26,419054521,-935100941,8264412,14748496,36957,87,36177,3020,2191,3,0
$$HAR,14:28:29,419047263,-935092095,8285483,13078280,34330,87,36065,3019,2160,3,0
$$HAR,14:28:32,419041834,-935084221,8306003,13879594,26418,87,35955,3018,2213,3,0
$$HAR,14:28:35,419035380,-935078149,8329085,14630738,34905,87,35846,3017,2256,3,0
$$HAR,14:28:38,419027577,-935069516,8352090,13130634,35635,87,35738,3016,2291,3,0
$$HAR,14:28:41,419022047,-935061354,8376564,14436714,27903,87,35625,3015,2384,3,0
$$HAR,14:28:44,419014907,-935055919,8397105,14668028,34061,87,35515,3014,2427,3,0
$$HAR,14:28:47,419007245,-935047389,8418882,13491602,37381,87,35403,3013,2423,3,0
$$HAR,14:28:50,419001661,-935039395,8442248,13892044,26114,87,35295,3012,2384,3,0
$$HAR,14:28:53,418994644,-935033761,8462119,14856734,36025,87,35185,3011,2335,3,0
$$HAR,14:28:56,418987222,-935025456,8485424,13136518,34207,87,35078,3009,2243,3,0
$$HAR,14:28:59,418981714,-935017285,8507084,14108354,29605,87,34969,3008,2208,3,0
$$HAR,14:29:02,418974064,-935011109,8530446,14880780,37458,87,34860,3007,2159,3,0
$$HAR,14:29:05,418966811,-935001975,8551250,12820890,35420,87,34751,3006,2115,3,0
$$HAR,14:29:08,418960946,-934994102,8571848,14567320,27241,87,34641,3005,2063,3,0
$$HAR,14:29:11,418953990,-934987257,8596774,14228044,39650,87,34537,3004,2058,3,0
$$HAR,14:29:14,418946036,-934978230,8622626,13369624,30847,87,34429,3003,2106,3,0
$$HAR,14:29:17,418940704,-934971870,8644373,15069390,31261,87,34316,3002,2084,3,0
$$HAR,14:29:20,418931867,-934964718,8667616,14204420,38891,87,34203,3001,2089,3,0
$$HAR,14:29:23,418925434,-934955726,8691242,13243066,32302,87,34089,2999,2093,3,0
$$HAR,14:29:26,418917729,-934949313,8713541,15921950,35594,87,33976,2998,2106,3,0
$$HAR,14:29:29,418909629,-934941912,8738146,13037138,36417,87,33865,2997,2062,3,0
$$HAR,14:29:32,418903851,-934933021,8759282,13587344,31603,87,33755,2995,1961,3,0
$$HAR,14:29:35,418897739,-934925252,8781103,13521276,30794,87,33648,2993,1988,3,0
$$HAR,14:29:38,418889900,-934917246,8804995,14833992,41415,87,33541,2992,2036,3,0
$$HAR,14:29:41,418881619,-934910750,8828475,14127396,28119,87,33432,2991,2123,3,0
$$HAR,14:29:44,418875667,-934901766,8851556,13338744,40240,87,33325,2989,2105,3,0
$$HAR,14:29:47,418867276,-934892094,8871527,14325006,39186,87,33216,2988,2083,3,0
$$HAR,14:29:50,418860419,-934883614,8896489,13002998,28899,87,33112,2986,2048,3,0
$$HAR,14:29:53,418853701,-934877211,8918185,15233524,38569,87,33005,2985,2040,3,0
$$HAR,14:29:56,418845525,-934868494,8942028,13128432,39377,87,32898,2983,2004,3,0
$$HAR,14:29:59,418838119,-934858786,8968970,14758284,35917,87,32791,2982,1982,3,0
$$HAR,14:30:02,418830527,-934853068,8990385,14646936,30985,88,32680,2981,2000,3,0
$$HAR,14:30:05,418822531,-934843761,9014417,12991096,42875,88,32568,2980,2039,3,0
$$HAR,14:30:08,418816157,-934835203,9038105,14773412,29919,88,32458,2979,2100,3,0
$$HAR,14:30:11,418808337,-934828949,9059138,14324252,36839,88,32348,2977,2043,3,1
$$HAR,14:30:14,418800466,-934820680,9087008,13837244,38861,88,32243,2976,1991,3,0
$$HAR,14:30:17,418793844,-934810739,9112939,13462536,33424,88,32129,2974,1982,3,0
$$HAR,14:30:20,418785835,-934804184,9135710,15583426,36620,88,32013,2973,2012,3,0
$$HAR,14:30:23,418777701,-934797259,9160146,13928518,38496,88,31901,2971,1964,3,0
$$HAR,14:30:26,418769637,-934787515,9186836,13325464,36699,88,31790,2969,1838,3,0
$$HAR,14:30:29,418763923,-934780070,9210387,14551580,29642,88,31675,2967,1837,3,0
$$HAR,14:30:32,418755203,-934773274,9229694,14874058,41588,102,31561,2966,1876,3,0
$$HAR,14:30:35,418747655,-934764224,9251390,13403634,34865,86,31455,2964,1820,3,0
$$HAR,14:30:38,418741569,-934756085,9275009,14564802,30943,86,31351,2962,1789,3,0
$$HAR,14:30:41,418733360,-934749382,9300118,14212588,39200,86,31246,2960,1802,3,0
$$HAR,14:30:44,418726057,-934738891,9318788,12975362,35885,86,31138,2958,1780,3,0
$$HAR,14:30:47,418719556,-934731099,9343273,14546692,30641,86,31036,2956,1732,3,0
$$HAR,14:30:50,418711699,-934724661,9367567,14449450,38703,86,30933,2955,1741,3,0
$$HAR,14:30:53,418704286,-934714812,9389551,12867986,34394,86,30828,2953,1784,3,0
$$HAR,14:30:56,418698550,-934707475,9413689,14780482,29388,86,30724,2952,1758,3,0
$$HAR,14:30:59,418690652,-934701271,9435893,14466916,37761,86,30620,2950,1718,3,0
$$HAR,14:31:02,418683568,-934692054,9458826,12816112,32898,86,30519,2949,1697,3,0
$$HAR,14:31:05,418677459,-934685101,9483500,15433258,30761,86,30418,2947,1692,3,0
$$HAR,14:31:08,418669417,-934679177,9508494,13996790,37585,86,30314,2946,1649,3,0
$$HAR,14:31:11,418662077,-934669292,9531678,13634198,34958,86,30209,2945,1662,3,0
$$HAR,14:31:14,418656250,-934662310,9552450,13990014,27865,86,30105,2943,1718,3,0
$$HAR,14:31:17,418648475,-934654512,9576723,14547072,43003,86,30002,2942,1757,3,0
$$HAR,14:31:20,418640904,-934645048,9601691,12530568,32006,86,29901,2940,1722,3,0
$$HAR,14:31:23,418635271,-934637306,9623337,14636438,33221,86,29797,2938,1614,3,0
$$HAR,14:31:26,418627012,-934630299,9644675,14316740,36128,86,29696,2936,1553,3,0
$$HAR,14:31:29,418619941,-934621954,9672396,13381730,37227,86,29599,2935,1618,3,0
$$HAR,14:31:32,418613517,-934611977,9698970,14130576,33398,86,29494,2933,1709,3,0
$$HAR,14:31:35,418605066,-934604488,9720306,14064484,42578,86,29390,2932,1766,3,0
$$HAR,14:31:38,418597939,-934593904,9741917,13109988,34748,86,29286,2931,1752,3,0
$$HAR,14:31:41,418592098,-934586108,9763232,13809884,28471,86,29185,2929,1722,3,0
$$HAR,14:31:44,418584733,-934578254,9787327,14272960,41054,86,29087,2928,1700,3,0
$$HAR,14:31:47,418577334,-934568250,9812202,12440076,33811,86,28990,2927,1648,3,0
$$HAR,14:31:50,418572181,-934560084,9833775,14136038,31587,86,28891,2925,1609,3,0
$$HAR,14:31:53,418564237,-934552586,9856143,14311112,38891,86,28793,2924,1613,3,0
$$HAR,14:31:56,418557270,-934542784,9878784,12477882,35475,86,28696,2923,1669,3,0
$$HAR,14:31:59,418551704,-934534651,9903036,14729508,30272,86,28601,2921,1739,3,0
$$HAR,14:32:02,418543645,-934527456,9926091,13955258,40392,86,28502,2920,1704,3,0
$$HAR,14:32:05,418536293,-934517468,9947250,13142266,36452,86,28406,2918,1665,3,0
$$HAR,14:32:08,418530037,-934508824,9971987,14172312,31110,86,28312,2917,1704,3,0
$$HAR,14:32:11,418522075,-934502437,9994948,14674436,40022,85,28216,2916,1773,3,0
$$HAR,14:32:14,418514298,-934492687,10017319,12860680,36505,85,28119,2914,1799,3,0
$$HAR,14:32:17,418508022,-934484693,10040591,14745388,29263,85,28025,2913,1756,3,0
$$HAR,14:32:20,418500580,-934478187,10065715,14321360,39473,85,27932,2911,1738,3,0
$$HAR,14:32:23,418492119,-934468415,10087304,13350840,38124,85,27835,2910,1677,3,0
$$HAR,14:32:26,418486047,-934460487,10110271,14512378,28057,85,27738,2908,1616,3,0
$$HAR,14:32:29,418477893,-934453326,10133473,14345102,43937,85,27643,2907,1621,3,0
$$HAR,14:32:32,418470001,-934443366,10158178,12993466,33918,85,27548,2906,1668,3,0
$$HAR,14:32:35,418464004,-934435395,10181781,14512970,33975,85,27451,2904,1625,3,0
$$HAR,14:32:38,418455281,-934427680,10201605,14192602,42019,85,27356,2903,1581,3,0
$$HAR,14:32:41,418447552,-934417219,10225022,13038518,38224,85,27265,2901,1577,3,0
$$HAR,14:32:44,418440996,-934408770,10248808,14693240,31945,85,27173,2900,1638,3,0
$$HAR,14:32:47,418432565,-934400923,10273887,13864336,44587,85,27080,2898,1677,3,0
$$HAR,14:32:50,418424661,-934389830,10299161,13141194,35764,85,26986,2897,1598,3,0
$$HAR,14:32:53,418418330,-934381877,10321894,14326390,34753,85,26891,2896,1551,3,0
$$HAR,14:32:56,418409353,-934373030,10342991,14071152,45320,85,26794,2894,1524,3,0
$$HAR,14:32:59,418401588,-934362721,10367023,13043410,35090,85,26702,2893,1529,3,0
$$HAR,14:33:02,418395130,-934354413,10388350,14409900,35391,85,26610,2891,1568,3,0
$$HAR,14:33:05,418386682,-934346812,10412224,14364378,41654,97,26519,2890,1542,3,0
$$HAR,14:33:08,418379049,-934336155,10436602,12591906,37378,85,26429,2889,1520,3,0
$$HAR,14:33:11,418372562,-934327897,10458895,14883000,32520,85,26335,2887,1541,3,0
$$HAR,14:33:14,418364461,-934320375,10480622,13883676,40059,85,26243,2886,1593,3,0
$$HAR,14:33:17,418356841,-934309541,10505408,12959812,39317,85,26155,2884,1593,3,0
$$HAR,14:33:20,418350216,-934301308,10531418,14749128,31516,85,26063,2883,1550,3,0
$$HAR,14:33:23,418341728,-934293625,10552443,14324248,43816,85,25967,2881,1532,3,0
$$HAR,14:33:26,418333177,-934283470,10576151,13208184,39417,85,25878,2880,1528,3,0
$$HAR,14:33:29,418327006,-934273875,10599878,13670170,31886,85,25790,2879,1524,3,0
$$HAR,14:33:32,418318969,-934266301,10621979,14583062,41707,85,25698,2877,1480,3,0
$$HAR,14:33:35,418310380,-934256323,10644183,13246794,41023,85,25607,2876,1415,3,0
$$HAR,14:33:38,418303876,-934245882,10669658,13171654,33920,85,25520,2874,1337,3,0
$$HAR,14:33:41,418296335,-934238443,10693642,14862426,38520,85,25431,2873,1303,3,0
$$HAR,14:33:44,418287948,-934228889,10717492,13295030,42229,85,25340,2871,1315,3,0
$$HAR,14:33:47,418280817,-934217931,10742727,13291440,34651,85,25250,2869,1246,3,0
$$HAR,14:33:50,418274642,-934210450,10768500,14152412,32346,85,25160,2868,1199,3,0
$$HAR,14:33:53,418266596,-934202827,10786101,14415618,38364,85,25067,2867,1199,3,0
$$HAR,14:33:56,418259101,-934194166,10812183,13324710,37277,85,24980,2865,1238,3,0
$$HAR,14:33:59,418253377,-934184151,10840305,13321964,30074,85,24891,2864,1298,3,0
$$HAR,14:34:02,418245404,-934176944,10863724,14703266,40836,85,24797,2863,1350,3,0
$$HAR,14:34:05,418237211,-934167299,10886314,13356028,39920,85,24705,2861,1319,3,0
$$HAR,14:34:08,418229975,-934156969,10912265,13370152,34441,85,24616,2860,1306,3,0
$$HAR,14:34:11,418223799,-934149675,10935392,14771172,32397,85,24526,2858,1345,3,0
$$HAR,14:34:14,418215046,-934140779,10958117,13594474,45445,85,24434,2856,1345,3,0
$$HAR,14:34:17,418207704,-934130275,10982464,13271024,34002,85,24347,2855,1276,3,0
$$HAR,14:34:20,418201480,-934122035,11008472,14305652,34975,85,24259,2853,1241,3,0
$$HAR,14:34:23,418192707,-934113667,11033271,13968134,44056,85,24169,2851,1276,3,0
$$HAR,14:34:26,418185537,-934102802,11058813,12718506,33928,85,24079,2850,1276,3,0
$$HAR,14:34:29,418179143,-934095061,11080848,14803644,34283,85,23989,2848,1228,3,0
$$HAR,14:34:32,418170946,-934087050,11104974,13773920,39170,85,23899,2847,1215,3,1
$$HAR,14:34:35,418163746,-934076254,11128334,12675070,40025,85,23812,2845,1172,3,0
$$HAR,14:34:38,418157800,-934066950,11152666,13776648,29187,85,23726,2843,1133,3,0
$$HAR,14:34:41,418150762,-934059458,11178006,13817930,39227,85,23640,2842,1159,3,0
$$HAR,14:34:44,418143565,-934048309,11200609,12483566,39207,85,23552,2840,1245,3,0
$$HAR,14:34:47,418138293,-934038707,11226786,12846714,28744,85,23466,2839,1288,3,0
$$HAR,14:34:50,418132246,-934030671,11249777,13966760,37032,85,23379,2837,1292,3,0
$$HAR,14:34:53,418124652,-934020320,11275226,12617192,41207,85,23294,2835,1297,3,0
$$HAR,14:34:56,418119701,-934008823,11297613,11979596,32971,85,23207,2834,1327,3,0
$$HAR,14:34:59,418113964,-933999794,11320238,13878416,35164,85,23123,2833,1314,3,0
$$HAR,14:35:02,418107005,-933989893,11347271,12586170,41360,85,23041,2831,1270,3,0
$$HAR,14:35:05,418101081,-933977031,11371841,11896730,36823,85,22956,2830,1245,3,1
$$HAR,14:35:08,418095919,-933968022,11396686,13610292,32355,85,22869,2828,1266,3,0
$$HAR,14:35:11,418088558,-933957761,11419783,12855972,43988,85,22783,2826,1279,3,0
$$HAR,14:35:11,418088558,-933957761,11419783,12855972,43988,85,22697,2825,1236,3,0
$$HAR,14:35:17,418077877,-933934500,11467690,12470596,31707,85,22613,2823,1206,3,0
$$HAR,14:35:20,418071183,-933924730,11494134,13475090,42670,85,22529,2821,1223,3,1
$$HAR,14:35:23,418064175,-933912847,11516660,12232978,41542,85,22444,2820,1249,3,0
$$HAR,14:35:26,418058069,-933900512,11539055,12469636,39767,85,22361,2818,1214,3,0
$$HAR,14:35:29,418052618,-933888914,11571020,12044358,33117,85,22281,2816,1162,3,0
$$HAR,14:35:32,418046462,-933880691,11595774,13907344,39618,85,22191,2814,1115,3,0
$$HAR,14:35:35,418039521,-933868670,11621604,12172504,43774,139,22102,2813,1080,3,0
$$HAR,14:35:38,418034165,-933855993,11649157,12348784,37430,85,22017,2811,1072,3,0
$$HAR,14:35:41,418029013,-933845909,11676921,13311488,31667,85,21930,2809,1033,3,0
$$HAR,14:35:44,418021742,-933836250,11702627,13002522,42926,85,21841,2808,994,3,0
$$HAR,14:35:47,418015388,-933823052,11725645,11818332,41662,85,21754,2806,951,3,0
$$HAR,14:35:50,418010428,-933811585,11748900,12419802,33247,85,21670,2804,934,3,0
$$HAR,14:35:53,418004402,-933802232,11774099,13244474,38299,85,21587,2803,964,3,0
$$HAR,14:35:56,417997236,-933789803,11800230,12311080,45167,85,21504,2801,1041,3,0
$$HAR,14:35:59,417992354,-933777663,11822856,11559386,32630,85,21419,2799,1110,3,0
$$HAR,14:36:02,417987218,-933767920,11847727,13395596,36091,85,21339,2797,1187,3,0
$$HAR,14:36:05,417979866,-933757970,11872753,12943302,41447,85,21260,2796,1205,3,0
$$HAR,14:36:08,417974291,-933745345,11895360,11592756,37616,85,21179,2794,1183,3,0
$$HAR,14:36:11,417969504,-933735304,11920121,13199296,32228,84,21100,2792,1200,3,0
$$HAR,14:36:14,417962606,-933725650,11947926,12900596,42941,84,21021,2790,1221,3,0
$$HAR,14:36:17,417956738,-933713063,11975921,11731420,36791,84,20940,2789,1264,3,0
$$HAR,14:36:20,417952588,-933701791,11997326,11862460,37479,84,20857,2787,1307,3,0
$$HAR,14:36:23,417947527,-933689152,12023930,11454884,38812,84,20777,2785,1290,3,0
$$HAR,14:36:26,417942978,-933678821,12053095,13402650,31465,84,20697,2783,1243,3,0
$$HAR,14:36:29,417935859,-933668634,12077136,12229974,43523,84,20614,2781,1217,3,0
$$HAR,14:36:32,417931213,-933655168,12100946,11184570,38477,84,20531,2779,1247,3,0
$$HAR,14:36:35,417927288,-933643581,12125244,11687884,31970,84,20451,2777,1238,3,0
$$HAR,14:36:38,417922194,-933633512,12152858,12718006,40470,84,20373,2776,1225,3,0
$$HAR,14:36:41,417915909,-933620060,12176910,11463164,42117,84,20293,2774,1195,3,0
$$HAR,14:36:44,417912217,-933607929,12197440,11353898,33391,84,20213,2772,1203,3,0
$$HAR,14:36:47,417907644,-933597212,12222624,12566052,34399,84,20138,2770,1160,3,0
$$HAR,14:36:50,417901393,-933586778,12250371,12484620,41766,84,20062,2768,1135,3,0
$$HAR,14:36:53,417896404,-933572941,12275482,11021674,41368,84,19985,2766,1139,3,0
$$HAR,14:36:56,417892477,-933561453,12297209,12154876,30944,84,19906,2764,1165,3,0
$$HAR,14:36:59,417887066,-933551283,12324596,12681962,41224,84,19833,2762,1212,3,0
$$HAR,14:37:02,417880521,-933538212,12349463,11708828,41295,82,19756,2761,1233,3,0
$$HAR,14:37:05,417876673,-933526781,12374252,11721308,29953,82,19678,2758,1207,3,0
$$HAR,14:37:08,417871058,-933517321,12399544,13298408,39789,82,19601,2757,1216,3,0
$$HAR,14:37:11,417863987,-933505581,12425830,12255160,41240,82,19526,2755,1241,3,0
$$HAR,14:37:14,417858666,-933492953,12448436,12050854,39771,82,19450,2753,1271,3,0
$$HAR,14:37:17,417853331,-933482603,12477476,12801382,29834,82,19374,2751,1207,3,0
$$HAR,14:37:20,417847304,-933474579,12503507,13315376,39221,82,19297,2750,1155,3,0
$$HAR,14:37:23,417840327,-933462619,12528464,12270424,38846,82,19220,2748,1134,3,0
$$HAR,14:37:26,417835916,-933451919,12554035,11716458,31627,82,19142,2746,1159,3,0
$$HAR,14:37:29,417830685,-933443805,12578517,14314234,31260,82,19068,2744,1202,3,0
$$HAR,14:37:32,417823752,-933435408,12605337,13138724,39139,82,18992,2742,1142,3,0
$$HAR,14:37:35,417817105,-933424737,12625720,13142994,36478,82,18916,2740,1091,3,0
$$HAR,14:37:38,417810350,-933415998,12655412,13845528,32609,82,18846,2738,1103,3,0
$$HAR,14:37:41,417805674,-933408721,12683247,11390036,25345,82,18771,2737,1146,3,0
$$HAR,14:37:44,417800739,-933397985,12707033,13251792,40694,82,18692,2735,1172,3,0
$$HAR,14:37:47,417793976,-933389790,12737478,14408060,27729,82,18617,2733,1189,3,0
$$HAR,14:37:50,417789223,-933383677,12763942,12045242,25241,82,18541,2730,1133,3,0
$$HAR,14:37:53,417784000,-933373935,12790304,13156444,38928,82,18465,2728,1073,3,0
$$HAR,14:37:56,417776501,-933365042,12819938,14648466,38198,140,18387,2726,1056,3,0
$$HAR,14:37:59,417770818,-933359691,12845595,12872674,24785,86,18312,2724,1056,3,0
$$HAR,14:38:02,417766887,-933351584,12866673,12859078,30697,86,18236,2722,1021,3,0
$$HAR,14:38:05,417761153,-933343360,12897014,13486300,30167,86,18164,2719,957,3,0
$$HAR,14:38:08,417755030,-933337821,12924160,16190618,26757,86,18090,2717,983,3,0
$$HAR,14:38:11,417750077,-933332423,12951954,11736944,26094,86,18014,2715,978,3,0
$$HAR,14:38:14,417745899,-933323857,12976280,13868118,28866,86,17939,2713,948,3,0
$$HAR,14:38:17,417739584,-933317522,13006794,14584264,30102,86,17865,2711,905,3,0
$$HAR,14:38:20,417734198,-933313665,13036357,13880540,17099,86,17788,2709,880,3,0
$$HAR,14:38:23,417730851,-933306737,13059693,12754740,27611,86,17708,2707,901,3,0
$$HAR,14:38:26,417725512,-933299956,13090199,14127704,26677,86,17632,2705,909,3,0
$$HAR,14:38:29,417720539,-933296145,13118177,15428434,13261,86,17557,2703,896,3,0
$$HAR,14:38:32,417717852,-933291004,13144249,12178950,25702,86,17480,2701,884,3,0
$$HAR,14:38:35,417713822,-933284092,13173598,13168948,19456,86,17407,2699,871,3,0
$$HAR,14:38:38,417709980,-933280504,13203413,15417976,15791,86,17332,2697,892,3,0
$$HAR,14:38:41,417707698,-933275364,13230695,11395408,23451,86,17255,2695,926,3,0
$$HAR,14:38:44,417703742,-933267782,13256464,13553498,25870,86,17180,2693,956,3,0
$$HAR,14:38:47,417698769,-933262280,13277218,14050884,23327,86,17106,2692,990,3,0
$$HAR,14:38:50,417694202,-933255802,13300622,12775740,26181,86,17038,2690,1037,3,0
$$HAR,14:38:53,417691311,-933248577,13325976,11006776,18000,86,16971,2688,1101,3,0
$$HAR,14:38:56,417689067,-933244408,13352383,14922970,11818,86,16904,2686,1183,3,0
$$HAR,14:38:59,417685688,-933240662,13375055,12905454,20780,86,16837,2685,1170,3,0
$$HAR,14:39:02,417682125,-933235043,13404935,12892742,20902,86,16772,2683,1127,3,0
$$HAR,14:39:05,417679548,-933226974,13429059,9950378,25490,86,16705,2681,1067,3,0
$$HAR,14:39:08,417679001,-933220642,13453132,10266130,12181,86,16636,2679,1016,3,0
$$HAR,14:39:11,417677514,-933215993,13481103,12550322,17634,86,16571,2677,1007,3,0
$$HAR,14:39:14,417674001,-933210277,13510879,12247970,21948,86,16505,2675,1067,3,0
$$HAR,14:39:17,417673124,-933203572,13538218,7856074,15999,88,16434,2674,1101,3,0
$$HAR,14:39:20,417672182,-933199182,13566909,13132016,15879,86,16364,2672,1092,3,0
$$HAR,14:39:23,417669060,-933194097,13593851,11748074,20290,86,16293,2670,1028,3,0
$$HAR,14:39:26,417668332,-933186638,13621549,8290325,21412,86,16223,2668,955,3,0
$$HAR,14:39:29,417668077,-933181113,13649123,12117680,11529,86,16152,2666,942,3,0
$$HAR,14:39:32,417665747,-933176391,13673776,11325670,20591,86,16084,2665,981,3,0
$$HAR,14:39:35,417663844,-933168124,13699648,10011024,26007,86,16016,2663,959,3,0
$$HAR,14:39:38,417663957,-933160551,13726560,8207294,15230,86,15951,2660,925,3,0
$$HAR,14:39:41,417663306,-933155136,13758256,11147692,20762,86,15885,2659,891,3,0
$$HAR,14:39:44,417660850,-933146293,13783565,10297868,28510,86,15815,2657,904,3,0
$$HAR,14:39:47,417660759,-933138116,13810703,7799498,19559,86,15747,2655,908,3,0
$$HAR,14:39:50,417660969,-933131606,13839665,10428770,19903,86,15679,2653,929,3,0
$$HAR,14:39:53,417658554,-933124196,13865963,11310212,25689,86,15611,2651,972,3,0
$$HAR,14:39:56,417657962,-933115211,13894834,7828471,26661,86,15543,2650,1023,3,0
$$HAR,14:39:59,417658922,-933107391,13922801,9383624,16284,86,15477,2648,1083,3,0
$$HAR,14:40:02,417657830,-933101640,13949991,10655126,21197,86,15409,2646,1100,3,0
$$HAR,14:40:05,417656497,-933091971,13975340,9527870,31033,86,15341,2644,1061,3,0
$$HAR,14:40:08,417656831,-933082029,14002195,7906468,23739,86,15275,2642,1019,3,0
$$HAR,14:40:11,417658005,-933074169,14028277,8872620,21358,86,15210,2640,1014,3,0
$$HAR,14:40:14,417656838,-933066594,14054258,11014654,22436,86,15144,2638,1057,3,1
$$HAR,14:40:17,417655570,-933056677,14082465,8793018,32721,86,15081,2637,1074,3,0
$$HAR,14:40:20,417656664,-933046139,14110677,8023734,23564,86,15017,2635,1061,3,0
$$HAR,14:40:23,417656932,-933038758,14137126,9006532,23240,86,14951,2633,1018,3,0
$$HAR,14:40:26,417656476,-933028233,14164162,9476224,31803,159,14886,2631,941,3,0
$$HAR,14:40:29,417655725,-933016026,14187673,7944740,28527,91,14822,2629,903,3,0
$$HAR,14:40:32,417657098,-933006757,14215468,9642002,24313,89,14758,2628,903,3,0
$$HAR,14:40:35,417654885,-932997752,14245816,10775316,30303,88,14694,2626,920,3,0
$$HAR,14:40:38,417653747,-932985039,14273046,9058718,37185,88,14628,2624,945,3,0
$$HAR,14:40:41,417654013,-932974013,14299334,8799718,24691,88,14563,2622,945,3,0
$$HAR,14:40:44,417653133,-932964403,14332808,10624008,32542,88,14500,2620,928,3,0
$$HAR,14:40:47,417650044,-932951982,14359314,9963554,36394,88,14434,2619,924,3,0
$$HAR,14:40:50,417650180,-932940357,14388568,8470890,29695,88,14367,2617,919,3,0
$$HAR,14:40:53,417649707,-932931300,14414978,10612644,23367,88,14302,2615,924,3,0
$$HAR,14:40:56,417647132,-932921693,14445828,10468214,35443,88,14238,2614,945,3,0
$$HAR,14:40:59,417645672,-932908290,14469665,9428190,34706,88,14174,2612,992,3,0
$$HAR,14:41:02,417644526,-932898377,14498700,10345982,22799,88,14112,2610,1030,3,0
$$HAR,14:41:05,417641752,-932889071,14527508,11126432,35465,88,14050,2609,1077,3,0
$$HAR,14:41:08,417638795,-932875932,14552321,10173018,35968,88,13986,2607,1073,3,0
$$HAR,14:41:11,417637680,-932864580,14578140,9100336,30421,88,13925,2605,1060,3,0
$$HAR,14:41:14,417636569,-932854677,14603667,11240724,26064,88,13865,2603,1090,3,0
$$HAR,14:41:17,417632985,-932846042,14628553,11809802,32177,88,13807,2601,1124,3,0
$$HAR,14:41:20,417629220,-932834195,14656655,10995790,36530,88,13748,2600,1128,3,0
$$HAR,14:41:23,417627554,-932822559,14684033,9511764,29744,88,13688,2598,1149,3,0
$$HAR,14:41:26,417625679,-932813577,14712101,12095076,27263,88,13629,2596,1188,3,0
$$HAR,14:41:29,417620926,-932803812,14739747,11923580,35770,88,13569,2594,1192,3,0
$$HAR,14:41:32,417617348,-932792006,14763624,10586190,35877,88,13508,2592,1145,3,0
$$HAR,14:41:35,417614641,-932781443,14794508,11968404,25017,88,13451,2590,1111,3,0
$$HAR,14:41:38,417610532,-932774425,14819713,12717004,26175,88,13391,2588,1136,3,0
$$HAR,14:41:41,417606088,-932766581,14841429,12823594,28589,88,13331,2586,1174,3,0
$$HAR,14:41:44,417601527,-932759158,14865284,12700300,26001,88,13277,2584,1179,3,0
$$HAR,14:41:47,417596790,-932750946,14887742,12719928,32683,88,13222,2583,1162,3,0
$$HAR,14:41:50,417592712,-932740760,14913088,10995640,28943,88,13170,2581,1153,3,0
$$HAR,14:41:53,417590979,-932732201,14940176,10805760,20443,88,13117,2578,1149,3,0
$$HAR,14:41:56,417587685,-932726215,14965433,13139390,23265,88,13063,2577,1170,3,0
$$HAR,14:41:59,417583559,-932718685,14996187,12602144,28119,88,13010,2575,1187,3,0
$$HAR,14:42:02,417578978,-932710300,15024532,11975252,25948,88,12952,2573,1148,3,0
$$HAR,14:42:05,417576766,-932704384,15055384,10781272,12800,88,12896,2571,1084,3,0
$$HAR,14:42:08,417575466,-932698779,15087206,10513704,20538,88,12838,2569,1046,3,0
$$HAR,14:42:11,417574433,-932693080,15107443,10069666,12917,88,12779,2568,1046,3,0
$$HAR,14:42:14,417572126,-932686960,15140764,13034518,25785,88,12724,2566,1063,3,0
$$HAR,14:42:17,417567404,-932681937,15166334,14475108,18854,88,12667,2564,1088,3,0
$$HAR,14:42:20,417563107,-932677731,15186925,13807570,21411,88,12609,2562,1058,3,0
$$HAR,14:42:23,417559697,-932671858,15220684,11389042,20292,88,12555,2560,1037,3,0
$$HAR,14:42:26,417558841,-932665779,15248640,9824534,12823,88,12498,2559,1007,3,0
$$HAR,14:42:29,417556820,-932663008,15277853,14861114,12621,88,12439,2557,999,3,0
$$HAR,14:42:32,417553364,-932658826,15307962,13569702,22985,88,12383,2555,994,3,0
$$HAR,14:42:35,417549266,-932653746,15333857,13574254,16492,88,12324,2553,973,3,0
$$HAR,14:42:38,417546800,-932650515,15373352,11650388,12007,88,12269,2552,960,3,0
$$HAR,14:42:41,417546578,-932645044,15396550,7840142,18712,88,12207,2550,951,3,0
$$HAR,14:42:44,417545896,-932640327,15426082,13428314,10355,88,12148,2548,922,3,0
$$HAR,14:42:47,417543494,-932637836,15458010,15566704,15552,88,12091,2546,921,3,0
$$HAR,14:42:50,417539522,-932634568,15481034,13917832,15639,88,12034,2544,960,3,0
$$HAR,14:42:53,417536360,-932631202,15504609,15633082,15399,88,11978,2543,968,3,0
$$HAR,14:42:56,417532708,-932630193,15525146,17608346,12921,180,11925,2541,955,3,0
$$HAR,14:42:59,417531818,-932628109,15562048,9688622,6919,86,11875,2539,943,3,0
$$HAR,14:43:02,417532405,-932624895,15584473,7269131,10265,86,11822,2538,947,3,0
$$HAR,14:43:05,417532821,-932622080,15610030,7232584,5853,86,11772,2536,964,3,0
$$HAR,14:43:08,417533987,-932618692,15636879,7608723,15775,86,11722,2534,1010,3,0
$$HAR,14:43:11,417533982,-932612698,15668804,10817108,15264,86,11671,2532,1062,3,0
$$HAR,14:43:14,417532184,-932609619,15701933,16274454,5924,86,11618,2530,1130,3,0
$$HAR,14:43:17,417532627,-932608568,15729862,5358852,12299,86,11563,2529,1159,3,0
$$HAR,14:43:20,417533997,-932603268,15756185,8519100,15843,86,11508,2527,1181,3,0
$$HAR,14:43:23,417533448,-932597136,15779839,10382420,19074,86,11454,2525,1159,3,0
$$HAR,14:43:26,417532455,-932591511,15815002,8467596,10840,86,11403,2523,1163,3,0
$$HAR,14:43:29,417534133,-932587790,15848935,5692518,16435,86,11351,2521,1197,3,0
$$HAR,14:43:32,417536487,-932580842,15875303,7649518,22227,86,11293,2520,1227,3,0
$$HAR,14:43:35,417537070,-932574964,15912231,8036044,16352,86,11235,2518,1197,3,0
$$HAR,14:43:38,417538519,-932568826,15956478,6616109,12918,86,11178,2516,1112,3,0
$$HAR,14:43:41,417539488,-932566747,15985931,9873726,5538,86,11116,2514,1023,3,0
$$HAR,14:43:44,417538616,-932561407,16009760,9479698,21661,86,11053,2513,963,3,0
$$HAR,14:43:47,417539848,-932554635,16042230,6251491,22551,86,10997,2511,916,3,0
$$HAR,14:43:50,417542066,-932546882,16070082,7585363,22117,86,10942,2509,874,3,0
$$HAR,14:43:53,417544385,-932540056,16097198,5393910,16290,86,10887,2507,865,3,0
$$HAR,14:43:56,417544791,-932535402,16127031,10393984,18739,86,10833,2505,899,3,0
$$HAR,14:43:59,417543285,-932527000,16156551,9944516,27036,86,10780,2503,890,3,0
$$HAR,14:44:02,417543486,-932517045,16184216,7967831,27135,86,10727,2502,924,3,0
$$HAR,14:44:05,417544504,-932509779,16214460,8939174,13717,86,10676,2500,988,3,0
$$HAR,14:44:08,417543298,-932504460,16243533,11005738,19919,86,10624,2498,1022,3,0
$$HAR,14:44:11,417541527,-932496263,16271625,10570500,24837,86,10572,2496,979,3,0
$$HAR,14:44:14,417540940,-932488118,16305286,8344450,20173,86,10521,2494,920,3,0
$$HAR,14:44:17,417542167,-932482925,16334652,8285307,10391,86,10469,2492,877,3,0
$$HAR,14:44:20,417540579,-932478654,16365623,13383584,16062,86,10417,2491,864,3,0
$$HAR,14:44:23,417537901,-932473490,16398307,10246358,19824,86,10366,2489,894,3,0
$$HAR,14:44:26,417538167,-932466256,16427201,8235623,18005,86,10313,2488,928,3,0
$$HAR,14:44:29,417538516,-932461680,16453671,8458700,10675,86,10260,2486,932,3,0
$$HAR,14:44:32,417538704,-932457285,16475722,10133038,13146,86,10210,2484,898,3,0
$$HAR,14:44:35,417538022,-932453070,16508302,8829318,15227,86,10164,2483,903,3,0
$$HAR,14:44:38,417536209,-932445442,16538393,11953996,26474,86,10115,2481,941,3,0
$$HAR,14:44:41,417534058,-932437220,16561579,9981656,21982,86,10066,2479,979,3,0
$$HAR,14:44:44,417531925,-932430137,16586926,12411084,21603,86,10020,2477,1000,3,0
$$HAR,14:44:47,417530796,-932423898,16624626,8572478,14666,86,9974,2476,1042,3,0
$$HAR,14:44:50,417529924,-932420299,16661804,9498316,17528,86,9925,2474,1072,3,0
$$HAR,14:44:53,417529407,-932411073,16689651,10611392,30051,89,9871,2472,1085,3,0
$$HAR,14:44:56,417526259,-932404013,16718478,13176066,17288,89,9819,2470,1089,3,0
$$HAR,14:44:59,417523293,-932398372,16752151,12737208,21557,89,9772,2468,1085,3,0
$$HAR,14:45:02,417519511,-932391219,16786416,11471320,26833,89,9723,2466,1080,3,0
$$HAR,14:45:05,417517855,-932382089,16807648,9536190,22249,89,9672,2464,1080,3,0
$$HAR,14:45:08,417515773,-932374936,16841828,12392020,25389,89,9625,2462,1072,3,0
$$HAR,14:45:11,417511333,-932369119,16872076,15071118,20158,89,9577,2461,1063,3,0
$$HAR,14:45:14,417507784,-932366190,16902399,12887112,15184,89,9529,2459,1067,3,0
$$HAR,14:45:17,417506248,-932362645,16931749,11186574,7720,89,9481,2457,1063,3,0
$$HAR,14:45:20,417505665,-932358590,16953165,10230036,16197,89,9433,2455,1042,3,0
$$HAR,14:45:23,417504743,-932353405,16980222,9826518,11953,89,9390,2453,1016,3,0
$$HAR,14:45:26,417504715,-932349148,17006525,8674644,12747,89,9347,2451,999,3,0
$$HAR,14:45:29,417504375,-932343845,17036853,10102202,14422,97,9305,2450,995,3,0
$$HAR,14:45:32,417503122,-932340816,17079426,16358642,9664,88,9261,2448,982,3,0
$$HAR,14:45:35,417501357,-932340430,17113183,6156945,3480,88,9212,2446,923,3,0
$$HAR,14:45:38,417502247,-932338648,17138040,6373800,5654,88,9161,2444,884,3,0
$$HAR,14:45:41,417501869,-932337685,17168599,15502820,6807,88,9116,2443,859,3,0
$$HAR,14:45:44,417499814,-932334572,17198868,12269274,17189,88,9068,2441,855,3,0
$$HAR,14:45:47,417498264,-932329482,17231124,8849464,13413,88,9022,2439,854,3,0
$$HAR,14:45:50,417499662,-932324630,17258638,5901424,12832,88,8977,2438,846,3,0
$$HAR,14:45:53,417500000,-932322794,17288446,14140472,3360,88,8931,2436,872,3,0
$$HAR,14:45:56,417498584,-932321065,17317107,12729696,11863,88,8886,2434,876,3,0
$$HAR,14:45:59,417496483,-932316069,17346840,10853400,20595,88,8842,2433,918,3,0
$$HAR,14:46:02,417496448,-932309926,17377375,6938605,14439,86,8798,2431,960,3,0
$$HAR,14:46:05,417495254,-932305750,17415983,14642722,15720,86,8753,2429,981,3,0
$$HAR,14:46:08,417491345,-932302897,17441641,13241204,15992,86,8707,2428,977,3,0
$$HAR,14:46:11,417489421,-932298017,17479912,11705586,12208,86,8662,2426,968,3,0
$$HAR,14:46:14,417489789,-932295667,17510138,2969193,6145,86,8615,2424,956,3,0
$$HAR,14:46:17,417488895,-932294957,17540385,16312742,11529,81,8570,2423,956,3,0
$$HAR,14:46:20,417485853,-932292646,17570227,13295156,13356,81,8525,2421,956,3,0
$$HAR,14:46:23,417483131,-932289102,17600894,13842102,15254,81,8480,2420,973,3,0
$$HAR,14:46:26,417480710,-932287761,17641306,21491900,5680,81,8436,2418,981,3,0
$$HAR,14:46:29,417481099,-932287906,17673501,6346920,10090,81,8390,2416,968,3,0
$$HAR,14:46:32,417480398,-932283273,17702260,12253318,14447,82,8343,2414,926,3,0
$$HAR,14:46:35,417477919,-932279968,17741367,14971206,14268,82,8300,2413,892,3,0
$$HAR,14:46:38,417474422,-932279448,17775453,21274168,10499,82,8255,2411,900,3,0
$$HAR,14:46:41,417473179,-932279530,17813917,13472398,13212,82,8208,2409,896,3,0
$$HAR,14:46:44,417469188,-932275217,17846731,15177038,21145,82,8160,2408,883,3,0
$$HAR,14:46:47,417465307,-932275026,17875109,21401296,8653,82,8112,2406,862,3,0
$$HAR,14:46:50,417464181,-932275246,17904409,13179264,5092,82,8068,2405,849,3,0
$$HAR,14:46:53,417463440,-932273900,17942372,8216829,4442,82,8026,2403,849,3,1
$$HAR,14:46:56,417463924,-932273211,17981661,24605132,4048,82,7983,2401,883,3,0
$$HAR,14:46:59,417462130,-932275690,18007564,20912648,12338,82,7935,2399,908,3,0
$$HAR,14:47:02,417460199,-932275798,18042006,15801718,6177,82,7891,2397,900,3,1
$$HAR,14:47:05,417457959,-932273362,18069477,12128606,12505,82,7848,2395,866,3,0
$$HAR,14:47:08,417458146,-932271225,18103299,769474,5905,82,7806,2394,862,3,0
$$HAR,14:47:11,417459688,-932272176,18132981,30721440,5252,82,7766,2392,866,3,0
$$HAR,14:47:14,417460839,-932272905,18163548,165741,7817,82,7725,2390,895,3,0
$$HAR,14:47:17,417462792,-932271325,18201690,7191360,10524,82,7685,2388,908,3,0
$$HAR,14:47:20,417462191,-932268148,18230942,13412340,6151,82,7643,2387,929,3,0
$$HAR,14:47:23,417462672,-932265717,18262404,6344087,12947,82,7602,2385,929,3,0
$$HAR,14:47:26,417465317,-932262708,18296475,48374,13251,82,7562,2383,946,3,0
$$HAR,14:47:29,417468089,-932263867,18331957,31790898,7567,81,7521,2381,967,3,0
$$HAR,14:47:32,417469255,-932265293,18365759,31811760,7298,81,7480,2379,959,3,0
$$HAR,14:47:35,417471588,-932266906,18394971,35944492,12509,81,7439,2378,916,3,0
$$HAR,14:47:38,417474262,-932264037,18428133,6930176,14888,81,7398,2376,870,3,0
$$HAR,14:47:41,417475053,-932260867,18465856,6895382,2362,81,7358,2374,844,3,0
$$HAR,14:47:44,417475322,-932260605,18500092,3811278,2789,81,7316,2373,857,3,0
$$HAR,14:47:47,417475739,-932257142,18541546,7892416,16349,81,7276,2371,886,3,0
$$HAR,14:47:50,417478414,-932251627,18568236,3669190,20208,82,7232,2369,924,3,0
$$HAR,14:47:53,417481525,-932248678,18595460,3412691,9198,81,7189,2368,946,3,0
$$HAR,14:47:56,417482968,-932247782,18630916,8360464,4253,81,7150,2366,937,3,0
$$HAR,14:47:59,417482624,-932244648,18663512,9807912,15098,97,7111,2364,945,3,0
$$HAR,14:48:02,417483345,-932239346,18690508,5869132,12751,79,7073,2363,954,3,0
$$HAR,14:48:05,417484540,-932234703,18725722,7724847,13457,79,7036,2361,975,3,0
$$HAR,14:48:08,417484462,-932231230,18774227,14099970,6864,79,6997,2359,1009,3,0
$$HAR,14:48:11,417483365,-932231887,18801196,27879248,5489,78,6954,2358,1004,3,0
$$HAR,14:48:14,417483293,-932230749,18835904,13425234,8937,78,6914,2356,979,3,0
$$HAR,14:48:17,417480977,-932230309,18860596,15787754,9732,78,6874,2354,958,3,0
$$HAR,14:48:20,417480193,-932225899,18895987,7547254,13449,78,6837,2353,966,3,0
$$HAR,14:48:23,417481118,-932223705,18934691,5297732,9129,78,6800,2351,991,3,0
$$HAR,14:48:26,417482759,-932219320,18975009,7917157,14085,78,6761,2349,1013,3,0
$$HAR,14:48:29,417481370,-932217281,19016041,16404068,14558,78,6719,2348,1047,3,0
$$HAR,14:48:32,417478310,-932215859,19049512,17288190,4099,78,6679,2346,1063,3,0
$$HAR,14:48:35,417478657,-932216248,19081732,12089984,4269,78,6638,2345,1076,3,0
$$HAR,14:48:38,417477304,-932212732,19120721,12752388,13334,78,6598,2343,1042,3,0
$$HAR,14:48:41,417475809,-932212005,19160795,25381484,8259,78,6560,2342,1067,3,0
$$HAR,14:48:44,417474611,-932213508,19203829,13934674,10003,78,6522,2340,1093,3,0
$$HAR,14:48:47,417473509,-932209703,19238075,10266548,9621,78,6480,2339,1110,3,0
$$HAR,14:48:50,417470953,-932207728,19270145,18037376,16045,78,6440,2337,1131,3,0
$$HAR,14:48:53,417467503,-932206185,19303844,12968794,12237,78,6400,2335,1152,3,0
$$HAR,14:48:56,417466060,-932202135,19341128,12579210,9934,78,6362,2334,1147,3,0
$$HAR,14:48:59,417464655,-932201828,19382969,24711206,4463,78,6324,2332,1139,3,0
$$HAR,14:49:02,417464199,-932204795,19412377,23236280,10481,78,6284,2330,1143,3,1
$$HAR,14:49:05,417461067,-932205292,19445542,16575216,14764,78,6247,2329,1088,3,0
$$HAR,14:49:08,417457925,-932204499,19475135,16923202,8893,78,6210,2327,1050,3,0
$$HAR,14:49:11,417455188,-932204031,19517246,19924704,11043,78,6176,2326,995,3,0
$$HAR,14:49:14,417455016,-932205665,19553357,72400,9037,78,6139,2324,978,3,0
$$HAR,14:49:17,417454200,-932204471,19597973,16589370,14310,78,6103,2322,953,3,0
$$HAR,14:49:20,417450033,-932203905,19630840,18152690,8796,78,6065,2321,940,3,0
$$HAR,14:49:23,417448992,-932205189,19663312,22930328,11574,79,6026,2319,906,3,0
$$HAR,14:49:26,417445479,-932206394,19698359,16573782,9325,79,5989,2318,893,3,0
$$HAR,14:49:29,417444834,-932207083,19741467,21210308,5941,79,5953,2316,885,3,0
$$HAR,14:49:32,417441658,-932205637,19778587,14286256,18368,79,5915,2314,859,3,0
$$HAR,14:49:35,417438239,-932203271,19805478,18960610,10439,79,5878,2313,830,3,0
$$HAR,14:49:38,417434542,-932205269,19828569,18987914,16485,79,5844,2311,783,3,0
$$HAR,14:49:41,417432177,-932206485,19866520,25703712,7781,79,5813,2310,792,3,0
$$HAR,14:49:44,417433044,-932208280,19908167,30303864,6958,79,5782,2308,842,3,0
$$HAR,14:49:47,417432193,-932212285,19941930,23970336,16358,79,5748,2307,889,3,0
$$HAR,14:49:50,417429615,-932214467,19977171,17190260,9624,79,5715,2306,901,3,0
$$HAR,14:49:53,417427830,-932213215,20009860,9644390,5793,79,5682,2304,918,3,0
$$HAR,14:49:56,417427807,-932211786,20052953,20508514,1920,79,5649,2302,948,3,0
$$HAR,14:49:59,417428519,-932213786,20091260,30750398,10109,78,5615,2301,977,3,0
$$HAR,14:50:02,417428007,-932216288,20122318,20937584,10781,78,5579,2299,998,3,0
$$HAR,14:50:05,417426547,-932217215,20164483,13973294,4308,78,5548,2297,1011,3,0
$$HAR,14:50:08,417424761,-932215081,20205657,12860406,11267,78,5514,2296,1028,3,0
$$HAR,14:50:11,417424115,-932211209,20226986,7014949,10924,78,5479,2294,1040,3,0
$$HAR,14:50:14,417423421,-932210612,20261098,19797914,10524,78,5447,2293,1036,3,0
$$HAR,14:50:17,417420627,-932212352,20288029,22288454,11745,78,5414,2291,1044,3,0
$$HAR,14:50:20,417419142,-932213715,20321510,15197892,7450,78,5386,2290,1078,3,0
$$HAR,14:50:23,417417069,-932211410,20353965,10465440,6808,78,5358,2288,1091,3,0
$$HAR,14:50:26,417418143,-932210564,20378759,33742304,7308,78,5328,2287,1129,3,0
$$HAR,14:50:29,417418897,-932211091,20403029,21488254,1803,82,5300,2285,1175,3,0
$$HAR,14:50:32,417418265,-932213468,20436407,23325094,10686,82,5274,2283,1239,3,0
$$HAR,14:50:35,417416708,-932213670,20480268,9341638,4523,77,5248,2282,1289,3,0
$$HAR,14:50:38,417417718,-932214065,20532613,30607682,9429,77,5219,2280,1302,3,0
$$HAR,14:50:41,417418091,-932218810,20560640,24948826,17686,77,5186,2279,1272,3,0
$$HAR,14:50:44,417416751,-932221409,20595244,33621024,908,77,5155,2277,1230,3,0
$$HAR,14:50:47,417416999,-932220749,20632319,12861260,1840,77,5124,2276,1200,3,0
$$HAR,14:50:50,417417042,-932223085,20673143,28814296,13956,77,5095,2274,1209,3,0
$$HAR,14:50:53,417417478,-932226596,20722829,21479058,7572,77,5064,2273,1221,3,0
$$HAR,14:50:56,417414484,-932226441,20755518,14642614,9787,77,5030,2271,1217,3,0
$$HAR,14:50:59,417415483,-932225616,20790821,34919284,12348,77,4996,2269,1200,3,0
$$HAR,14:51:02,417417887,-932227809,20827581,30273330,9413,77,4966,2268,1204,3,0
$$HAR,14:51:05,417418897,-932231076,20870093,27162564,9491,77,4935,2266,1229,3,0
$$HAR,14:51:08,417418331,-932232286,20908738,10075640,4318,77,4904,2265,1229,3,0
$$HAR,14:51:11,417420194,-932230364,20938126,986755,12880,77,4872,2263,1204,3,0
$$HAR,14:51:14,417422231,-932230926,20973858,29763706,5695,77,4844,2262,1153,3,0
$$HAR,14:51:17,417422275,-932233126,21004254,27015844,997,77,4815,2260,1119,3,0
$$HAR,14:51:20,417424040,-932232145,21038719,35091596,12110,77,4787,2258,1094,3,0
$$HAR,14:51:23,417427374,-932234540,21070921,33651124,15549,77,4759,2257,1107,3,0
$$HAR,14:51:26,417430776,-932233789,21110507,3936459,8376,77,4732,2255,1132,3,0
$$HAR,14:51:29,417431256,-932234997,21150391,26577468,7708,77,4704,2254,1140,3,0
$$HAR,14:51:32,417431124,-932236400,21190760,11031906,4081,77,4678,2252,1157,3,0
$$HAR,14:51:35,417430717,-932235449,21230337,13989260,2447,77,4649,2251,1144,3,0
$$HAR,14:51:38,417431350,-932233325,21265639,5201777,12430,77,4617,2249,1140,3,0
$$HAR,14:51:41,417433993,-932231480,21306387,34669716,6798,77,4589,2248,1157,3,0
$$HAR,14:51:44,417435062,-932233166,21357148,27705110,7206,77,4559,2246,1153,3,0
$$HAR,14:51:47,417433036,-932234719,21393208,17347916,12798,77,4529,2245,1178,3,0
$$HAR,14:51:50,417431572,-932233385,21419448,8805504,2628,78,4497,2243,1182,3,0
$$HAR,14:51:53,417431202,-932234818,21438985,22107526,10027,77,4469,2242,1135,3,0
$$HAR,14:51:56,417430763,-932236318,21475698,33344976,7908,79,4445,2240,1114,3,0
$$HAR,14:51:59,417433430,-932238674,21514156,32157400,7962,77,4420,2239,1123,3,0
$$HAR,14:52:02,417435026,-932237717,21551994,2502390,13555,77,4393,2237,1127,3,0
$$HAR,14:52:05,417438050,-932236642,21590771,3892617,3708,77,4367,2236,1123,3,0
$$HAR,14:52:08,417437754,-932234300,21622575,4205771,6068,77,4340,2234,1131,3,0
$$HAR,14:52:11,417439336,-932236591,21651243,26872670,15766,78,4317,2233,1308,3,0
$$HAR,14:52:14,417438578,-932238609,21681054,3394286,4815,78,4292,2232,1182,3,0
$$HAR,14:52:17,417439645,-932238791,21718468,10801684,287,78,4268,2230,1245,3,0
$$HAR,14:52:20,417439790,-932237584,21762333,6305343,2035,78,4244,2229,1304,3,0
$$HAR,14:52:23,417439306,-932238801,21794323,22502764,11376,78,4218,2228,1359,3,0
$$HAR,14:52:26,417438020,-932241279,21830882,32161318,3990,78,4193,2227,1393,3,0
$$HAR,14:52:29,417439403,-932242194,21873577,24892680,7913,78,4167,2226,1414,3,0
$$HAR,14:52:32,417436653,-932244713,21905934,18914796,17598,78,4141,2224,1452,3,0
$$HAR,14:52:35,417436263,-932245887,21947412,33500630,10838,78,4115,2223,1448,3,0
$$HAR,14:52:38,417437479,-932247578,21993720,19195812,3333,78,4090,2222,1431,3,0
$$HAR,14:52:41,417436115,-932246040,22034190,31914308,4539,78,4062,2221,1448,3,0
$$HAR,14:52:44,417437232,-932249280,22067119,26329812,10373,78,4036,2220,1575,3,0
$$HAR,14:52:47,417437014,-932248796,22100643,7424514,10446,84,4009,2218,1502,3,0
$$HAR,14:52:50,417438514,-932246784,22142367,27326800,1689,78,3985,2217,1545,3,0
$$HAR,14:52:53,417436975,-932247414,22190178,907489,5030,78,3962,2216,1643,3,0
$$HAR,14:52:56,417438961,-932247104,22215697,34756772,11114,78,3932,2215,1642,3,0
$$HAR,14:52:59,417440129,-932246686,22235265,2787587,5154,80,3910,2214,1680,3,0
$$HAR,14:53:02,417440833,-932246190,22185694,1956615,3216,78,3888,2212,1718,3,0
$$HAR,14:53:05,417441029,-932246510,22117016,34536216,4927,78,3880,2211,1761,3,0
$$HAR,14:53:08,417441096,-932247134,22047523,31280974,5890,78,3886,2210,1821,3,0
$$HAR,14:53:11,417441138,-932248284,21979925,29032638,6026,78,3901,2209,1906,3,0
$$HAR,14:53:14,417440934,-932248850,21914749,20072856,6654,78,3924,2208,1978,3,0
$$HAR,14:53:17,417440115,-932249922,21852038,18266598,3828,78,3952,2206,2042,3,0
$$HAR,14:53:20,417439898,-932250773,21788199,26591864,4785,78,3983,2205,2067,3,0
$$HAR,14:53:23,417440281,-932251838,21725765,27456954,7087,83,4017,2204,2071,3,0
$$HAR,14:53:26,417440536,-932253364,21662466,30279406,6759,80,4054,2202,2075,3,0
$$HAR,14:53:29,417441597,-932253707,21599808,30828106,5813,78,4093,2201,2075,3,0
$$HAR,14:53:32,417442503,-932254178,21538478,1834138,5304,78,4133,2200,2067,3,0
$$HAR,14:53:35,417443122,-932254346,21477031,11165338,1593,78,4175,2199,2058,3,0
$$HAR,14:53:38,417443503,-932254980,21415917,24969590,4526,78,4217,2198,2033,3,0
$$HAR,14:53:41,417443810,-932255833,21354686,33205680,4999,78,4259,2197,2015,3,0
$$HAR,14:53:44,417444729,-932255750,21293446,3059912,6448,78,4302,2195,1994,3,0
$$HAR,14:53:47,417446006,-932255660,21231675,2688539,2772,78,4346,2194,2002,3,0
$$HAR,14:53:50,417447690,-932255653,21170356,33988416,9468,78,4390,2193,1956,3,0
$$HAR,14:53:53,417449629,-932255518,21110414,1165229,10538,78,4434,2192,1943,3,0
$$HAR,14:53:56,417451737,-932255275,21051208,1501709,10357,78,4480,2191,1926,3,0
$$HAR,14:53:59,417453790,-932255528,20992798,34817088,3693,78,4526,2190,1908,3,0
$$HAR,14:54:02,417455724,-932256656,20932900,30949450,6994,78,4571,2189,1913,3,0
$$HAR,14:54:05,417457420,-932257985,20873601,28880338,4130,78,4617,2188,1879,3,0
$$HAR,14:54:08,417458545,-932259379,20814154,25223626,2323,78,4663,2187,1862,3,0
$$HAR,14:54:11,417458924,-932260797,20758076,24864080,4809,78,4708,2186,1844,3,0
$$HAR,14:54:14,417459136,-932262084,20700397,23288584,6356,78,4754,2185,1840,3,0
$$HAR,14:54:17,417458580,-932263707,20642588,25736390,8424,78,4801,2184,1810,3,0
$$HAR,14:54:20,417457986,-932265239,20584533,30675844,2194,78,4848,2183,1781,3,0
$$HAR,14:54:23,417457680,-932266471,20526888,20184286,4355,78,4896,2182,1755,3,0
$$HAR,14:54:26,417456911,-932267465,20470134,20275308,7214,78,4943,2181,1738,3,0
$$HAR,14:54:29,417456276,-932268155,20412709,27154980,4901,78,4989,2180,1729,3,0
$$HAR,14:54:32,417455925,-932268959,20355360,30055870,3133,78,5037,2179,1717,3,0
$$HAR,14:54:35,417455099,-932269567,20298768,15974806,1408,78,5085,2178,1691,3,0
$$HAR,14:54:38,417454227,-932269802,20241758,11217954,4075,78,5133,2177,1678,3,1
$$HAR,14:54:41,417453255,-932269056,20185034,13131060,7593,78,5182,2176,1666,3,0
$$HAR,14:54:44,417452555,-932268320,20129481,18263180,5144,81,5232,2175,1653,3,0
$$HAR,14:54:47,417451941,-932268117,20072834,26885000,2719,81,5281,2174,1636,3,0
$$HAR,14:54:50,417451509,-932268307,20017292,35400776,2481,81,5331,2173,1619,3,0
$$HAR,14:54:53,417451089,-932269212,19960726,15930174,1332,81,5382,2171,1610,3,0
$$HAR,14:54:56,417450571,-932270232,19904096,22247130,6992,81,5433,2170,1606,3,0
$$HAR,14:54:59,417449760,-932271569,19846879,25216760,8135,81,5484,2170,1576,3,0
$$HAR,14:55:02,417449050,-932272999,19792754,25090984,2381,81,5538,2169,1563,3,0
$$HAR,14:55:05,417447640,-932273673,19737645,16301972,6135,81,5589,2168,1559,3,0
$$HAR,14:55:08,417446124,-932273831,19682228,18009496,9552,81,5641,2167,1551,3,0
$$HAR,14:55:11,417444628,-932273873,19627373,18923046,7798,81,5693,2166,1542,3,0
$$HAR,14:55:14,417443145,-932273524,19573405,20264786,5344,81,5746,2165,1525,3,0
$$HAR,14:55:17,417441976,-932272936,19520403,18554234,1452,81,5800,2164,1521,3,0
$$HAR,14:55:20,417441027,-932272255,19467253,11764844,5472,81,5853,2163,1508,3,0
$$HAR,14:55:23,417439774,-932271612,19413956,16896954,8598,81,5906,2162,1504,3,0
$$HAR,14:55:26,417438368,-932271514,19357387,19153694,9442,81,5960,2161,1479,3,0
$$HAR,14:55:29,417436871,-932271613,19303839,19101604,9384,81,6014,2160,1453,3,0
$$HAR,14:55:32,417435088,-932271361,19251493,17889520,3299,81,6069,2159,1445,3,0
$$HAR,14:55:35,417433613,-932270814,19200446,15441240,3245,87,6123,2158,1419,3,1
$$HAR,14:55:38,417432333,-932270035,19149487,13850572,7697,82,6178,2158,1402,3,0
$$HAR,14:55:41,417431067,-932268724,19098873,16495530,8507,81,6233,2156,1390,3,0
$$HAR,14:55:44,417430027,-932267082,19047856,15251254,4650,81,6287,2155,1381,3,0
$$HAR,14:55:47,417429078,-932264969,18997730,10615926,3139,81,6342,2154,1368,3,0
$$HAR,14:55:50,417428416,-932262655,18946627,7675257,7748,81,6397,2153,1355,3,0
$$HAR,14:55:53,417427951,-932259742,18895769,9962790,11763,80,6452,2152,1339,3,0
$$HAR,14:55:56,417427808,-932256714,18844956,10973692,10589,80,6508,2151,1322,3,0
$$HAR,14:55:59,417427534,-932253856,18795797,12722928,8188,80,6563,2150,1309,3,0
$$HAR,14:56:02,417427131,-932250967,18746452,11703256,5996,80,6620,2149,1326,3,0
$$HAR,14:56:05,417427228,-932248341,18697109,6043680,4575,80,6676,2148,1292,3,0
$$HAR,14:56:08,417428007,-932245552,18648689,5960601,4773,80,6730,2147,1275,3,0
$$HAR,14:56:11,417428813,-932242910,18601036,4724543,8794,80,6786,2146,1262,3,0
$$HAR,14:56:14,417429889,-932240068,18552702,5789613,13159,80,6841,2145,1258,3,0
$$HAR,14:56:17,417431304,-932236959,18503886,7616664,10303,80,6899,2144,1246,3,0
$$HAR,14:56:20,417432832,-932234052,18455910,5969483,6942,80,6955,2143,1229,3,0
$$HAR,14:56:23,417434563,-932231601,18407022,2431537,5417,80,7013,2142,1224,3,0
$$HAR,14:56:26,417436348,-932230011,18359895,719248,5397,80,7070,2141,1203,3,0
$$HAR,14:56:29,417438087,-932228767,18312880,5813,6790,80,7127,2141,1199,3,0
$$HAR,14:56:32,417439742,-932227653,18265899,3846249,9302,80,7186,2140,1191,3,0
$$HAR,14:56:35,417441069,-932226704,18217514,4991025,7789,80,7242,2139,1178,3,0
$$HAR,14:56:38,417442079,-932225677,18170932,7500679,5774,80,7302,2138,1174,3,0
$$HAR,14:56:41,417442451,-932225126,18122128,11333110,4688,80,7360,2137,1144,3,0
$$HAR,14:56:44,417442242,-932224518,18075162,14346550,5797,80,7418,2136,1140,3,0
$$HAR,14:56:47,417441663,-932223857,18027562,15342306,7014,80,7477,2135,1110,3,0
$$HAR,14:56:50,417440671,-932223203,17982128,19539204,4235,80,7536,2134,1094,3,0
$$HAR,14:56:53,417439831,-932222280,17936712,19115218,4516,80,7596,2133,1072,3,0
$$HAR,14:56:56,417438562,-932220870,17890505,17644530,7647,80,7654,2133,1072,3,0
$$HAR,14:56:59,417436870,-932219476,17844571,17556488,8278,80,7713,2132,1052,3,0
$$HAR,14:57:02,417434577,-932217770,17798207,17025842,9651,80,7773,2131,1047,3,0
$$HAR,14:57:05,417432341,-932215903,17752787,13197956,7412,80,7834,2130,1035,3,0
$$HAR,14:57:08,417430125,-932213840,17706255,12077400,9482,80,7895,2130,1022,3,0
$$HAR,14:57:11,417427968,-932211379,17659548,12283336,11676,80,7956,2129,1005,3,0
$$HAR,14:57:14,417426153,-932208986,17613672,12425702,12391,80,8017,2128,1005,3,0
$$HAR,14:57:17,417424579,-932206622,17568064,12187368,11845,80,8077,2127,1001,3,0
$$HAR,14:57:20,417423208,-932204436,17522645,12526852,11239,80,8140,2127,1001,3,0
$$HAR,14:57:23,417421864,-932202183,17478815,12983202,12439,80,8202,2126,988,3,0
$$HAR,14:57:26,417420333,-932199415,17434101,13043458,14441,80,8264,2125,971,3,0
$$HAR,14:57:29,417418611,-932195705,17389933,12524898,15908,80,8326,2124,959,3,0
$$HAR,14:57:32,417417676,-932191456,17345619,10810288,15800,80,8389,2124,946,3,0
$$HAR,14:57:35,417416894,-932187421,17302539,11760982,13057,80,8452,2123,959,3,0
$$HAR,14:57:38,417416364,-932183786,17258686,11635058,11219,80,8514,2122,925,3,0
$$HAR,14:57:41,417416135,-932180415,17215177,11879830,9016,80,8578,2121,921,3,0
$$HAR,14:57:44,417415851,-932177252,17171489,12492520,7986,80,8641,2121,908,3,0
$$HAR,14:57:47,417415414,-932174297,17127887,12896994,7585,80,8704,2120,900,3,0
$$HAR,14:57:50,417414607,-932171419,17085441,13814432,7304,80,8767,2119,900,3,0
$$HAR,14:57:53,417413553,-932168630,17042104,14193510,7359,80,8833,2118,887,3,0
$$HAR,14:57:56,417412360,-932165836,16998997,12163224,7628,80,8897,2117,875,3,0
$$HAR,14:57:59,417410694,-932162351,16956093,10547322,11707,80,8961,2116,875,3,0
$$HAR,14:58:02,417408630,-932158199,16913152,12872930,12169,88,9026,2116,866,3,0
$$HAR,14:58:05,417406030,-932153331,16870512,12053794,20117,80,9092,2115,858,3,0
$$HAR,14:58:08,417403407,-932148091,16827659,12961758,21038,80,9157,2114,858,3,0
$$HAR,14:58:11,417400911,-932142059,16784556,12184318,23662,80,9224,2114,850,3,0
$$HAR,14:58:14,417398324,-932135953,16742212,12507622,21127,80,9289,2113,854,3,0
$$HAR,14:58:17,417396192,-932130030,16700141,12323844,19702,80,9356,2112,841,3,0
$$HAR,14:58:20,417394482,-932124058,16658746,11954276,19557,80,9423,2111,837,3,0
$$HAR,14:58:23,417393289,-932117889,16616797,11308718,18517,80,9490,2111,837,3,0
$$HAR,14:58:26,417391859,-932111855,16574719,11689814,14414,80,9556,2110,833,3,0
$$HAR,14:58:29,417390533,-932106008,16532869,10534138,13332,80,9623,2109,828,3,0
$$HAR,14:58:32,417389366,-932100225,16490438,9577734,14233,80,9690,2108,828,3,0
$$HAR,14:58:35,417388153,-932094892,16448610,9133842,14476,80,9758,2108,820,3,0
$$HAR,14:58:38,417387030,-932089417,16406990,9232830,13277,80,9826,2107,816,3,0
$$HAR,14:58:41,417385768,-932083975,16364712,9787812,11991,80,9895,2106,791,3,0
$$HAR,14:58:44,417384586,-932078615,16323122,9285358,12684,80,9964,2105,770,3,0
$$HAR,14:58:47,417383720,-932072662,16282208,9348514,13597,80,10035,2104,766,3,0
$$HAR,14:58:50,417382922,-932065903,16241446,10476910,15883,80,10103,2103,766,3,0
$$HAR,14:58:53,417382233,-932058925,16201186,9302218,17008,80,10174,2102,753,3,0
$$HAR,14:58:56,417381981,-932051419,16160271,8396684,20913,80,10243,2101,740,3,0
$$HAR,14:58:59,417381602,-932043272,16119424,8587836,19189,80,10314,2101,732,3,0
$$HAR,14:59:02,417381776,-932035164,16078876,7902253,22079,80,10383,2100,728,3,0
$$HAR,14:59:05,417382031,-932027691,16037835,7821356,22056,80,10455,2099,719,3,0
$$HAR,14:59:08,417382313,-932020558,15997344,8657882,22191,80,10526,2098,719,3,0
$$HAR,14:59:11,417382662,-932013974,15957372,9375460,18519,80,10599,2098,732,3,0
$$HAR,14:59:14,417383462,-932007848,15917895,8697976,20955,80,10670,2097,707,3,0
$$HAR,14:59:17,417383978,-932001732,15878183,9693432,16372,80,10740,2096,711,3,0
$$HAR,14:59:20,417384512,-931996624,15838491,9202384,18191,80,10812,2095,694,3,0
$$HAR,14:59:23,417384725,-931991474,15798745,9014984,18571,80,10883,2095,698,3,0
$$HAR,14:59:26,417384526,-931986630,15759584,8474044,16679,80,10956,2094,673,3,0
$$HAR,14:59:29,417384342,-931982460,15720164,7664749,13250,80,11027,2093,665,3,0
$$HAR,14:59:32,417383897,-931978171,15680651,7757700,8733,81,11098,2092,665,3,1
$$HAR,14:59:35,417383554,-931974108,15641514,8760534,6939,80,11171,2091,652,3,0
$$HAR,14:59:38,417383178,-931970078,15602353,11458120,7531,80,11245,2090,627,3,0
$$HAR,14:59:41,417382512,-931966327,15563527,12925842,8086,80,11317,2089,623,3,0
$$HAR,14:59:44,417381371,-931962693,15523677,13834070,9226,80,11392,2089,623,3,0
$$HAR,14:59:47,417379817,-931959464,15485626,11823828,8472,80,11465,2088,606,3,0
$$HAR,14:59:50,417377990,-931956176,15447398,10611022,10873,80,11538,2087,602,3,0
$$HAR,14:59:53,417376315,-931952532,15409023,11078204,15166,80,11612,2087,606,3,0
$$HAR,14:59:56,417374222,-931948702,15371085,10715944,13927,81,11685,2086,594,3,0
$$HAR,14:59:59,417372206,-931944800,15333557,10744584,12623,80,11760,2085,585,3,0
$$HAR,15:00:02,417370064,-931940584,15295867,11467914,15583,80,11834,2084,581,3,0
$$HAR,15:00:05,417367975,-931936524,15257829,10979768,15438,80,11909,2083,577,3,0
$$HAR,15:00:08,417365467,-931932295,15222939,13140330,11930,80,11984,2083,569,3,0
$$HAR,15:00:11,417363221,-931927699,15188438,13398570,13810,80,12057,2082,569,3,0
$$HAR,15:00:14,417360661,-931922791,15152319,12352930,13431,80,12129,2081,556,3,0
$$HAR,15:00:17,417357975,-931917357,15114296,12035110,14239,80,12201,2080,552,3,0
$$HAR,15:00:20,417355343,-931911459,15077144,11468696,16580,80,12275,2079,548,3,0
$$HAR,15:00:23,417352560,-931904869,15040213,11098832,20441,80,12349,2078,548,3,1
$$HAR,15:00:26,417349747,-931897887,15003288,10880228,23047,80,12423,2077,548,3,0
$$HAR,15:00:29,417346677,-931890473,14967066,11054400,22046,80,12498,2076,535,3,0
$$HAR,15:00:32,417343170,-931881760,14933045,12249682,29800,104,12573,2075,531,3,0
$$HAR,15:00:35,417339860,-931873671,14897981,12594098,23609,82,12649,2074,510,3,0
$$HAR,15:00:38,417336475,-931865169,14860652,12823826,27442,82,12722,2073,519,3,0
$$HAR,15:00:41,417332696,-931856484,14823111,12848814,28400,82,12797,2072,523,3,0
$$HAR,15:00:44,417329035,-931847676,14787299,12053188,26683,82,12872,2071,531,3,0
$$HAR,15:00:47,417325463,-931838007,14753400,11080238,31991,82,12948,2070,514,3,0
$$HAR,15:00:50,417321996,-931827749,14722300,11740994,30557,82,13023,2069,523,3,0
$$HAR,15:00:53,417318555,-931817178,14687451,11633278,28350,89,13095,2068,535,3,0
$$HAR,15:00:56,417315851,-931806175,14652721,11520714,35932,86,13169,2067,552,3,0
$$HAR,15:00:59,417312810,-931795327,14616478,11276300,36388,86,13244,2066,535,3,0
$$HAR,15:01:02,417310082,-931784650,14581059,10275508,35706,86,13321,2065,522,3,0
$$HAR,15:01:05,417306929,-931773486,14548179,10704608,27516,86,13397,2064,518,3,0
$$HAR,15:01:08,417304555,-931762440,14513471,11112234,28673,86,13471,2063,514,3,0
$$HAR,15:01:11,417302032,-931751524,14478506,11309332,28348,86,13547,2062,493,3,0
$$HAR,15:01:14,417300644,-931741633,14446449,9592296,32960,86,13622,2061,473,3,0
$$HAR,15:01:17,417298611,-931730947,14412139,9571064,27175,86,13698,2059,460,3,0
$$HAR,15:01:20,417296851,-931720463,14376384,10021720,24919,86,13773,2058,439,3,0
$$HAR,15:01:23,417295673,-931709576,14342726,10787186,31718,86,13849,2057,431,3,0
$$HAR,15:01:26,417294458,-931699583,14308535,9652192,33330,87,13928,2056,431,3,0
$$HAR,15:01:29,417293433,-931689148,14273401,9144980,32740,86,14006,2055,422,3,0
$$HAR,15:01:32,417292191,-931678619,14239533,8961566,27824,86,14084,2054,410,3,0
$$HAR,15:01:35,417291298,-931668501,14204909,8939756,28318,86,14161,2053,406,3,0
$$HAR,15:01:38,417290227,-931658956,14170544,9115812,22589,86,14238,2052,406,3,0
$$HAR,15:01:41,417289757,-931648817,14138261,10420492,28542,86,14317,2051,414,3,0
$$HAR,15:01:44,417289180,-931640154,14105980,8697742,28419,87,14395,2049,402,3,0
$$HAR,15:01:47,417288658,-931631006,14071659,8495924,26173,86,14473,2048,377,3,0
$$HAR,15:01:50,417287869,-931621812,14038105,9174806,20710,86,14551,2047,368,3,0
$$HAR,15:01:53,417287449,-931613276,14003781,9060224,19905,86,14629,2046,372,3,0
$$HAR,15:01:56,417286990,-931604305,13970823,10664000,24577,86,14709,2045,368,3,0
$$HAR,15:01:59,417286418,-931596155,13937854,9898922,27217,86,14789,2044,368,3,0
$$HAR,15:02:02,417285607,-931588211,13903155,9075140,25912,86,14867,2042,343,3,0
$$HAR,15:02:05,417284507,-931580261,13869173,8860494,21166,86,14948,2041,331,3,0
$$HAR,15:02:08,417283548,-931572735,13835054,8962786,18927,86,15028,2040,327,3,0
$$HAR,15:02:11,417282365,-931565040,13803365,10583552,16542,86,15109,2039,314,3,0
$$HAR,15:02:14,417281287,-931557919,13769454,9912730,16233,86,15189,2037,306,3,0
$$HAR,15:02:17,417280051,-931550848,13735293,10689478,15358,86,15269,2036,302,3,0
$$HAR,15:02:20,417278914,-931544010,13701683,11733780,17931,86,15352,2035,289,3,0
$$HAR,15:02:23,417277872,-931537799,13668453,11164598,21399,86,15434,2033,281,3,0
$$HAR,15:02:26,417276581,-931531950,13635327,10182248,21277,86,15516,2032,273,3,0
$$HAR,15:02:29,417274564,-931526032,13602543,10089202,14516,86,15599,2031,269,3,0
$$HAR,15:02:32,417272835,-931519876,13569812,11861200,14168,86,15682,2030,273,3,0
$$HAR,15:02:35,417271021,-931513641,13536529,12732102,20473,86,15764,2028,281,3,0
$$HAR,15:02:38,417268856,-931508510,13505409,10521812,19916,86,15847,2027,306,3,0
$$HAR,15:02:41,417266603,-931502985,13472449,10481596,15522,86,15928,2026,281,3,0
$$HAR,15:02:44,417264182,-931497247,13439901,11921476,13676,86,16011,2025,281,3,0
$$HAR,15:02:47,417261788,-931491518,13406356,12220028,14854,86,16095,2024,289,3,0
$$HAR,15:02:50,417258844,-931486015,13373656,12699536,14879,86,16178,2023,297,3,0
$$HAR,15:02:53,417255818,-931480418,13340556,12913628,15832,86,16261,2021,310,3,0
$$HAR,15:02:56,417252380,-931474547,13306697,13825396,17447,86,16347,2020,310,3,0
$$HAR,15:02:59,417249069,-931468592,13274196,13976572,23543,86,16433,2019,306,3,0
$$HAR,15:03:02,417245235,-931463108,13241890,13895806,24596,86,16519,2018,302,3,0
$$HAR,15:03:05,417241054,-931457498,13209024,14128044,26094,86,16605,2017,310,3,0
$$HAR,15:03:08,417236409,-931451926,13175516,14012890,28076,86,16692,2016,310,3,0
$$HAR,15:03:11,417231549,-931447053,13143956,13122894,20842,86,16780,2015,310,3,0
$$HAR,15:03:14,417226494,-931440871,13111995,14519810,21764,86,16866,2014,306,3,0
$$HAR,15:03:17,417221440,-931434529,13078228,15058228,25118,104,16950,2012,285,3,0
$$HAR,15:03:20,417216561,-931428549,13046503,13474966,31128,89,17037,2011,268,3,0
$$HAR,15:03:23,417210409,-931422672,13016348,14133910,22974,89,17125,2010,260,3,0
$$HAR,15:03:26,417204936,-931416126,12984188,14572960,26155,89,17212,2008,256,3,0
$$HAR,15:03:29,417199950,-931409364,12952781,13500384,32302,89,17298,2007,252,3,0
$$HAR,15:03:32,417194376,-931402489,12920330,12893752,30254,89,17385,2006,223,3,0
$$HAR,15:03:35,417188574,-931395306,12887391,12941198,29188,89,17473,2004,227,3,0
$$HAR,15:03:38,417182788,-931388219,12854499,12979434,25755,89,17561,2003,235,3,0
$$HAR,15:03:41,417176730,-931380212,12823127,14364438,30298,89,17650,2002,243,3,0
$$HAR,15:03:44,417171340,-931372601,12792274,13190122,34532,89,17740,2001,272,3,0
$$HAR,15:03:47,417165670,-931365231,12760336,12441442,28932,89,17828,1999,227,3,0
$$HAR,15:03:50,417159987,-931357198,12727997,13060580,26177,89,17917,1998,223,3,0
$$HAR,15:03:53,417154552,-931348684,12695613,13769392,28409,89,18008,1997,231,3,0
$$HAR,15:03:56,417149300,-931340009,12662819,13647502,33459,89,18098,1995,231,3,0
$$HAR,15:03:59,417143840,-931331367,12630769,13337884,34914,89,18189,1994,227,3,0
$$HAR,15:04:02,417138474,-931322497,12598051,13023538,36041,89,18280,1992,227,3,0
$$HAR,15:04:05,417133303,-931313428,12565595,12165366,35923,89,18371,1991,235,3,0
$$HAR,15:04:08,417127440,-931304288,12534491,12702226,28894,89,18465,1990,218,3,0
$$HAR,15:04:11,417122088,-931294274,12503595,13301486,32812,89,18557,1989,214,3,0
$$HAR,15:04:14,417116767,-931284037,12471534,13128856,37903,89,18648,1987,210,3,0
$$HAR,15:04:17,417111307,-931273521,12439577,12717834,40104,88,18742,1986,198,3,0
$$HAR,15:04:20,417105262,-931263819,12408948,12018920,33685,88,18835,1985,214,3,0
$$HAR,15:04:23,417099453,-931253635,12377199,12376572,31619,88,18927,1983,198,3,0
$$HAR,15:04:26,417093705,-931243207,12345406,12966070,31863,88,19021,1982,185,3,0
$$HAR,15:04:29,417088143,-931232627,12313229,13241820,35350,88,19115,1981,181,3,0
$$HAR,15:04:32,417082633,-931221934,12280693,13025050,38626,88,19209,1979,181,3,0
$$HAR,15:04:35,417077295,-931211552,12248557,12446798,39624,88,19305,1978,206,3,0
$$HAR,15:04:38,417072055,-931201506,12218734,11596480,34099,88,19401,1977,202,3,0
$$HAR,15:04:41,417066609,-931190116,12190210,13071988,35614,88,19497,1975,185,3,0
$$HAR,15:04:44,417061495,-931179495,12160846,12619630,39186,88,19591,1974,198,3,0
$$HAR,15:04:44,417061495,-931179495,12160846,12619630,39186,88,19683,1973,165,3,0
$$HAR,15:04:51,417048471,-931154696,12094204,12276704,32681,88,19782,1971,160,3,0
$$HAR,15:04:54,417043020,-931143519,12064866,12964156,34834,88,19879,1970,165,3,0
$$HAR,15:04:57,417037541,-931132202,12034142,12958572,40002,88,19975,1968,160,3,0
$$HAR,15:05:00,417032072,-931122008,12005632,11755772,37411,88,20072,1967,169,3,0
$$HAR,15:05:03,417026379,-931111134,11976805,11891790,34455,88,20167,1965,144,3,0
$$HAR,15:05:06,417020440,-931099696,11948586,13187412,36072,88,20261,1964,132,3,0
$$HAR,15:05:09,417015044,-931089844,11921938,11958094,36862,88,20355,1963,148,3,0
$$HAR,15:05:12,417010002,-931077562,11896508,11696082,35024,88,20446,1961,140,3,0
$$HAR,15:05:15,417005087,-931067341,11871538,12874940,37538,88,20535,1960,144,3,0
$$HAR,15:05:18,417000115,-931055192,11844132,11313568,36237,88,20621,1958,127,3,0
$$HAR,15:05:21,416996276,-931043720,11822302,11512610,34262,88,20708,1957,123,3,0
$$HAR,15:05:24,416991181,-931031401,11796595,12652760,37559,88,20793,1955,115,3,0
$$HAR,15:05:27,416986246,-931019486,11768928,12188488,42701,88,20876,1953,115,3,0
$$HAR,15:05:30,416980630,-931008328,11742257,11702526,34757,88,20961,1951,123,3,0
$$HAR,15:05:33,416975720,-930996032,11718279,12329556,42474,88,21048,1950,127,3,0
$$HAR,15:05:36,416970108,-930984763,11693232,11566820,36369,88,21132,1948,164,3,0
$$HAR,15:05:39,416964215,-930973073,11665524,13011498,36487,88,21217,1946,127,3,0
$$HAR,15:05:42,416958842,-930961919,11639436,12483866,42439,88,21304,1945,123,3,0
$$HAR,15:05:45,416953050,-930950776,11612123,11959944,40969,89,21389,1943,123,3,0
$$HAR,15:05:48,416946317,-930939102,11587227,13135784,36251,88,21477,1941,131,3,0
$$HAR,15:05:51,416940852,-930928030,11562000,12411914,42538,88,21564,1939,131,3,0
$$HAR,15:05:54,416934795,-930917297,11536202,11954292,36767,88,21649,1938,135,3,0
$$HAR,15:05:57,416928290,-930906182,11509937,13483882,35808,89,21734,1936,123,3,0
$$HAR,15:06:00,416922631,-930896326,11485330,12329566,39782,89,21823,1934,123,3,0
$$HAR,15:06:03,416916323,-930886127,11457801,12184320,34334,89,21909,1933,115,3,0
$$HAR,15:06:06,416909980,-930875525,11431183,13293846,32862,89,21998,1931,102,3,0
$$HAR,15:06:09,416903953,-930865131,11403852,13523982,37116,89,22088,1929,94,3,0
$$HAR,15:06:12,416897924,-930854958,11377106,13097162,40030,89,22179,1927,115,3,0
$$HAR,15:06:15,416891986,-930844864,11350433,12265068,39140,89,22271,1926,90,3,0
$$HAR,15:06:18,416885581,-930834499,11323549,12449304,32517,89,22361,1924,86,3,0
$$HAR,15:06:21,416879502,-930823655,11297415,13496582,36288,89,22452,1922,86,3,0
$$HAR,15:06:24,416873956,-930813717,11272517,12418204,39339,89,22544,1921,78,3,0
$$HAR,15:06:27,416867808,-930803495,11246345,12126814,35692,89,22633,1919,73,3,0
$$HAR,15:06:30,416861562,-930793249,11218669,12721458,32274,89,22724,1917,86,3,0
$$HAR,15:06:33,416855424,-930782957,11191608,13396340,32979,89,22816,1916,98,3,0
$$HAR,15:06:33,416855424,-930782957,11191608,13396340,32979,89,22909,1914,106,3,0
$$HAR,15:06:40,416840887,-930761161,11134131,12785430,31960,89,23007,1913,111,3,1
$$HAR,15:06:43,416834727,-930751003,11111122,13466666,39571,89,23103,1911,102,3,0
$$HAR,15:06:46,416827976,-930742517,11086374,12877994,32467,89,23197,1909,98,3,0
$$HAR,15:06:49,416821099,-930732827,11062271,14271472,37131,89,23289,1907,90,3,0
$$HAR,15:06:52,416814359,-930724699,11039308,13047370,34519,89,23379,1906,115,3,0
$$HAR,15:06:55,416807138,-930715282,11014391,14022922,33079,89,23468,1904,102,3,0
$$HAR,15:06:58,416800289,-930705738,10988805,13911484,40833,89,23557,1902,106,3,0
$$HAR,15:07:01,416793139,-930697076,10962955,13126966,38910,89,23647,1901,102,3,0
$$HAR,15:07:04,416785909,-930688228,10936772,13051522,34333,89,23738,1899,111,3,0
$$HAR,15:07:07,416778638,-930679223,10911418,13995328,32748,89,23831,1898,123,3,0
$$HAR,15:07:10,416772192,-930669943,10887632,13500828,40802,89,23923,1896,127,3,0
$$HAR,15:07:13,416764535,-930661412,10863994,13761108,32167,89,24015,1895,131,3,0
$$HAR,15:07:16,416758461,-930652248,10842301,12997440,37307,89,24105,1893,127,3,0
$$HAR,15:07:19,416750783,-930642196,10820412,14080802,39959,89,24193,1891,123,3,0
$$HAR,15:07:22,416743057,-930634303,10799087,14012966,32346,89,24281,1890,111,3,0
$$HAR,15:07:25,416736371,-930625215,10774768,13914904,40136,89,24365,1888,94,3,0
$$HAR,15:07:28,416729427,-930616568,10748295,13121468,38588,89,24450,1887,94,3,0
$$HAR,15:07:31,416722290,-930607787,10722958,13038918,34071,89,24540,1885,102,3,0
$$HAR,15:07:34,416714940,-930599069,10697295,14143988,32738,89,24631,1884,123,3,0
$$HAR,15:07:37,416708879,-930590576,10675352,12872658,34132,89,24724,1882,131,3,0
$$HAR,15:07:40,416701784,-930580982,10651760,14223692,34577,89,24814,1880,139,3,0
$$HAR,15:07:43,416695106,-930571731,10626645,13664088,40678,89,24904,1879,144,3,0
$$HAR,15:07:46,416687850,-930563237,10601851,12986292,34994,89,24994,1877,131,3,0
$$HAR,15:07:49,416680219,-930553359,10577932,14163578,39130,89,25086,1875,114,3,0
$$HAR,15:07:52,416672651,-930544897,10554063,13941566,35086,141,25177,1873,110,3,0
$$HAR,15:07:55,416665539,-930535261,10530407,13655580,33247,86,25267,1872,114,3,1
$$HAR,15:07:58,416658581,-930525078,10506755,13774872,42114,86,25360,1870,110,3,0
$$HAR,15:08:01,416650913,-930516511,10483262,13275706,34058,86,25452,1868,98,3,0
$$HAR,15:08:04,416643456,-930506431,10458977,14250658,40154,86,25545,1866,98,3,0
$$HAR,15:08:07,416636236,-930498176,10436141,13231332,34709,86,25638,1864,127,3,0
$$HAR,15:08:10,416629301,-930487863,10414844,13546448,40991,86,25729,1863,98,3,0
$$HAR,15:08:13,416621662,-930478962,10391011,13124440,36208,86,25819,1861,102,3,0
$$HAR,15:08:16,416613709,-930469809,10365989,14375698,36281,86,25910,1859,90,3,0
$$HAR,15:08:19,416606637,-930460963,10342947,13360130,40654,86,26002,1857,77,3,0
$$HAR,15:08:22,416598588,-930452267,10318746,13997846,33013,86,26094,1855,77,3,0
$$HAR,15:08:25,416591725,-930442838,10296047,13432714,40367,86,26188,1853,82,3,0
$$HAR,15:08:25,416591725,-930442838,10296047,13432714,40367,86,26279,1852,86,3,0
$$HAR,15:08:32,416573702,-930421898,10240604,14394330,39653,86,26376,1850,82,3,0
$$HAR,15:08:35,416566254,-930412907,10214270,13985764,41975,86,26477,1847,69,3,0
$$HAR,15:08:38,416558749,-930404100,10187408,13476202,40903,86,26579,1846,73,3,0
$$HAR,15:08:41,416550848,-930395698,10162250,13813650,32871,86,26680,1844,77,3,0
$$HAR,15:08:44,416544073,-930386495,10140242,13724220,41035,86,26783,1842,82,3,0
$$HAR,15:08:47,416536557,-930378087,10115073,13215672,36322,86,26883,1840,90,3,0
$$HAR,15:08:50,416528623,-930369007,10090520,14571348,35470,86,26982,1838,77,3,0
$$HAR,15:08:53,416521880,-930360530,10067283,13245676,38744,86,27081,1837,69,3,0
$$HAR,15:08:56,416513960,-930351698,10044242,14490864,33426,86,27181,1835,69,3,0
$$HAR,15:08:59,416507450,-930343341,10021388,13294476,37304,86,27276,1833,73,3,0
$$HAR,15:09:02,416499712,-930334327,9999327,14692188,35528,86,27374,1831,69,3,0
$$HAR,15:09:05,416492722,-930326178,9974393,14098968,38908,86,27468,1829,69,3,0
$$HAR,15:09:08,416485698,-930318706,9949612,13333904,31888,86,27566,1827,61,3,0
$$HAR,15:09:11,416478503,-930309734,9926863,14346140,38286,86,27664,1825,57,3,0
$$HAR,15:09:14,416471113,-930302685,9904290,14102326,29879,86,27763,1823,86,3,0
$$HAR,15:09:17,416464773,-930295015,9882489,13491722,36166,86,27860,1822,69,3,0
$$HAR,15:09:20,416457492,-930287321,9857361,13521250,30707,86,27954,1820,77,3,0
$$HAR,15:09:23,416450369,-930278796,9832101,14625236,33798,86,28050,1818,86,3,0
$$HAR,15:09:26,416443834,-930270608,9806885,13774964,38196,86,28150,1816,82,3,0
$$HAR,15:09:29,416436646,-930263141,9783734,13888366,29358,86,28251,1814,82,3,0
$$HAR,15:09:32,416430143,-930254604,9758983,14332614,35865,86,28351,1811,77,3,0
$$HAR,15:09:35,416423890,-930247013,9735553,12926878,33641,86,28451,1809,90,3,0
$$HAR,15:09:38,416417148,-930238576,9710046,13402320,29795,86,28551,1808,90,3,0
$$HAR,15:09:41,416410763,-930229124,9686426,13446226,37519,86,28653,1806,98,3,0
$$HAR,15:09:44,416404747,-930220396,9664020,13508864,29529,86,28754,1804,94,3,0
$$HAR,15:09:47,416398670,-930211276,9642306,13466738,38347,86,28857,1802,90,3,0
$$HAR,15:09:50,416391177,-930202748,9620252,14141046,31262,86,28956,1800,90,3,0
$$HAR,15:09:53,416385128,-930194063,9597281,13249436,37585,86,29053,1798,94,3,0
$$HAR,15:09:56,416377591,-930185773,9574455,14440330,32559,86,29151,1796,94,3,0
$$HAR,15:09:59,416371189,-930178058,9552620,13078576,36121,86,29250,1794,102,3,0
$$HAR,15:10:02,416363910,-930168602,9530130,14318766,37576,86,29348,1792,102,3,0
$$HAR,15:10:05,416357081,-930160759,9506872,13038580,34831,86,29444,1791,143,3,0
$$HAR,15:10:08,416349848,-930151852,9483847,14569968,33672,86,29543,1789,127,3,0
$$HAR,15:10:11,416343095,-930143647,9458494,14113724,38837,86,29640,1787,143,3,0
$$HAR,15:10:14,416336233,-930136192,9434111,13226976,32214,86,29741,1786,176,3,0
$$HAR,15:10:17,416329195,-930127354,9411711,14546236,35866,86,29845,1784,176,3,0
$$HAR,15:10:20,416322718,-930120337,9388811,13289272,31853,86,29948,1782,184,3,0
$$HAR,15:10:23,416315631,-930111905,9366542,14721222,34137,86,30049,1780,188,3,0
$$HAR,15:10:26,416309277,-930105028,9344270,13302742,31817,86,30149,1779,180,3,0
$$HAR,15:10:29,416301974,-930097009,9321393,14798120,33611,86,30249,1777,184,3,0
$$HAR,15:10:32,416295668,-930089798,9299036,13227656,33913,87,30349,1775,205,3,0
$$HAR,15:10:35,416288519,-930081148,9277381,14563320,34715,91,30451,1773,184,3,0
$$HAR,15:10:38,416281782,-930073538,9252738,13768224,37962,87,30550,1772,221,3,0
$$HAR,15:10:41,416274228,-930066401,9229364,14303334,29868,87,30653,1770,188,3,0
$$HAR,15:10:44,416267590,-930058233,9206488,14101170,38290,87,30755,1768,188,3,0
$$HAR,15:10:47,416260067,-930051079,9184884,14168568,30393,87,30858,1766,213,3,0
$$HAR,15:10:50,416253955,-930042965,9163736,13227658,36083,87,30960,1765,192,3,0
$$HAR,15:10:53,416246321,-930034261,9141744,14689096,34402,87,31059,1763,192,3,0
$$HAR,15:10:56,416239390,-930026081,9117665,14109244,39005,87,31159,1761,208,3,0
$$HAR,15:10:59,416232152,-930018814,9094860,13625350,31414,87,31261,1759,204,3,0
$$HAR,15:11:02,416225050,-930009710,9073407,14085380,39363,87,31363,1758,221,3,1
$$HAR,15:11:05,416217192,-930001767,9052671,14122984,31151,87,31465,1756,241,3,0
$$HAR,15:11:08,416210110,-929992938,9029748,14168546,39827,87,31565,1754,250,3,0
$$HAR,15:11:11,416202461,-929985487,9008203,13893502,31520,87,31668,1752,258,3,0
$$HAR,15:11:14,416196046,-929977365,8987887,13789408,34005,87,31769,1750,270,3,0
$$HAR,15:11:17,416188687,-929969897,8965877,14586528,38800,84,31869,1749,278,3,0
$$HAR,15:11:20,416180136,-929960951,8945347,13887106,40286,84,31969,1747,287,3,0
$$HAR,15:11:23,416171816,-929953046,8924665,14688754,33795,87,32067,1745,299,3,0
$$HAR,15:11:26,416164603,-929944856,8902661,14124632,40319,87,32166,1743,315,3,0
$$HAR,15:11:29,416156597,-929937691,8880340,14165324,31483,87,32265,1741,328,3,0
$$HAR,15:11:32,416149450,-929929138,8859108,14204164,39844,87,32365,1740,340,3,0
$$HAR,15:11:35,416141600,-929921971,8837304,13959824,31135,87,32465,1738,361,3,0
$$HAR,15:11:38,416134167,-929913494,8814494,14706770,37676,87,32565,1736,369,3,0
$$HAR,15:11:41,416127076,-929906441,8792643,13472096,32837,87,32669,1735,381,3,0
$$HAR,15:11:44,416119922,-929897503,8772338,14200458,38737,87,32772,1733,397,3,0
$$HAR,15:11:47,416112526,-929890347,8750277,13487916,30816,87,32871,1732,402,3,0
$$HAR,15:11:50,416105377,-929881730,8728984,14408826,37717,87,32974,1730,406,3,0
$$HAR,15:11:53,416098121,-929875139,8708371,13915726,29087,87,33075,1728,410,3,0
$$HAR,15:11:56,416091395,-929867064,8687955,14188970,37510,87,33176,1726,418,3,0
$$HAR,15:11:59,416083563,-929860325,8667447,14678562,29144,87,33277,1725,435,3,0
$$HAR,15:12:02,416076419,-929852954,8644161,15086460,35527,87,33374,1723,438,3,0
$$HAR,15:12:05,416069552,-929846458,8622248,13652424,34505,87,33478,1722,447,3,0
$$HAR,15:12:08,416062144,-929839642,8599314,14290880,28316,87,33582,1720,455,3,0
$$HAR,15:12:11,416055411,-929831759,8577733,14376096,37121,87,33687,1718,467,3,0
$$HAR,15:12:14,416048394,-929824996,8555364,13424988,31902,87,33791,1717,492,3,0
$$HAR,15:12:17,416040993,-929817397,8533268,14899536,31095,87,33896,1716,479,3,0
$$HAR,15:12:20,416034322,-929809963,8510191,14504194,36186,87,34002,1714,471,3,0
$$HAR,15:12:23,416027731,-929802828,8486808,13473978,35410,87,34110,1712,496,3,1
$$HAR,15:12:26,416021007,-929795572,8463048,13251060,31009,87,34219,1711,500,3,0
$$HAR,15:12:29,416014011,-929787219,8442572,14536590,35455,87,34331,1709,504,3,0
$$HAR,15:12:32,416007075,-929780955,8423001,13932850,27691,87,34440,1708,521,3,0
$$HAR,15:12:35,416000524,-929773193,8401749,14728172,34250,87,34544,1707,537,3,0
$$HAR,15:12:38,415994221,-929766442,8379887,13392130,33619,87,34650,1705,541,3,0
$$HAR,15:12:41,415987134,-929759412,8358016,14456398,27457,87,34757,1704,541,3,0
$$HAR,15:12:44,415981082,-929751799,8336812,14030424,35715,87,34863,1702,545,3,0
$$HAR,15:12:47,415974517,-929744901,8314432,13108064,30809,87,34970,1700,570,3,0
$$HAR,15:12:50,415967480,-929737165,8292583,14764390,31091,87,35078,1699,557,3,0
$$HAR,15:12:53,415961446,-929730137,8271835,13421118,34751,87,35186,1697,582,3,0
$$HAR,15:12:56,415954799,-929723059,8249109,13366486,28457,87,35294,1696,566,3,0
$$HAR,15:12:59,415948074,-929715355,8227067,14733476,31685,87,35403,1694,578,3,0
$$HAR,15:13:02,415941863,-929709299,8208400,13700206,27237,88,35514,1693,582,3,0
$$HAR,15:13:05,415935443,-929701817,8182388,14741924,32499,87,35617,1691,599,3,0
$$HAR,15:13:08,415929538,-929694598,8160613,13872214,35061,85,35723,1689,607,3,0
$$HAR,15:13:11,415923055,-929688109,8138877,13324044,27661,85,35831,1688,619,3,0
$$HAR,15:13:14,415916591,-929680726,8117349,14868172,28678,85,35941,1686,623,3,0
$$HAR,15:13:17,415910580,-929673829,8094704,14446500,33633,85,36050,1685,635,3,0
$$HAR,15:13:20,415904471,-929667616,8073457,13234626,30012,85,36162,1683,656,3,0
$$HAR,15:13:23,415897611,-929660430,8053184,14913558,30576,85,36274,1681,652,3,1
$$HAR,15:13:26,415891630,-929654209,8033727,13352476,31119,85,36383,1680,664,3,0
$$HAR,15:13:29,415884701,-929647158,8013800,14895972,29211,85,36492,1678,672,3,0
$$HAR,15:13:32,415878921,-929640677,7994142,13501190,32678,85,36600,1677,701,3,0
$$HAR,15:13:35,415872236,-929634207,7973429,14187144,25648,85,36704,1675,697,3,0
$$HAR,15:13:38,415866118,-929626702,7953352,14219922,34205,85,36811,1674,718,3,0
$$HAR,15:13:41,415859120,-929620564,7934774,14519286,26410,85,36917,1673,738,3,0
$$HAR,15:13:44,415852851,-929613287,7913693,14552186,33673,85,37023,1671,755,3,0
$$HAR,15:13:47,415846368,-929607486,7894784,13717838,26011,86,37127,1669,767,3,0
$$HAR,15:13:50,415840280,-929599804,7874992,14299322,33582,86,37231,1668,780,3,0
$$HAR,15:13:53,415833885,-929593781,7855526,13504288,26276,86,37334,1666,804,3,0
$$HAR,15:13:56,415827592,-929586607,7833580,14850280,28641,86,37439,1665,821,3,0
$$HAR,15:13:59,415821874,-929579874,7812461,13815720,33691,86,37546,1664,837,3,0
$$HAR,15:14:02,415815565,-929573601,7790878,13372160,27443,86,37653,1663,854,3,0
$$HAR,15:14:05,415808965,-929566811,7769482,15068318,28217,86,37765,1661,874,3,0
$$HAR,15:14:08,415803307,-929560804,7750599,13417214,29686,86,37874,1660,891,3,0
$$HAR,15:14:11,415796542,-929554228,7730089,14976016,26460,86,37981,1659,911,3,0
$$HAR,15:14:14,415790608,-929547587,7708888,14479768,33759,86,38090,1657,928,3,0
$$HAR,15:14:17,415784375,-929541749,7687404,13445202,28699,86,38198,1656,932,3,0
$$HAR,15:14:20,415777682,-929535346,7666529,15044600,25975,86,38309,1655,948,3,0
$$HAR,15:14:23,415771759,-929528890,7645576,14549708,32831,86,38421,1654,961,3,0
$$HAR,15:14:26,415765577,-929523209,7623970,13718130,30339,86,38535,1652,973,3,0
$$HAR,15:14:29,415758836,-929517660,7602826,14997306,24866,86,38646,1651,981,3,0
$$HAR,15:14:32,415753030,-929511447,7582620,14494280,32113,86,38760,1650,994,3,0
$$HAR,15:14:35,415746580,-929506480,7563387,14602746,23255,86,38872,1648,1006,3,0
$$HAR,15:14:38,415741445,-929500265,7544853,13663194,29436,86,38980,1647,1014,3,0
$$HAR,15:14:41,415734934,-929494052,7525704,15176038,25894,86,39089,1646,1023,3,0
$$HAR,15:14:44,415729708,-929488097,7505931,13556446,29463,86,39195,1644,1043,3,0
$$HAR,15:14:47,415723326,-929481741,7487053,15019718,25299,86,39302,1643,1035,3,0
$$HAR,15:14:50,415718045,-929475560,7467176,13806062,30317,86,39408,1642,1043,3,0
$$HAR,15:14:53,415711505,-929469463,7448686,15236240,26178,86,39514,1640,1068,3,0
$$HAR,15:14:56,415706089,-929463614,7428377,13894778,30529,86,39619,1639,1101,3,0
$$HAR,15:14:59,415699326,-929457725,7410028,15346028,26687,86,39727,1638,1097,3,0
$$HAR,15:15:02,415693780,-929452164,7389895,14163778,31381,86,39831,1637,1114,3,0
$$HAR,15:15:05,415687846,-929446905,7368392,13502800,25173,86,39937,1636,1126,3,0
$$HAR,15:15:08,415681631,-929440952,7347182,15180340,24584,86,40049,1634,1142,3,0
$$HAR,15:15:11,415675967,-929434912,7326359,14632736,31457,86,40160,1633,1155,3,0
$$HAR,15:15:14,415669952,-929429892,7306325,13700760,24577,86,40271,1632,1179,3,0
$$HAR,15:15:17,415663843,-929423303,7286482,15077106,29636,86,40386,1630,1188,3,0
$$HAR,15:15:20,415658302,-929417730,7266045,13477164,29047,86,40497,1629,1238,3,0
$$HAR,15:15:23,415651844,-929411613,7246230,15104614,25359,86,40608,1628,1221,3,0
$$HAR,15:15:26,415646562,-929405632,7226255,13854842,30764,86,40721,1627,1241,3,0
$$HAR,15:15:29,415640433,-929400137,7206212,13969588,22782,86,40833,1626,1241,3,0
$$HAR,15:15:32,415634510,-929393897,7184126,15142458,27011,87,40944,1625,1258,3,0
$$HAR,15:15:35,415628658,-929388003,7164717,14365034,31105,99,41059,1624,1274,3,0
$$HAR,15:15:38,415622972,-929382857,7143674,13667506,23420,89,41175,1623,1337,3,0
$$HAR,15:15:41,415617367,-929376234,7123738,14691428,30111,89,41290,1622,1324,3,0
$$HAR,15:15:44,415611583,-929371340,7104473,13656676,22852,89,41405,1621,1362,3,0
$$HAR,15:15:47,415605890,-929365109,7084191,15094602,26908,90,41516,1619,1353,3,0
$$HAR,15:15:50,415600921,-929360251,7065039,13300196,23966,90,41630,1619,1374,3,0
$$HAR,15:15:53,415595413,-929353965,7045942,15072804,25548,90,41741,1618,1382,3,0
$$HAR,15:15:56,415590628,-929348474,7025415,13489030,28323,90,41853,1616,1399,3,0
$$HAR,15:15:59,415584967,-929343174,7005417,14288352,20986,90,41966,1615,1411,3,0
$$HAR,15:16:02,415580331,-929336950,6985736,14028996,28899,86,42078,1614,1415,3,0
$$HAR,15:16:05,415575268,-929331687,6965332,12917998,22947,86,42192,1613,1465,3,0
$$HAR,15:16:08,415569942,-929325281,6944824,14827482,24382,86,42306,1611,1432,3,0
$$HAR,15:16:11,415565289,-929319445,6924332,13593288,29187,86,42420,1610,1461,3,0
$$HAR,15:16:14,415560160,-929313854,6903154,12901284,23487,86,42536,1609,1448,3,0
$$HAR,15:16:17,415554804,-929307574,6882465,14765548,22915,86,42654,1608,1456,3,0
$$HAR,15:16:20,415550163,-929301503,6862297,13768030,29305,86,42771,1607,1473,3,0
$$HAR,15:16:23,415544746,-929296238,6842303,13387604,21429,86,42890,1606,1481,3,0
$$HAR,15:16:26,415539559,-929289595,6822654,14500990,28389,86,43008,1605,1489,3,0
$$HAR,15:16:29,415534325,-929284554,6803776,13104748,23122,86,43124,1604,1515,3,0
$$HAR,15:16:32,415528756,-929278562,6782975,14996008,23693,86,43240,1603,1506,3,0
$$HAR,15:16:35,415524085,-929273632,6765346,13234540,23766,86,43359,1602,1519,3,0
$$HAR,15:16:38,415518653,-929267271,6746138,14998808,26163,86,43472,1601,1514,3,0
$$HAR,15:16:41,415513949,-929261952,6726258,13313454,26551,86,43586,1600,1556,3,0
$$HAR,15:16:44,415508522,-929256691,6705891,14173358,19700,86,43701,1599,1527,3,0
$$HAR,15:16:47,415503901,-929250617,6686740,14209528,27733,86,43815,1598,1543,3,0
$$HAR,15:16:50,415498918,-929245845,6666845,13055098,21373,86,43931,1597,1560,3,0
$$HAR,15:16:53,415493727,-929240130,6646153,15083430,21834,84,44045,1596,1581,3,0
$$HAR,15:16:56,415489485,-929234864,6627143,13288284,25611,84,44163,1595,1601,3,0
$$HAR,15:16:59,415484184,-929229684,6607519,14430692,18886,84,44279,1594,1614,3,0
$$HAR,15:17:02,415479453,-929223923,6586710,14794982,26283,84,44398,1594,1639,3,0
$$HAR,15:17:05,415474294,-929219773,6569126,14577004,19924,83,44516,1593,1668,3,0
$$HAR,15:17:08,415470092,-929214469,6551038,13521938,26853,83,44632,1592,1685,3,0
$$HAR,15:17:11,415465005,-929209538,6529760,13272690,20337,83,44745,1591,1709,3,0
$$HAR,15:17:14,415459937,-929203530,6510050,14999482,25221,83,44864,1590,1739,3,0
$$HAR,15:17:17,415455376,-929198785,6490484,13155990,24559,83,44980,1589,1772,3,0
$$HAR,15:17:20,415450123,-929193647,6470629,14738992,18976,83,45100,1588,1805,3,0
$$HAR,15:17:23,415445681,-929188041,6450920,14321352,26950,83,45217,1586,1838,3,0
$$HAR,15:17:26,415440727,-929183693,6431886,13408474,19129,83,45335,1585,1872,3,0
$$HAR,15:17:29,415435898,-929178156,6411750,15214378,22694,83,45454,1584,1901,3,0
$$HAR,15:17:32,415431403,-929173099,6390947,14199238,26543,83,45571,1583,1930,3,0
$$HAR,15:17:35,415426584,-929168832,6371741,13575064,18483,83,45692,1583,1972,3,0
$$HAR,15:17:38,415422058,-929163082,6352490,14789958,25085,83,45814,1582,1997,3,0
$$HAR,15:17:41,415417796,-929158538,6332573,12961586,22468,84,45934,1581,2047,3,0
$$HAR,15:17:44,415412821,-929152718,6314355,15006372,23550,84,46054,1580,2055,3,0
$$HAR,15:17:47,415408599,-929147987,6295105,13204956,24674,84,46170,1579,2105,3,0
$$HAR,15:17:50,415403609,-929143171,6275617,14297762,17951,84,46288,1578,2105,3,0
$$HAR,15:17:53,415399485,-929137567,6257162,13964010,26116,84,46408,1578,2135,3,0
$$HAR,15:17:56,415394718,-929133084,6238284,13402112,18364,84,46524,1577,2160,3,0
$$HAR,15:17:59,415390191,-929127379,6219270,14839382,24208,84,46643,1577,2180,3,0
$$HAR,15:18:02,415385977,-929123188,6200788,13140742,18821,88,46761,1576,2235,3,0
$$HAR,15:18:05,415381532,-929117861,6182411,15035132,20521,92,46877,1576,2222,3,0
$$HAR,15:18:08,415377143,-929112257,6160793,14429198,25646,87,46995,1575,2235,3,0
$$HAR,15:18:11,415372851,-929107541,6140835,12780888,22342,87,47115,1575,2281,3,0
$$HAR,15:18:14,415367889,-929102059,6121321,14888440,20202,87,47237,1574,2273,3,0
$$HAR,15:18:17,415364146,-929097267,6103869,12806218,21409,87,47356,1574,2285,3,0
$$HAR,15:18:20,415359366,-929091147,6085906,14701514,23706,87,47475,1573,2293,3,0
$$HAR,15:18:23,415355227,-929086389,6067823,12593340,21433,87,47592,1572,2289,3,0
$$HAR,15:18:26,415350486,-929080149,6048945,14697290,23035,87,47708,1571,2277,3,0
$$HAR,15:18:29,415346427,-929074553,6029213,13175226,26706,87,47823,1570,2298,3,0
$$HAR,15:18:32,415341742,-929069215,6009621,12940678,19142,87,47942,1570,2281,3,0
$$HAR,15:18:35,415337223,-929063000,5990075,14614342,23306,87,48060,1569,2264,3,0
$$HAR,15:18:38,415333230,-929057555,5970808,12863118,25760,88,48183,1568,2293,3,0
$$HAR,15:18:41,415328304,-929052135,5951791,14138438,19286,87,48302,1567,2247,3,0
$$HAR,15:18:44,415324632,-929046994,5935577,12707650,21167,87,48425,1567,2243,3,0
$$HAR,15:18:47,415320041,-929040608,5917327,14568676,23474,87,48542,1566,2234,3,0
$$HAR,15:18:50,415316019,-929034864,5897634,12995592,26616,87,48657,1565,2218,3,0
$$HAR,15:18:53,415311189,-929029382,5879040,13579618,18731,87,48775,1564,2205,3,0
$$HAR,15:18:56,415307005,-929023009,5859875,14173178,26131,87,48892,1564,2184,3,0
$$HAR,15:18:59,415302705,-929018075,5842023,13061906,19715,87,49013,1563,2176,3,1
$$HAR,15:19:02,415298884,-929011602,5824747,13439160,26947,87,49130,1562,2171,3,0
$$HAR,15:19:05,415294510,-929006142,5805673,12348978,20970,87,49248,1562,2167,3,0
$$HAR,15:19:08,415290063,-928999283,5787021,14244982,24634,87,49366,1561,2159,3,0
$$HAR,15:19:11,415286069,-928993848,5769139,12386490,22544,87,49484,1560,2167,3,0
$$HAR,15:19:14,415281516,-928987054,5751073,14233368,23258,87,49602,1559,2158,3,0
$$HAR,15:19:17,415277694,-928980989,5732251,12729608,26650,87,49720,1559,2150,3,0
$$HAR,15:19:20,415272718,-928974833,5714685,14156298,21147,88,49838,1558,2133,3,0
$$HAR,15:19:23,415268970,-928968723,5696319,12965552,27305,88,49957,1557,2108,3,0
$$HAR,15:19:26,415264478,-928963030,5676996,12531048,20281,88,50074,1556,2091,3,0
$$HAR,15:19:29,415260084,-928956068,5659256,13861784,26539,88,50195,1556,2083,3,0
$$HAR,15:19:32,415255100,-928950742,5643037,14080282,20481,88,50314,1555,2083,3,0
$$HAR,15:19:35,415251247,-928944589,5624961,13169260,27336,88,50432,1555,2058,3,0
$$HAR,15:19:38,415246339,-928939139,5607173,13856630,19515,88,50547,1554,2041,3,0
$$HAR,15:19:41,415242595,-928933208,5590723,12924476,26218,88,50663,1553,2020,3,0
$$HAR,15:19:44,415237642,-928927435,5572558,13819904,19395,88,50778,1552,1995,3,0
$$HAR,15:19:47,415233845,-928921334,5555990,13076292,25673,88,50894,1551,1974,3,0
$$HAR,15:19:50,415228681,-928915547,5539132,14676870,21092,88,51010,1550,1966,3,0
$$HAR,15:19:53,415224608,-928910006,5521784,13337092,26088,88,51122,1550,1957,3,0
$$HAR,15:19:56,415219754,-928904954,5504372,13548082,18342,88,51238,1549,1940,3,0
$$HAR,15:19:59,415215532,-928898858,5486888,14239252,25610,88,51350,1548,1928,3,0
$$HAR,15:20:02,415211354,-928894023,5469244,12590310,21229,88,51466,1547,1919,3,0
$$HAR,15:20:05,415206724,-928887776,5452424,14542294,23723,88,51582,1546,1907,3,0
$$HAR,15:20:08,415202741,-928882800,5434724,12596672,23593,88,51697,1546,1915,3,0
$$HAR,15:20:11,415198189,-928877447,5415689,13430846,17932,88,51816,1545,1886,3,0
$$HAR,15:20:14,415194176,-928871186,5398669,13772638,26356,88,51933,1544,1890,3,0
$$HAR,15:20:17,415189593,-928866174,5381201,12741282,20378,88,52053,1544,1919,3,0
$$HAR,15:20:20,415184852,-928860157,5362613,14677566,21735,88,52171,1543,1894,3,0
$$HAR,15:20:23,415180907,-928854504,5345243,12946638,25823,88,52292,1543,1919,3,0
$$HAR,15:20:26,415175746,-928848653,5328251,14382390,20522,88,52409,1542,1919,3,0
$$HAR,15:20:29,415171663,-928842653,5310455,13620226,27129,88,52529,1542,1936,3,0
$$HAR,15:20:32,415166596,-928837537,5294595,14063000,21108,90,52649,1541,1961,3,0
$$HAR,15:20:35,415162730,-928832011,5279570,12730306,24864,89,52765,1540,2003,3,0
$$HAR,15:20:38,415158109,-928826555,5262420,13383836,18079,89,52878,1540,2036,3,0
$$HAR,15:20:41,415154387,-928820222,5245980,13512150,25786,89,52998,1539,2086,3,0
$$HAR,15:20:44,415150089,-928815157,5228450,12522660,18736,86,53112,1539,2161,3,0
$$HAR,15:20:47,415145940,-928809035,5209979,14485902,21285,86,53229,1538,2216,3,0
$$HAR,15:20:50,415142478,-928803669,5191863,12690406,24575,86,53350,1538,2320,3,0
$$HAR,15:20:53,415138227,-928798420,5173759,13124964,16675,86,53470,1538,2392,3,0
$$HAR,15:20:56,415135117,-928792430,5157102,12677826,23772,86,53593,1537,2479,3,0
$$HAR,15:20:59,415130780,-928786979,5140005,14254732,17671,86,53714,1537,2576,3,0
$$HAR,15:21:02,415127592,-928781627,5121734,12872186,23679,86,53833,1537,2669,3,0
$$HAR,15:21:05,415123469,-928776774,5104101,13234756,15468,86,53954,1536,2761,3,0
$$HAR,15:21:08,415120335,-928770994,5086582,13535482,22670,86,54076,1536,2850,3,0
$$HAR,15:21:11,415116749,-928766570,5069107,12231846,16490,83,54198,1536,2964,3,0
$$HAR,15:21:14,415113156,-928760960,5051120,14530372,19320,86,54321,1535,3006,3,0
$$HAR,15:21:17,415110251,-928756653,5033761,12166190,19447,86,54441,1535,3086,3,0
$$HAR,15:21:20,415106428,-928751518,5016911,14592668,17404,86,54565,1534,3158,3,0
$$HAR,15:21:23,415103596,-928747521,5000791,12180472,17398,86,54687,1534,3251,3,0
$$HAR,15:21:26,415099970,-928742599,4983347,14623544,16320,86,54806,1534,3302,3,0
$$HAR,15:21:29,415097217,-928738349,4966554,12550486,19511,86,54926,1533,3395,3,0
$$HAR,15:21:32,415093428,-928733798,4949546,14343888,14421,86,55049,1533,3472,3,0
$$HAR,15:21:35,415090809,-928729275,4932869,12645252,19610,86,55165,1533,3553,3,0
$$HAR,15:21:38,415087016,-928724753,4916349,14616372,14876,86,55287,1533,3642,3,0
$$HAR,15:21:41,415084327,-928720403,4899545,12973014,19392,86,55406,1533,3728,3,0
$$HAR,15:21:44,415080604,-928716354,4883002,14302118,12768,86,55525,1532,3817,3,0
$$HAR,15:21:47,415077801,-928711847,4865706,13851640,19918,86,55643,1532,3906,3,0
$$HAR,15:21:50,415074580,-928708545,4848831,12563240,12632,86,55762,1532,4005,3,0
$$HAR,15:21:53,415071787,-928703961,4832517,14208764,18409,87,55884,1532,4108,3,0
$$HAR,15:21:56,415068771,-928700889,4815752,12361702,12589,87,56004,1532,4236,3,0
$$HAR,15:21:59,415065846,-928696450,4798706,14629790,17269,87,56127,1531,4305,3,0
$$HAR,15:22:02,415063087,-928693655,4781976,12181352,12400,87,56246,1531,4416,3,0
$$HAR,15:22:05,415060375,-928689319,4765981,14159066,17002,87,56367,1532,4520,3,0
$$HAR,15:22:08,415057624,-928686654,4749211,12097674,10640,87,56486,1531,4636,3,0
$$HAR,15:22:11,415055041,-928682512,4732364,14445234,16073,87,56605,1531,4722,3,0
$$HAR,15:22:14,415052614,-928679825,4715812,11581270,11564,87,56725,1531,4821,3,0
$$HAR,15:22:17,415050080,-928675599,4699214,14411678,15018,87,56845,1531,4929,3,0
$$HAR,15:22:20,415047969,-928672561,4682464,11571022,14577,87,56965,1531,5037,3,0
$$HAR,15:22:23,415045116,-928668457,4666103,14657096,14194,87,57088,1531,5137,3,0
$$HAR,15:22:26,415042820,-928665851,4650756,12072716,10308,87,57207,1531,5259,3,0
$$HAR,15:22:29,415040889,-928661460,4634850,13013188,16689,87,57327,1531,5341,3,0
$$HAR,15:22:32,415037831,-928657953,4619272,14779898,11940,87,57446,1531,5445,3,0
$$HAR,15:22:35,415036001,-928654482,4601860,12318514,16579,87,57563,1531,5541,3,0
$$HAR,15:22:38,415033117,-928651115,4584988,14065074,9625,87,57680,1531,5602,3,0
$$HAR,15:22:41,415031315,-928647208,4568147,12832876,16830,87,57802,1531,5663,3,0
$$HAR,15:22:44,415028548,-928644132,4551633,13191544,9111,87,57924,1531,5711,3,0
$$HAR,15:22:47,415026610,-928640148,4534848,13455258,16681,87,58045,1531,5742,3,0
$$HAR,15:22:50,415024086,-928637283,4517944,11698558,9989,87,58169,1531,5755,3,0
$$HAR,15:22:53,415021895,-928633017,4501234,13923814,15941,87,58291,1531,5768,3,0
$$HAR,15:22:56,415019358,-928630453,4485280,12456948,8569,87,58416,1531,5794,3,0
$$HAR,15:22:59,415017465,-928626522,4468963,13711150,15779,87,58536,1532,5768,3,0
$$HAR,15:23:02,415014986,-928624060,4452740,12241478,8812,87,58660,1532,5760,3,0
$$HAR,15:23:05,415013308,-928620474,4437859,13223530,15487,87,58783,1532,5751,3,0
$$HAR,15:23:08,415010491,-928617663,4421012,13701472,8043,87,58905,1532,5742,3,0
$$HAR,15:23:11,415008814,-928614190,4405062,12471722,14275,87,59025,1533,5725,3,0
$$HAR,15:23:14,415005916,-928610972,4388658,15333824,9576,87,59146,1533,5707,3,0
$$HAR,15:23:17,415004135,-928607794,4371454,12936686,15258,87,59266,1533,5689,3,0
$$HAR,15:23:20,415001158,-928604848,4354940,15176248,9448,87,59391,1533,5677,3,0
$$HAR,15:23:23,414999337,-928601653,4338318,12836378,15077,87,59515,1533,5659,3,0
$$HAR,15:23:26,414996289,-928598668,4321802,15507174,9932,87,59641,1533,5637,3,0
$$HAR,15:23:29,414994290,-928595673,4305107,13045306,15637,87,59764,1534,5616,3,0
$$HAR,15:23:32,414991000,-928592645,4289037,16015184,11997,87,59888,1534,5599,3,0
$$HAR,15:23:35,414988853,-928590205,4272158,12868784,14537,87,60010,1534,5599,3,0
$$HAR,15:23:38,414985598,-928587459,4255232,16144918,10490,87,60137,1534,5551,3,0
$$HAR,15:23:41,414983290,-928584624,4237897,14048196,16380,87,60261,1535,5533,3,0
$$HAR,15:23:44,414980011,-928582561,4221061,15359416,9534,87,60392,1535,5507,3,0
$$HAR,15:23:47,414977692,-928579776,4205073,13771844,15637,87,60516,1536,5490,3,0
$$HAR,15:23:50,414974303,-928577527,4188404,15636302,9523,87,60644,1536,5468,3,0
$$HAR,15:23:53,414971849,-928574531,4171720,14347352,16780,87,60770,1536,5446,3,0
$$HAR,15:23:56,414968661,-928572670,4154495,14335244,8896,87,60897,1537,5429,3,0
$$HAR,15:23:59,414966010,-928569496,4138005,14964154,16571,87,61025,1537,5411,3,0
$$HAR,15:24:02,414963053,-928567731,4120999,13264284,9822,87,61156,1537,5433,3,0
$$HAR,15:24:05,414959974,-928564648,4103820,15858424,14696,87,61282,1538,5381,3,0
$$HAR,15:24:08,414957327,-928563002,4087810,12950350,10376,87,61412,1538,5355,3,0
$$HAR,15:24:11,414954341,-928559841,4071505,15597846,15211,87,61540,1539,5333,3,0
$$HAR,15:24:14,414951542,-928558225,4055439,13326128,9816,87,61671,1539,5312,3,0
$$HAR,15:24:17,414948497,-928555433,4038267,16576846,13910,87,61795,1540,5295,3,0
$$HAR,15:24:20,414946047,-928553806,4022233,13423344,11494,87,61924,1540,5308,3,0
$$HAR,15:24:23,414942901,-928550675,4006486,15822044,16090,87,62052,1541,5269,3,0
$$HAR,15:24:26,414939940,-928549243,3989916,13573732,10574,87,62181,1541,5278,3,0
$$HAR,15:24:29,414936730,-928546195,3973997,15767668,16280,87,62305,1541,5243,3,0
$$HAR,15:24:32,414933417,-928544910,3958338,15267630,9073,87,62433,1542,5234,3,0
$$HAR,15:24:35,414930639,-928542146,3942591,15050296,16766,87,62557,1542,5221,3,0
$$HAR,15:24:38,414927081,-928540678,3926587,15719594,9480,87,62686,1543,5213,3,1
$$HAR,15:24:41,414924014,-928537912,3910470,15469512,17266,87,62808,1543,5200,3,0
$$HAR,15:24:44,414920135,-928536373,3895325,16861620,11567,87,62937,1543,5187,3,0
$$HAR,15:24:47,414917298,-928533942,3879011,14864068,17128,87,63061,1544,5183,3,0
$$HAR,15:24:50,414913517,-928532379,3862843,16234702,10277,87,63188,1544,5174,3,0
$$HAR,15:24:53,414910576,-928529681,3846595,15197340,17893,87,63314,1545,5161,3,0
$$HAR,15:24:56,414906782,-928528168,3831027,16281940,10958,87,63443,1545,5152,3,0
$$HAR,15:24:59,414903787,-928525508,3814936,15143664,17728,87,63567,1546,5144,3,0
$$HAR,15:25:02,414900008,-928523922,3799583,16191952,10608,87,63695,1546,5144,3,0
$$HAR,15:25:05,414897227,-928521301,3783702,14719640,17122,87,63822,1547,5135,3,0
$$HAR,15:25:08,414893529,-928519531,3768213,16134612,10064,87,63948,1548,5127,3,0
$$HAR,15:25:11,414891048,-928516978,3752986,13956736,15712,87,64070,1548,5127,3,0
$$HAR,15:25:14,414887335,-928514767,3737068,16691470,11182,87,64201,1549,5127,3,0
$$HAR,15:25:17,414884719,-928512237,3721312,14174536,16457,88,64325,1550,5127,3,0
$$HAR,15:25:20,414880855,-928509955,3705912,16593228,13251,88,64452,1550,5127,3,1
$$HAR,15:25:23,414878089,-928507993,3691122,13475824,14297,88,64574,1551,5132,3,0
$$HAR,15:25:26,414874357,-928505378,3675103,16607238,13532,88,64699,1552,5132,3,0
$$HAR,15:25:29,414871619,-928503358,3660345,13581712,14274,88,64823,1552,5145,3,0
$$HAR,15:25:32,414867816,-928500581,3644953,16525142,14831,88,64950,1553,5136,3,0
$$HAR,15:25:35,414864665,-928498792,3631019,13601584,14570,90,65070,1554,5145,3,0
$$HAR,15:25:38,414860905,-928495626,3615467,16340240,16218,88,65192,1554,5145,3,0
$$HAR,15:25:41,414857769,-928494045,3600890,14561232,11321,88,65317,1555,5167,3,0
$$HAR,15:25:44,414854705,-928490809,3586342,14949426,18176,88,65437,1555,5154,3,0
$$HAR,15:25:47,414850949,-928488938,3570894,15237166,10470,88,65560,1556,5167,3,0
$$HAR,15:25:50,414847918,-928485758,3555968,14737962,17760,88,65682,1556,5185,3,0
$$HAR,15:25:53,414844096,-928483794,3541006,15933588,10723,88,65805,1557,5210,3,0
$$HAR,15:25:56,414841482,-928481013,3526574,14060816,15306,88,65926,1558,5245,3,0
$$HAR,15:25:59,414837823,-928478084,3512603,16361404,15517,88,66048,1559,5285,3,0
$$HAR,15:26:02,414835073,-928476208,3496514,13777792,13871,88,66167,1559,5337,3,0
$$HAR,15:26:05,414831399,-928473830,3481910,16806948,13693,88,66292,1560,5429,3,0
$$HAR,15:26:08,414828820,-928472518,3467670,13718018,10410,88,66414,1561,5529,3,0
$$HAR,15:26:11,414825737,-928469631,3453260,15690170,16066,88,66537,1561,5625,3,0
$$HAR,15:26:14,414822657,-928468350,3438156,14295886,9480,88,66657,1562,5769,3,0
$$HAR,15:26:17,414819737,-928465474,3423877,15004572,15726,88,66778,1563,5870,3,0
$$HAR,15:26:20,414816003,-928463717,3409647,17149754,11065,88,66898,1564,6010,3,1
$$HAR,15:26:23,414813486,-928461527,3394434,14356578,15674,88,67023,1564,6199,3,0
$$HAR,15:26:26,414809942,-928459845,3379648,16919656,9681,88,67143,1565,6406,3,0
$$HAR,15:26:29,414807456,-928457635,3364386,15115758,15507,88,67266,1566,6586,3,0
$$HAR,15:26:32,414804390,-928456415,3349492,15093226,7711,88,67390,1566,6754,3,0
$$HAR,15:26:35,414801816,-928453885,3334865,15626642,15154,88,67515,1567,6914,3,0
$$HAR,15:26:38,414798860,-928452849,3320315,15307484,7470,88,67640,1568,7149,3,0
$$HAR,15:26:41,414796367,-928450335,3305176,15666868,14945,88,67765,1569,7411,3,0
$$HAR,15:26:44,414793499,-928449272,3290932,15447724,7788,88,67887,1570,7661,3,0
$$HAR,15:26:47,414791329,-928446787,3276536,14389160,14583,88,68014,1571,7867,3,0
$$HAR,15:26:50,414788172,-928445200,3261972,16148432,8021,88,68134,1571,8095,3,0
$$HAR,15:26:53,414785995,-928442666,3247262,14319460,14871,88,68261,1572,8352,3,0
$$HAR,15:26:56,414782760,-928440859,3232895,16230558,9111,88,68383,1573,8608,3,0
$$HAR,15:26:59,414780637,-928438520,3218924,13732620,14199,88,68505,1574,8825,3,0
$$HAR,15:27:02,414777359,-928436295,3204968,16518738,11195,88,68626,1575,9079,3,0
$$HAR,15:27:05,414775202,-928434453,3191002,12944676,12053,88,68746,1576,9389,3,1
$$HAR,15:27:08,414772054,-928431837,3176148,16531286,11571,88,68868,1577,9712,3,0
$$HAR,15:27:11,414769954,-928429937,3162023,12930514,12203,88,68990,1578,10005,3,0
$$HAR,15:27:14,414766968,-928426885,3148084,15500636,14272,88,69111,1579,10211,3,0
$$HAR,15:27:17,414764269,-928425366,3134399,13697684,7961,88,69233,1580,10456,3,0
$$HAR,15:27:20,414762142,-928422164,3120273,14144872,14805,88,69354,1581,10719,3,0
$$HAR,15:27:23,414759329,-928420252,3105977,14673980,7569,88,69474,1582,10968,3,1
$$HAR,15:27:26,414757464,-928417502,3092477,13478512,13887,88,69597,1583,11177,3,0
$$HAR,15:27:29,414754346,-928415386,3078341,16524782,9397,88,69716,1584,11377,3,0
$$HAR,15:27:32,414752369,-928412994,3064185,13583798,13906,88,69837,1585,11562,3,0
$$HAR,15:27:35,414749275,-928410758,3050160,16421574,9519,88,69959,1586,11749,3,0
$$HAR,15:27:38,414747361,-928408410,3035781,13291234,13776,88,70082,1587,11973,3,0
$$HAR,15:27:41,414744333,-928406166,3021537,16347980,9568,88,70202,1588,12146,3,0
$$HAR,15:27:44,414742466,-928403998,3007844,12795966,12946,88,70326,1589,12334,3,0
$$HAR,15:27:47,414739461,-928401554,2992965,16419828,9633,88,70448,1590,12584,3,0
$$HAR,15:27:50,414737603,-928399274,2979051,13029734,12832,88,70573,1591,12815,3,0
$$HAR,15:27:53,414734590,-928396703,2964622,16416488,10436,88,70695,1592,12995,3,0
$$HAR,15:27:56,414732629,-928394319,2949736,13534830,14497,88,70818,1593,13174,3,0
$$HAR,15:27:59,414729801,-928392381,2934985,15034216,7267,88,70942,1594,13412,3,0
$$HAR,15:28:02,414727860,-928389558,2920909,14074640,14440,88,71071,1595,13616,3,0
$$HAR,15:28:05,414724915,-928387569,2907560,15094166,7481,95,71195,1596,13783,3,0
$$HAR,15:28:08,414723330,-928385037,2894489,13397466,13486,92,71325,1598,13983,3,0
$$HAR,15:28:11,414720438,-928382779,2879725,16158716,9798,92,71449,1599,14223,3,0
$$HAR,15:28:14,414718703,-928380553,2865174,12712956,12660,92,71569,1600,14411,3,0
$$HAR,15:28:17,414715923,-928377402,2851930,15259270,13803,92,71694,1602,14615,3,0
$$HAR,15:28:20,414713278,-928375852,2838212,14382970,7625,92,71812,1603,14856,3,1
$$HAR,15:28:23,414711309,-928372918,2824143,13863138,14358,92,71936,1604,15097,3,0
$$HAR,15:28:26,414708393,-928370966,2809751,15366362,7655,92,72056,1605,15310,3,0
$$HAR,15:28:29,414706550,-928368258,2795607,13654018,13977,92,72179,1606,15460,3,0
$$HAR,15:28:32,414703700,-928366345,2781227,15823874,7495,92,72301,1608,15601,3,0
$$HAR,15:28:35,414701929,-928363773,2766935,13636244,13624,92,72427,1609,15767,3,0
$$HAR,15:28:38,414698933,-928361609,2753029,16333180,9929,92,72549,1610,15971,3,0
$$HAR,15:28:41,414697172,-928359762,2739179,12557438,11390,92,72674,1611,16195,3,0
$$HAR,15:28:44,414694348,-928357364,2724847,16541580,10143,92,72794,1612,16362,3,0
$$HAR,15:28:47,414692573,-928355539,2711256,12477898,11124,92,72925,1614,16563,3,0
$$HAR,15:28:50,414689819,-928352699,2697018,16122006,12187,92,73049,1615,16729,3,0
$$HAR,15:28:53,414687828,-928350989,2683193,12431716,10381,92,73177,1617,16905,3,0
$$HAR,15:28:56,414685291,-928347692,2669308,15030896,14224,92,73297,1618,17047,3,0
$$HAR,15:28:59,414682783,-928345972,2655633,12953488,8233,92,73424,1619,17215,3,0
$$HAR,15:29:02,414680320,-928342797,2640973,15425512,14396,92,73546,1620,17399,3,0
$$HAR,15:29:05,414678048,-928340849,2626856,12253934,10631,92,73674,1622,17562,3,0
$$HAR,15:29:08,414675398,-928337467,2612915,15094690,13893,92,73800,1623,17720,3,0
$$HAR,15:29:11,414672884,-928335714,2599711,13591660,7513,92,73925,1624,17933,3,0
$$HAR,15:29:14,414670816,-928332484,2585448,14365400,14660,92,74049,1625,18127,3,0
$$HAR,15:29:17,414668022,-928330592,2572149,15072838,8253,92,74179,1627,18307,3,0
$$HAR,15:29:20,414666158,-928327709,2558265,13648136,14819,92,74305,1628,18491,3,0
$$HAR,15:29:23,414663081,-928325322,2544590,15829250,10761,92,74432,1629,18656,3,0
$$HAR,15:29:26,414661160,-928323182,2530947,12582320,12635,92,74556,1631,18841,3,0
$$HAR,15:29:29,414658297,-928320668,2515874,16183050,9171,92,74684,1632,19067,3,0
$$HAR,15:29:32,414656502,-928318276,2502050,12937910,13520,92,74808,1634,19241,3,0
$$HAR,15:29:35,414653491,-928315294,2488599,15345816,13095,92,74937,1635,19361,3,0
$$HAR,15:29:38,414651094,-928313479,2475083,12698368,8682,92,75063,1637,19538,3,0
$$HAR,15:29:41,414648754,-928310041,2461168,14437204,14920,92,75191,1638,19769,3,0
$$HAR,15:29:44,414645930,-928308091,2447447,14022524,7833,92,75314,1639,20005,3,0
$$HAR,15:29:47,414643616,-928304873,2432627,14808070,15313,92,75442,1641,20215,3,0
$$HAR,15:29:50,414640837,-928303033,2419022,14156156,8165,92,75570,1642,20417,3,0
$$HAR,15:29:53,414638683,-928299804,2405244,14093860,14998,92,75702,1644,20651,3,0
$$HAR,15:29:56,414635655,-928297657,2391468,15244072,9059,92,75827,1645,20885,3,0
$$HAR,15:29:59,414633778,-928294710,2377412,13066992,14952,92,75957,1647,21146,3,0
$$HAR,15:30:02,414630745,-928291928,2363373,15407826,9885,92,76085,1648,21365,3,0
$$HAR,15:30:05,414628940,-928289011,2349554,12561278,14402,92,76217,1650,21519,3,0
$$HAR,15:30:08,414625997,-928285723,2335980,15324214,12414,92,76343,1651,21621,3,0
$$HAR,15:30:11,414624079,-928283478,2322176,11867356,11440,92,76472,1652,21785,3,0
$$HAR,15:30:14,414621469,-928279882,2308426,14899276,13712,92,76598,1654,21981,3,0
$$HAR,15:30:17,414619265,-928277656,2294963,11972640,10535,92,76730,1655,22135,3,0
$$HAR,15:30:20,414616851,-928273977,2281386,14494732,14671,92,76856,1657,22244,3,0
$$HAR,15:30:23,414614210,-928271885,2267901,13429428,8457,92,76987,1658,22446,3,0
$$HAR,15:30:26,414612252,-928268399,2253959,13604718,15324,92,77117,1660,22666,3,0
$$HAR,15:30:29,414609245,-928265773,2240307,15331906,10126,92,77249,1662,22841,3,0
$$HAR,15:30:32,414607570,-928263373,2226833,11619830,9811,102,77373,1663,22966,3,0
$$HAR,15:30:35,414605208,-928259788,2214088,14544590,14482,92,77502,1665,23140,3,0
$$HAR,15:30:38,414602974,-928257771,2199461,12418254,8693,91,77630,1666,23405,3,0
$$HAR,15:30:41,414601166,-928254388,2186002,13298614,13709,91,77764,1668,23645,3,0
$$HAR,15:30:44,414598411,-928252008,2172190,15683248,8904,91,77892,1669,23828,3,0
$$HAR,15:30:47,414596794,-928249696,2158158,12587056,12464,91,78022,1671,23971,3,0
$$HAR,15:30:50,414593983,-928246878,2144399,15996560,11425,91,78149,1672,24123,3,0
$$HAR,15:30:53,414592082,-928244973,2130367,12477882,11486,91,78281,1674,24281,3,0
$$HAR,15:30:56,414589263,-928242382,2115947,16429320,10463,91,78415,1676,24413,3,1
$$HAR,15:30:59,414587387,-928240574,2102447,12605434,10881,91,78549,1677,24612,3,0
$$HAR,15:31:02,414584615,-928237829,2088509,16087818,11988,91,78682,1679,24745,3,0
$$HAR,15:31:05,414582465,-928236512,2075238,13266786,7759,91,78814,1680,24858,3,0
$$HAR,15:31:08,414580166,-928233752,2060912,15441850,13139,91,78944,1682,24980,3,0
$$HAR,15:31:11,414577869,-928232535,2046965,13107058,6910,91,79078,1684,25109,3,0
$$HAR,15:31:14,414575678,-928229877,2032601,15575592,12944,91,79210,1685,25247,3,0
$$HAR,15:31:17,414573370,-928228833,2018783,14844582,6309,91,79347,1687,25427,3,0
$$HAR,15:31:20,414571584,-928226370,2004964,14099062,12611,91,79477,1688,25528,3,0
$$HAR,15:31:23,414568766,-928224647,1991491,16743364,9218,91,79611,1690,25674,3,0
$$HAR,15:31:26,414567199,-928223291,1977992,12501772,9050,91,79741,1692,25940,3,0
$$HAR,15:31:29,414564767,-928220865,1964007,16311702,11199,91,79876,1693,26163,3,0
$$HAR,15:31:32,414562994,-928219678,1950068,12102036,8593,91,80012,1695,26340,3,0
$$HAR,15:31:35,414560592,-928217437,1935394,16813942,9845,91,80144,1696,26554,3,0
$$HAR,15:31:38,414558873,-928216499,1922422,13519366,6314,92,80280,1698,26850,3,0
$$HAR,15:31:41,414557051,-928213947,1908608,14942078,12079,92,80412,1699,27132,3,0
$$HAR,15:31:44,414554963,-928212945,1894690,15017580,5488,92,80548,1701,27392,3,0
$$HAR,15:31:47,414553748,-928210977,1881565,12689606,10336,92,80679,1703,27523,3,0
$$HAR,15:31:50,414551339,-928208945,1867567,16703310,8713,92,80813,1704,27699,3,0
$$HAR,15:31:53,414550017,-928207496,1853602,12106304,9863,92,80943,1706,27873,3,0
$$HAR,15:31:56,414547721,-928205328,1839563,16224864,8962,92,81077,1707,28069,3,0
$$HAR,15:31:59,414546197,-928204337,1826664,12862366,5989,92,81213,1709,28358,3,0
$$HAR,15:32:02,414544772,-928201756,1813400,13898094,11254,92,81347,1711,28708,3,0
$$HAR,15:32:05,414542479,-928200367,1799910,16474184,6738,92,81476,1712,29014,3,1
$$HAR,15:32:08,414541308,-928199230,1786821,11487008,7114,92,81611,1714,29239,3,0
$$HAR,15:32:11,414539689,-928196540,1773387,14419334,10896,92,81740,1716,29474,3,0
$$HAR,15:32:14,414537760,-928195400,1760041,14807882,3983,92,81870,1718,29686,3,0
$$HAR,15:32:17,414536444,-928192984,1745828,14160794,10999,92,82000,1719,29854,3,0
$$HAR,15:32:20,414534227,-928191666,1732446,16429482,5897,92,82136,1721,30124,3,0
$$HAR,15:32:23,414533199,-928189948,1719089,12333756,9858,92,82266,1722,30540,3,1
$$HAR,15:32:26,414531016,-928187975,1705385,16723774,7846,92,82402,1724,30833,3,0
$$HAR,15:32:29,414529837,-928186935,1692271,11842596,6442,92,82534,1726,30941,3,0
$$HAR,15:32:32,414528134,-928184494,1678603,15636606,9921,92,82670,1728,31031,3,0
$$HAR,15:32:35,414526654,-928183608,1665382,13286308,5071,92,82801,1730,31276,3,0
$$HAR,15:32:38,414525680,-928181419,1652452,12636536,9925,92,82936,1731,31551,3,0
$$HAR,15:32:41,414523528,-928179431,1639012,16271866,8140,92,83065,1733,31892,3,1
$$HAR,15:32:44,414522399,-928178234,1625697,10991938,7514,92,83197,1735,32140,3,0
$$HAR,15:32:47,414520595,-928175796,1611998,15836732,9001,92,83334,1737,32252,3,0
$$HAR,15:32:50,414519143,-928174860,1599182,13334136,4539,92,83465,1738,32510,3,0
$$HAR,15:32:53,414518004,-928172347,1585553,13875842,10751,92,83604,1740,32947,3,0
$$HAR,15:32:56,414516342,-928171080,1571939,13389396,4198,92,83733,1742,33259,3,0
$$HAR,15:32:59,414515112,-928168481,1557718,14479106,10513,92,83869,1744,33368,3,0
$$HAR,15:33:02,414513381,-928167274,1544569,14712066,4378,92,84003,1746,33427,3,0
$$HAR,15:33:02,414513381,-928167274,1544569,14712066,4378,92,84141,1747,33710,3,0
$$HAR,15:33:08,414510715,-928163241,1517732,15942924,6043,93,84273,1749,33954,3,0
$$HAR,15:33:11,414509897,-928161773,1503980,11082372,6629,93,84411,1751,34043,3,0
$$HAR,15:33:14,414508454,-928159133,1490164,15209584,9734,93,84541,1753,34137,3,0
$$HAR,15:33:17,414507195,-928157900,1477059,12091476,5138,93,84677,1754,34290,3,0
$$HAR,15:33:20,414506403,-928155328,1463977,12353196,10764,93,84811,1756,34515,3,0
$$HAR,15:33:23,414504425,-928153274,1450777,15015332,7058,93,84947,1758,34755,3,0
$$HAR,15:33:26,414503404,-928151980,1437995,11213822,5562,93,85079,1760,34886,3,0
$$HAR,15:33:29,414502485,-928149116,1424874,12757672,10914,93,85213,1762,34931,3,0
$$HAR,15:33:32,414500606,-928147227,1411719,15116444,5494,93,85345,1763,35069,3,0
$$HAR,15:33:35,414499925,-928145137,1398102,11298730,10570,93,85479,1765,35068,3,0
$$HAR,15:33:38,414498152,-928142772,1384445,14971422,6471,93,85613,1767,35088,3,0
$$HAR,15:33:41,414497450,-928141011,1371313,10024620,8184,93,85751,1768,35252,3,0
$$HAR,15:33:44,414496170,-928137931,1357873,14020652,9954,93,85881,1770,35441,3,0
$$HAR,15:33:47,414494868,-928136476,1344863,11517760,4894,93,86017,1772,35645,3,0
$$HAR,15:33:50,414493948,-928133551,1331418,13120018,10741,93,86157,1774,35630,3,0
$$HAR,15:33:53,414492125,-928131512,1318937,14786522,6655,93,86289,1776,35667,3,0
$$HAR,15:33:56,414491433,-928129756,1305530,10453988,8856,93,86427,1777,35905,3,0
$$HAR,15:33:59,414490047,-928126809,1292578,14174956,9579,93,86559,1779,36159,3,0
$$HAR,15:34:02,414488898,-928125439,1279536,10699282,5266,93,86695,1781,36243,3,0
$$HAR,15:34:05,414487973,-928122597,1266205,13488662,10368,93,86827,1782,36317,3,0
$$HAR,15:34:08,414486517,-928121158,1253362,13426206,3948,93,86963,1784,36679,3,0
$$HAR,15:34:11,414485990,-928118743,1240555,11584994,10355,93,87095,1786,37055,3,0
$$HAR,15:34:14,414484261,-928116465,1227520,15053512,6520,93,87230,1788,37247,3,0
$$HAR,15:34:17,414483630,-928114839,1214275,9960072,8298,93,87365,1790,37125,3,0
$$HAR,15:34:20,414482320,-928111914,1201427,13885150,9181,93,87502,1791,36960,3,0
$$HAR,15:34:23,414481025,-928110560,1188716,12174148,3947,93,87633,1793,36920,3,0
$$HAR,15:34:26,414480220,-928107769,1175247,12787050,9944,93,87768,1795,37003,3,0
$$HAR,15:34:29,414478488,-928105375,1163036,14523228,8498,93,87900,1797,37069,3,0
$$HAR,15:34:32,414477606,-928103999,1149771,9204828,6659,93,88036,1799,37100,3,0
$$HAR,15:34:35,414476636,-928101075,1136937,13415752,9575,93,88168,1801,37232,3,0
$$HAR,15:34:38,414475190,-928099647,1124501,13912004,4045,93,88304,1803,37205,3,0
$$HAR,15:34:41,414474900,-928097675,1111830,10039102,8865,93,88436,1805,37333,3,0
$$HAR,15:34:44,414473576,-928094999,1098675,14619032,7049,93,88573,1807,37739,3,0
$$HAR,15:34:47,414473045,-928093432,1085739,8995102,7494,93,88702,1808,38006,3,0
$$HAR,15:34:50,414472111,-928090404,1072404,13570434,8573,93,88843,1810,37956,3,0
$$HAR,15:34:53,414471406,-928088902,1059260,8967708,6283,93,88979,1812,37803,3,0
$$HAR,15:34:56,414470954,-928085816,1046590,11631580,9835,93,89113,1814,37685,3,0
$$HAR,15:34:59,414469588,-928083390,1034140,13714816,6209,93,89250,1816,37643,3,0
$$HAR,15:35:02,414469325,-928081560,1021122,8546622,8479,93,89381,1818,37739,3,0
$$HAR,15:35:05,414468724,-928078183,1008283,11852378,9994,93,89520,1820,37817,3,0
$$HAR,15:35:08,414467641,-928076070,995360,11271604,4431,93,89654,1822,37683,3,0
$$HAR,15:35:11,414467633,-928073177,982187,10121182,10839,93,89790,1824,37865,3,0
$$HAR,15:35:14,414466509,-928070214,968769,12835790,6307,93,89924,1825,38233,3,0
$$HAR,15:35:17,414466210,-928068179,956265,8471930,8320,93,90063,1828,38344,3,0
$$HAR,15:35:20,414465551,-928064572,942944,12491918,10229,93,90194,1829,38266,3,0
$$HAR,15:35:23,414464693,-928062495,930115,9609280,5954,93,90335,1831,38272,3,0
$$HAR,15:35:26,414464509,-928059092,916487,10916620,11905,93,90466,1833,38107,3,0
$$HAR,15:35:29,414463242,-928056276,903090,12121888,5869,93,90609,1835,38067,3,0
$$HAR,15:35:32,414463102,-928053576,889885,9331894,11071,93,90748,1836,38167,3,0
$$HAR,15:35:35,414462028,-928049877,876226,12890030,9405,93,90889,1838,38279,3,0
$$HAR,15:35:38,414461336,-928047654,862514,8815786,7838,93,91032,1840,38235,3,0
$$HAR,15:35:41,414461106,-928043975,849158,11111242,11931,101,91169,1842,38061,3,0
$$HAR,15:35:44,414459508,-928040709,836674,12742036,8197,88,91312,1844,37961,3,0
$$HAR,15:35:47,414459009,-928038079,821245,9258748,10418,88,91452,1846,37963,3,0
$$HAR,15:35:50,414458456,-928034033,808191,10770984,12142,88,91598,1848,38071,3,0
$$HAR,15:35:53,414456943,-928030853,794588,12709634,6965,88,91738,1849,38056,3,0
$$HAR,15:35:56,414456502,-928028230,781023,9286878,10112,88,91885,1851,38035,3,0
$$HAR,15:35:59,414455530,-928024232,766624,12509196,11689,88,92028,1853,38010,3,0
$$HAR,15:36:02,414454393,-928021791,752465,9741476,7301,88,92177,1855,38046,3,0
$$HAR,15:36:05,414453912,-928018166,738508,10967526,12391,88,92330,1857,38041,3,0
$$HAR,15:36:08,414452240,-928014758,724207,13235792,9475,88,92475,1859,38130,3,0
$$HAR,15:36:11,414451040,-928012590,709946,10554312,6726,88,92627,1860,38297,3,0
$$HAR,15:36:14,414450365,-928009133,695190,11530446,12043,88,92775,1862,38322,3,0
$$HAR,15:36:17,414448529,-928006129,680458,13507492,8344,88,92929,1864,38388,3,0
$$HAR,15:36:20,414447750,-928003752,666033,9782142,9852,88,93088,1866,38627,3,0
$$HAR,15:36:23,414446518,-928000009,651276,12900986,10782,88,93237,1868,38804,3,0
$$HAR,15:36:26,414445127,-927997774,638002,11841312,5246,88,93400,1870,38769,3,0
$$HAR,15:36:29,414444871,-927996016,625086,9531080,5318,88,93549,1873,38763,3,0
$$HAR,15:36:32,414444815,-927993122,610098,10604826,10687,88,93702,1875,38988,3,0
$$HAR,15:36:35,414443696,-927990574,595714,12857430,5296,88,93857,1877,39335,3,0
$$HAR,15:36:38,414443437,-927988815,582902,8772202,7830,88,94008,1879,39497,3,0
$$HAR,15:36:41,414442721,-927985585,569867,11829452,8933,88,94161,1881,40197,3,0
$$HAR,15:36:44,414441645,-927983503,557400,12295064,3804,88,94306,1883,41075,3,0
$$HAR,15:36:47,414441711,-927981420,545340,9476120,7663,88,94459,1885,41690,3,0
$$HAR,15:36:50,414440827,-927978412,532412,13247802,8635,88,94598,1887,41828,3,0
$$HAR,15:36:53,414440047,-927977155,517930,11094142,3592,88,94743,1889,41769,3,0
$$HAR,15:36:56,414440154,-927974995,504682,8782706,8550,88,94894,1892,42003,3,0
$$HAR,15:36:59,414439813,-927971881,492961,11124512,8901,88,95040,1894,42439,3,0
$$HAR,15:37:02,414438881,-927969956,480464,12791868,2764,88,95185,1896,42755,3,0
$$HAR,15:37:05,414439199,-927968476,467474,8034465,7762,88,95322,1898,42782,3,0
$$HAR,15:37:08,414438807,-927965835,454112,12163146,6628,88,95467,1900,42679,3,0
$$HAR,15:37:11,414438325,-927964689,439541,9790168,2288,88,95607,1902,43263,3,0
$$HAR,15:37:14,414438683,-927962711,425139,9854706,8171,88,95758,1904,44054,3,0
$$HAR,15:37:17,414437948,-927960843,411596,12693214,3610,88,95911,1906,44391,3,0
$$HAR,15:37:20,414437873,-927959925,398604,6848768,4912,88,96056,1908,44364,3,0
$$HAR,15:37:23,414438173,-927957375,385714,10089672,8428,88,96207,1910,44261,3,0
$$HAR,15:37:26,414437354,-927955144,371991,12369734,4638,88,96350,1912,44450,3,1
$$HAR,15:37:29,414437519,-927953431,358010,7949772,7206,88,96502,1914,44646,3,0
$$HAR,15:37:32,414437314,-927950921,347100,11901986,7380,88,96651,1915,44810,3,0
$$HAR,15:37:35,414436775,-927949679,335488,8498104,3448,88,96794,1917,44867,3,0
$$HAR,15:37:38,414437385,-927947536,324859,8212669,8210,88,96939,1919,44978,3,0
$$HAR,15:37:41,414436853,-927944872,315093,12355114,5864,88,97069,1921,45241,3,0
$$HAR,15:37:44,414436789,-927943559,304123,7032074,5945,88,97199,1923,45511,3,0
$$HAR,15:37:47,414437004,-927940968,293043,9786840,8333,88,97324,1925,45866,3,0
$$HAR,15:37:50,414436422,-927938707,282568,11886036,4489,88,97454,1926,46328,3,0
$$HAR,15:37:53,414436433,-927937593,272656,6275291,4443,88,97573,1928,46752,3,0
$$HAR,15:37:56,414436915,-927935368,262566,8717298,8139,88,97691,1930,47034,3,0
$$HAR,15:37:59,414436546,-927933568,252942,11357234,2176,88,97813,1931,47249,3,0
$$HAR,15:38:02,414436847,-927932621,244050,5703067,4229,88,97929,1933,47423,3,0
$$HAR,15:38:05,414437378,-927930732,232124,9143844,7867,88,98045,1935,47944,3,0
$$HAR,15:38:08,414436686,-927928588,219564,13040806,4474,88,98161,1938,48248,3,0
$$HAR,15:38:11,414436472,-927928274,217480,13036278,529,107,98284,1940,48387,3,0
$$HAR,15:38:14,414436453,-927928174,219062,13036278,38,93,98375,1942,48789,3,0
$$HAR,15:38:17,414436539,-927928129,219634,13036278,24,88,98441,1944,49492,3,0
$$HAR,15:38:20,414436570,-927928153,219828,13036278,25,88,98499,1945,49995,3,0
$$HAR,15:38:23,414436584,-927928159,219940,13036278,80,88,98538,1947,50173,3,0
$$HAR,15:38:26,414436590,-927928159,220142,13036278,72,88,98563,1948,50161,3,0
$$HAR,15:38:29,414436594,-927928167,220459,13036278,10,88,98589,1949,50041,3,0
$$HAR,15:38:32,414436601,-927928178,220561,13036278,24,88,98605,1950,49859,3,0
$$HAR,15:38:35,414436600,-927928172,220723,13036278,22,88,98618,1951,49654,3,0
$$HAR,15:38:38,414436608,-927928168,220822,13036278,29,88,98626,1951,49437,3,0
$$HAR,15:38:41,414436615,-927928168,220861,13036278,14,88,98632,1952,49242,3,0
$$HAR,15:38:44,414436620,-927928165,221054,13036278,16,88,98636,1952,49043,3,0
$$HAR,15:38:47,414436627,-927928156,220929,13036278,42,88,98642,1953,48862,3,0
$$HAR,15:38:50,414436640,-927928156,220671,13036278,70,88,98646,1953,48696,3,0
$$HAR,15:38:53,414436647,-927928169,220621,13036278,15,88,98648,1953,48560,3,0
$$HAR,15:38:56,414436649,-927928184,220680,13036278,25,88,98650,1953,48461,3,0
$$HAR,15:38:59,414436656,-927928190,220905,13036278,12,88,98652,1953,48363,3,0
$$HAR,15:39:02,414436655,-927928188,221162,13036278,48,88,98652,1953,48288,3,0
$$HAR,15:39:05,414436648,-927928182,221191,13036278,53,88,98654,1954,48218,3,0
$$HAR,15:39:08,414436646,-927928178,221410,13036278,32,88,98654,1953,48147,3,0
$$HAR,15:39:11,414436648,-927928185,221215,13036278,42,88,98654,1953,48078,3,0
$$HAR,15:39:14,414436651,-927928194,220987,13036278,34,88,98654,1953,48012,3,0
$$HAR,15:39:17,414436644,-927928193,220975,13036278,33,88,98656,1953,47949,3,0
$$HAR,15:39:20,414436640,-927928189,220956,13036278,65,88,98656,1953,47895,3,0
$$HAR,15:39:23,414436640,-927928189,220815,13036278,40,94,98656,1953,47851,3,0
$$HAR,15:39:26,414436636,-927928185,220750,13036278,21,94,98656,1953,47809,3,0
$$HAR,15:39:29,414436631,-927928179,220677,13036278,12,94,98656,1953,47778,3,0
$$HAR,15:39:32,414436630,-927928173,220762,13036278,7,94,98657,1953,47784,3,0
$$HAR,15:39:35,414436636,-927928171,220668,13036278,61,94,98656,1953,47815,3,0
$$HAR,15:39:38,414436646,-927928165,220819,13036278,39,98,98657,1953,47839,3,0
$$HAR,15:39:41,414436645,-927928158,220932,13036278,29,98,98657,1953,47851,3,0
$$HAR,15:39:44,414436641,-927928151,220980,13036278,32,94,98657,1953,47907,3,0
$$HAR,15:39:47,414436648,-927928152,220990,13036278,55,98,98657,1953,47956,3,0
$$HAR,15:39:50,414436649,-927928151,221094,13036278,22,94,98657,1954,47990,3,0
$$HAR,15:39:53,414436649,-927928155,221207,13036278,69,94,98657,1954,48002,3,0
$$HAR,15:39:56,414436649,-927928148,221211,13036278,39,94,98657,1954,48052,3,0
$$HAR,15:39:59,414436639,-927928137,221226,13036278,16,94,98657,1954,48101,3,0
$$HAR,15:40:02,414436628,-927928123,221471,13036278,51,94,98657,1954,48137,3,0
$$HAR,15:40:05,414436627,-927928108,221754,13036278,33,94,98657,1954,48205,3,0
$$HAR,15:40:08,414436629,-927928108,222028,13036278,43,94,98659,1954,48254,3,0
$$HAR,15:40:11,414436631,-927928106,222227,13036278,17,94,98659,1954,48266,3,0
$$HAR,15:40:14,414436628,-927928100,222336,13036278,7,94,98659,1954,48280,3,0
$$HAR,15:40:17,414436625,-927928104,222262,13036278,39,94,98661,1955,48328,3,0
$$HAR,15:40:20,414436617,-927928105,222324,13036278,7,94,98661,1955,48464,3,0
$$HAR,15:40:23,414436611,-927928106,222301,13036278,31,94,98661,1955,48631,3,0
$$HAR,15:40:26,414436605,-927928095,222413,13036278,32,94,98661,1955,48736,3,0
$$HAR,15:40:29,414436599,-927928090,222161,13036278,13,94,98661,1955,48797,3,0
$$HAR,15:40:32,414436593,-927928082,222149,13036278,46,94,98661,1955,48884,3,0
$$HAR,15:40:35,414436589,-927928086,221957,13036278,59,94,98661,1956,48937,3,0
$$HAR,15:40:38,414436587,-927928082,221795,13036278,29,94,98659,1956,48949,3,0
$$HAR,15:40:41,414436597,-927928062,221998,13036278,486,108,98659,1956,48994,3,0
$$HAR,15:40:44,414436646,-927927946,223725,13036278,37,99,98659,1956,49091,3,0
$$HAR,15:40:47,414436607,-927928017,223612,13036278,71,96,98663,1957,49196,3,0
$$HAR,15:40:50,414436597,-927928055,223623,13036278,35,96,98661,1957,49265,3,0
$$HAR,15:40:53,414436594,-927928086,223377,13036278,30,96,98661,1957,49334,3,0
$$HAR,15:40:56,414436596,-927928112,223182,13036278,22,96,98661,1958,49375,3,0
$$HAR,15:40:59,414436600,-927928127,223098,13036278,27,96,98661,1958,49361,3,1
$$HAR,15:41:02,414436602,-927928137,223013,13036278,8,96,98663,1958,49369,3,0
$$HAR,15:41:05,414436605,-927928142,223028,13036278,11,96,98661,1959,49448,3,0
$$HAR,15:41:08,414436609,-927928143,223032,13036278,56,96,98661,1959,49529,3,0
$$HAR,15:41:11,414436615,-927928145,223078,13036278,10,96,98661,1959,49617,3,0
$$HAR,15:41:14,414436612,-927928133,223158,13036278,49,96,98661,1960,49711,3,0
$$HAR,15:41:17,414436611,-927928136,223050,13036278,19,92,98663,1960,49810,3,0
$$HAR,15:41:20,414436619,-927928134,223218,13036278,13,92,98663,1961,49953,3,0
$$HAR,15:41:23,414436624,-927928125,223398,13036278,26,92,98661,1961,50108,3,0
$$HAR,15:41:26,414436624,-927928126,223338,13036278,51,92,98661,1962,50189,3,0
$$HAR,15:41:29,414436627,-927928125,223444,13036278,26,92,98661,1962,50220,3,0
$$HAR,15:41:32,414436631,-927928130,223419,13036278,15,92,98663,1963,50230,3,0
$$HAR,15:41:35,414436634,-927928147,223127,13036278,29,92,98663,1963,50242,3,0
$$HAR,15:41:38,414436636,-927928149,222814,13036278,13,100,98661,1964,50249,3,0
$$HAR,15:41:41,414436636,-927928153,222687,13036278,83,100,98665,1964,50267,3,0
$$HAR,15:41:44,414436638,-927928153,222556,13036278,35,100,98665,1965,50347,3,0
$$HAR,15:41:47,414436638,-927928161,222454,13036278,39,100,98665,1965,50438,3,0
$$HAR,15:41:50,414436643,-927928168,222133,13036278,31,100,98663,1966,50551,3,0
$$HAR,15:41:53,414436647,-927928167,222074,13036278,29,100,98665,1967,50649,3,0
$$HAR,15:41:56,414436652,-927928168,221880,13036278,48,100,98665,1967,50705,3,0
$$HAR,15:41:59,414436658,-927928176,221675,13036278,54,100,98663,1968,50737,3,0
$$HAR,15:42:02,414436662,-927928173,221606,13036278,65,100,98665,1969,50739,3,0
$$HAR,15:42:05,414436660,-927928176,221498,13036278,19,100,98665,1969,50758,3,1
$$HAR,15:42:08,414436656,-927928172,221666,13036278,38,100,98663,1970,50825,3,0
$$HAR,15:42:11,414436649,-927928164,221828,13036278,97,100,98665,1971,50918,3,0
$$HAR,15:42:14,414436644,-927928168,221916,13036278,20,100,98665,1971,51063,3,0
$$HAR,15:42:17,414436645,-927928170,222056,13036278,19,100,98667,1972,51154,3,0
$$HAR,15:42:20,414436643,-927928176,222199,13036278,32,101,98665,1973,51166,3,0
$$HAR,15:42:23,414436645,-927928187,222289,13036278,60,101,98665,1974,51158,3,0
$$HAR,15:42:26,414436649,-927928198,222277,13036278,22,101,98665,1974,51201,3,0
$$HAR,15:42:29,414436651,-927928208,222301,13036278,45,101,98665,1975,51295,3,0
$$HAR,15:42:32,414436653,-927928210,222397,13036278,18,101,98667,1976,51367,3,0
$$HAR,15:42:35,414436654,-927928213,222361,13036278,26,101,98667,1977,51454,3,0
$$HAR,15:42:38,414436646,-927928205,222305,13036278,11,101,98665,1978,51551,3,0
$$HAR,15:42:41,414436653,-927928208,222176,13036278,4,101,98667,1978,51645,3,0
$$HAR,15:42:44,414436663,-927928206,222115,13036278,19,101,98667,1979,51740,3,0
$$HAR,15:42:47,414436665,-927928209,221982,13036278,8,101,98671,1980,51843,3,0
$$HAR,15:42:50,414436675,-927928209,221829,13036278,33,101,98669,1981,51901,3,0
$$HAR,15:42:53,414436675,-927928208,221968,13036278,21,101,98671,1982,51913,3,0
$$HAR,15:42:56,414436683,-927928222,221601,13036278,29,101,98669,1983,51930,3,0
$$HAR,15:42:59,414436680,-927928221,221436,13036278,37,101,98669,1984,51948,3,0
$$HAR,15:43:02,414436742,-927928214,220680,13036278,1271,110,98669,1985,52031,3,0
$$HAR,15:43:05,414436655,-927928206,220172,13036278,22,104,98671,1986,52105,3,0
$$HAR,15:43:08,414436711,-927928218,220301,13036278,11,112,98669,1987,52161,3,0
$$HAR,15:43:11,414436701,-927928188,220707,13036278,40,101,98671,1988,52198,3,0
$$HAR,15:43:14,414436705,-927928193,220957,13036278,33,101,98669,1989,52246,3,1
$$HAR,15:43:17,414436703,-927928186,221206,13036278,28,101,98671,1990,52295,3,0
$$HAR,15:43:20,414436706,-927928185,221380,13036278,20,101,98669,1991,52347,3,0
$$HAR,15:43:23,414436704,-927928192,221347,13036278,36,101,98671,1992,52401,3,0
$$HAR,15:43:26,414436700,-927928193,221534,13036278,61,101,98669,1993,52463,3,0
$$HAR,15:43:29,414436698,-927928194,221631,13036278,38,101,98671,1994,52496,3,0
$$HAR,15:43:32,414436692,-927928184,221775,13036278,78,101,98669,1995,52509,3,0
$$HAR,15:43:35,414436689,-927928179,221869,13036278,29,101,98673,1996,52544,3,0
$$HAR,15:43:38,414436699,-927928178,221757,13036278,60,101,98671,1997,52606,3,0
$$HAR,15:43:41,414436700,-927928190,221598,13036278,10,101,98673,1999,52675,3,0
$$HAR,15:43:44,414436690,-927928193,221781,13036278,17,101,98673,2000,52717,3,0
$$HAR,15:43:47,414436695,-927928203,221711,13036278,20,101,98671,2001,52740,3,0
$$HAR,15:43:50,414436691,-927928211,221755,13036278,45,101,98673,2002,52765,3,0
$$HAR,15:43:53,414436684,-927928210,221648,13036278,32,101,98671,2003,52801,3,0
$$HAR,15:43:56,414436681,-927928225,221544,13036278,61,101,98671,2004,52852,3,0
$$HAR,15:43:59,414436685,-927928236,221369,13036278,21,101,98673,2005,52993,3,0
$$HAR,15:44:02,414436688,-927928237,221314,13036278,32,101,98671,2007,53170,3,0
$$HAR,15:44:05,414436699,-927928245,221195,13036278,25,101,98673,2008,53278,3,0
$$HAR,15:44:08,414436702,-927928247,221176,13036278,45,101,98671,2009,53338,3,0
$$HAR,15:44:11,414436721,-927928271,220815,13036278,47,101,98671,2010,53368,3,0
$$HAR,15:44:14,414436719,-927928283,220701,13036278,32,101,98673,2012,53364,3,0
$$HAR,15:44:17,414436713,-927928287,220611,13036278,39,101,98671,2013,53409,3,0
$$HAR,15:44:20,414436713,-927928296,220480,13036278,18,101,98675,2014,53508,3,0
$$HAR,15:44:23,414436718,-927928298,220304,13036278,4,101,98673,2015,53591,3,0
$$HAR,15:44:26,414436713,-927928308,220172,13036278,34,101,98673,2016,53664,3,0
$$HAR,15:44:29,414436704,-927928303,220117,13036278,45,101,98675,2017,53711,3,0
$$HAR,15:44:32,414436697,-927928296,220193,13036278,47,101,98673,2019,53765,3,0
$$HAR,15:44:35,414436687,-927928297,220258,13036278,23,101,98673,2020,53795,3,0
$$HAR,15:44:38,414436673,-927928293,220214,13036278,22,101,98675,2021,53826,3,0
$$HAR,15:44:41,414436663,-927928277,220291,13036278,20,101,98673,2023,53874,3,0
$$HAR,15:44:44,414436642,-927928240,220596,13036278,44,101,98673,2024,53920,3,0
$$HAR,15:44:47,414436623,-927928215,220923,13036278,42,101,98673,2025,53979,3,0
$$HAR,15:44:50,414436618,-927928202,221028,13036278,24,101,98673,2026,54029,3,0
$$HAR,15:44:53,414436607,-927928183,221217,13036278,14,102,98673,2027,54058,3,0
$$HAR,15:44:53,414436607,-927928183,221217,13036278,14,102,98673,2029,54088,3,0
$$HAR,15:44:59,414436589,-927928155,221598,13036278,37,102,98675,2030,54113,3,0
$$HAR,15:45:02,414436580,-927928151,221640,13036278,8,102,98677,2031,54150,3,0
$$HAR,15:45:05,414436576,-927928147,221764,13036278,38,102,98673,2033,54166,3,0
$$HAR,15:45:08,414436576,-927928150,221865,13036278,25,102,98675,2034,54225,3,0
$$HAR,15:45:11,414436571,-927928143,222199,13036278,34,102,98675,2035,54275,3,0
$$HAR,15:45:14,414436570,-927928136,222465,13036278,34,102,98673,2037,54311,3,0
$$HAR,15:45:17,414436565,-927928133,222775,13036278,36,102,98673,2038,54341,3,0
$$HAR,15:45:20,414436557,-927928129,222998,13036278,35,102,98675,2039,54347,3,0
$$HAR,15:45:23,414436548,-927928129,223274,13036278,37,102,98671,2041,54369,3,0
$$HAR,15:45:26,414436548,-927928130,223216,13036278,35,102,98673,2042,54387,3,0
$$HAR,15:45:29,414436553,-927928132,223303,13036278,45,102,98673,2044,54442,3,0
$$HAR,15:45:32,414436555,-927928129,223395,13036278,17,102,98677,2045,54515,3,0
$$HAR,15:45:35,414436559,-927928130,223604,13036278,15,102,98675,2046,54580,3,0
$$HAR,15:45:38,414436561,-927928125,223523,13036278,35,102,98675,2048,54635,3,0
$$HAR,15:45:41,414436563,-927928128,223568,13036278,34,102,98677,2049,54676,3,0
$$HAR,15:45:44,414436562,-927928127,223768,13036278,45,102,98673,2051,54730,3,0
$$HAR,15:45:47,414436576,-927928134,223516,13036278,66,102,98675,2052,54760,3,0
$$HAR,15:45:50,414436582,-927928136,223136,13036278,17,102,98675,2054,54777,3,0
$$HAR,15:45:53,414436586,-927928131,223055,13036278,44,102,98675,2055,54815,3,0
$$HAR,15:45:56,414436597,-927928141,222581,13036278,38,102,98673,2056,54868,3,0
$$HAR,15:45:59,414436603,-927928159,222315,13036278,80,102,98673,2058,54954,3,0
