0$$HAR,13:41:00,420271920,-936539548,262769,15917246,84,123,98353,3008,100000
1$$HAR,13:41:03,420271913,-936539552,262419,15917246,105,123,98351,3009,100000
0$$HAR,13:41:06,420271921,-936539545,262220,15917246,87,127,98355,3011,100000
0$$HAR,13:41:09,420271879,-936539530,261625,15917246,41,127,98355,3012,100000
0$$HAR,13:41:12,420271862,-936539526,261175,15917246,133,133,98357,3014,100000
0$$HAR,13:41:15,420271853,-936539530,261342,15917246,94,127,98355,3015,100000
0$$HAR,13:41:18,420271850,-936539531,261176,15917246,59,127,98355,3016,100000
0$$HAR,13:41:21,420271833,-936539547,261148,15917246,50,127,98355,3018,100000
0$$HAR,13:41:24,420271793,-936539543,260900,15917246,67,127,98355,3020,100000
0$$HAR,13:41:27,420271770,-936539533,260621,15917246,116,127,98353,3021,100000
0$$HAR,13:41:30,420271753,-936539531,260480,15917246,40,127,98353,3022,100000
0$$HAR,13:41:33,420271775,-936539500,260344,15917246,232,127,98355,3024,100000
0$$HAR,13:41:36,420271792,-936539465,260205,9649784,131,127,98351,3025,100000
0$$HAR,13:41:39,420271852,-936539445,261152,9649784,55,116,98355,3027,100000
0$$HAR,13:41:42,420271914,-936539442,261938,9649784,214,116,98355,3028,100000
0$$HAR,13:41:45,420271973,-936539413,262691,9649784,155,116,98353,3029,100000
0$$HAR,13:41:48,420271949,-936539419,262819,9649784,85,122,98355,3031,100000
0$$HAR,13:41:51,420271971,-936539452,262984,9649784,44,113,98355,3032,100000
0$$HAR,13:41:54,420272009,-936539455,263230,9649784,372,133,98355,3034,100000
0$$HAR,13:41:57,420272075,-936539476,264144,9649784,160,118,98353,3035,100000
0$$HAR,13:42:00,420272105,-936539500,264208,9649784,102,121,98353,3037,100000
0$$HAR,13:42:03,420272085,-936539518,263928,9649784,89,116,98353,3039,100000
0$$HAR,13:42:06,420272076,-936539521,264025,9649784,52,116,98355,3040,100000
0$$HAR,13:42:09,420272066,-936539520,263841,14230532,344,110,98353,3041,100000
0$$HAR,13:42:12,420272025,-936539498,263368,14230532,16,116,98355,3043,100000
0$$HAR,13:42:15,420271994,-936539478,263103,14230532,141,116,98355,3044,100000
0$$HAR,13:42:18,420271984,-936539472,262849,14230532,79,110,98355,3046,100000
0$$HAR,13:42:21,420271977,-936539464,262589,14230532,43,122,98353,3047,100000
0$$HAR,13:42:24,420271979,-936539450,262973,14230532,44,118,98353,3049,100000
0$$HAR,13:42:27,420271989,-936539440,263214,14230532,51,110,98353,3050,100000
0$$HAR,13:42:30,420272016,-936539402,263314,14230532,5,118,98353,3052,100000
0$$HAR,13:42:33,420272045,-936539364,263625,14230532,63,118,98351,3053,100000
0$$HAR,13:42:36,420271980,-936539368,263610,20371172,261,115,98353,3055,100000
0$$HAR,13:42:39,420271973,-936539359,263725,20371172,61,115,98351,3056,100000
0$$HAR,13:42:42,420271977,-936539355,263890,20371172,86,115,98349,3057,100000
0$$HAR,13:42:45,420271966,-936539349,263647,20371172,38,148,98353,3059,100000
0$$HAR,13:42:48,420271959,-936539343,263553,20371172,84,121,98353,3060,100000
0$$HAR,13:42:51,420271963,-936539328,263738,20371172,31,127,98351,3061,100000
0$$HAR,13:42:54,420271979,-936539333,263966,20371172,43,127,98351,3063,100000
0$$HAR,13:42:57,420272002,-936539348,264079,20371172,14,121,98353,3064,100000
0$$HAR,13:43:00,420272032,-936539366,264531,20371172,64,115,98351,3066,100000
0$$HAR,13:43:03,420272049,-936539341,264766,20371172,84,115,98351,3067,100000
0$$HAR,13:43:06,420272017,-936539343,264350,20371172,21,110,98353,3068,100000
0$$HAR,13:43:09,420272016,-936539362,264169,20371172,44,115,98349,3070,100000
0$$HAR,13:43:12,420272017,-936539354,264136,20371172,118,115,98351,3071,100000
0$$HAR,13:43:15,420272026,-936539359,264238,20371172,43,115,98351,3073,100000
0$$HAR,13:43:18,420272010,-936539353,264148,20371172,114,118,98355,3074,100000
0$$HAR,13:43:21,420271990,-936539361,264049,20371172,121,115,98353,3075,100000
0$$HAR,13:43:24,420272001,-936539387,264173,20371172,16,126,98353,3077,100000
0$$HAR,13:43:27,420271964,-936539389,263561,20371172,40,126,98353,3078,100000
0$$HAR,13:43:30,420271930,-936539397,263269,20371172,157,126,98351,3080,100000
0$$HAR,13:43:33,420271900,-936539405,263016,20371172,179,115,98351,3081,100000
0$$HAR,13:43:36,420271890,-936539422,262880,20371172,173,115,98351,3083,100000
0$$HAR,13:43:39,420271926,-936539413,262556,28107174,397,115,98351,3084,100000
0$$HAR,13:43:42,420272029,-936539470,262374,33285048,524,115,98349,3086,100000
0$$HAR,13:43:45,420272217,-936539545,262188,34462208,1231,115,98349,3087,100000
0$$HAR,13:43:48,420272386,-936539814,262108,31370384,853,115,98349,3088,100000
0$$HAR,13:43:51,420272564,-936539991,261986,33375178,976,115,98347,3090,100000
1$$HAR,13:43:54,420272679,-936540172,261791,31185248,708,115,98349,3091,100000
0$$HAR,13:43:57,420272804,-936540363,261586,32251482,676,115,98353,3093,100000
0$$HAR,13:44:00,420272997,-936540528,261677,33061414,905,115,98353,3095,100000
0$$HAR,13:44:03,420273239,-936540616,261566,35387308,1149,115,98351,3096,100000
0$$HAR,13:44:06,420273516,-936540633,261543,35699072,1116,115,98351,3098,100000
0$$HAR,13:44:09,420273807,-936540621,261710,35829204,992,107,98353,3099,100000
0$$HAR,13:44:12,420274078,-936540613,262223,35833056,935,107,98353,3101,100000
0$$HAR,13:44:15,420274353,-936540535,263262,344457,904,107,98351,3102,100000
0$$HAR,13:44:18,420274603,-936540466,263327,999288,1135,111,98353,3103,100000
0$$HAR,13:44:21,420274798,-936540411,262893,1765968,152,106,98353,3105,100000
0$$HAR,13:44:24,420274955,-936540486,262660,35105492,1026,106,98353,3107,100000
0$$HAR,13:44:27,420275187,-936540479,262869,227897,703,106,98351,3108,100000
0$$HAR,13:44:30,420275360,-936540434,262752,484082,623,101,98355,3110,100000
0$$HAR,13:44:33,420275405,-936540434,262622,484082,13,106,98355,3111,100000
0$$HAR,13:44:36,420275255,-936540282,262881,9825180,1063,106,98355,3112,100000
0$$HAR,13:44:39,420275210,-936540127,262887,10165576,80,106,98351,3114,100000
0$$HAR,13:44:42,420275237,-936540102,263349,10165576,7,106,98351,3116,100000
0$$HAR,13:44:45,420275259,-936540080,263790,10165576,94,102,98353,3117,100000
0$$HAR,13:44:48,420275277,-936540050,263767,10165576,37,106,98353,3119,100000
0$$HAR,13:44:51,420275299,-936540034,264007,10165576,83,111,98351,3120,100000
0$$HAR,13:44:54,420275296,-936540045,263927,10165576,103,106,98351,3122,100000
0$$HAR,13:44:57,420275317,-936540022,264312,10165576,28,106,98351,3123,100000
0$$HAR,13:45:00,420275339,-936540019,264767,10165576,53,106,98355,3125,100000
0$$HAR,13:45:03,420275363,-936540003,265279,10165576,44,106,98353,3126,100000
0$$HAR,13:45:06,420275388,-936539993,265719,10165576,33,112,98353,3128,100000
0$$HAR,13:45:09,420275400,-936539987,266176,10165576,76,106,98353,3129,100000
0$$HAR,13:45:12,420275383,-936540000,265903,10165576,120,112,98353,3131,100000
0$$HAR,13:45:15,420275377,-936539998,265952,10165576,55,112,98351,3132,100000
0$$HAR,13:45:18,420275361,-936539992,265727,10165576,71,106,98351,3133,100000
0$$HAR,13:45:21,420275346,-936540000,265534,10165576,129,106,98351,3135,100000
1$$HAR,13:45:24,420275328,-936539965,265540,10165576,130,106,98349,3137,100000
0$$HAR,13:45:27,420275324,-936539965,265568,10165576,25,106,98349,3138,100000
0$$HAR,13:45:30,420275321,-936539975,265569,10165576,63,106,98351,3139,100000
0$$HAR,13:45:33,420275307,-936539991,265447,10165576,27,111,98353,3141,100000
0$$HAR,13:45:36,420275313,-936539990,266012,10165576,40,106,98351,3142,100000
0$$HAR,13:45:39,420275307,-936540014,266187,10165576,4,106,98351,3144,100000
0$$HAR,13:45:42,420275329,-936540028,266733,10165576,232,106,98351,3145,100000
0$$HAR,13:45:45,420275329,-936540044,266649,10165576,166,106,98351,3147,100000
0$$HAR,13:45:48,420275329,-936540066,266558,10165576,112,106,98347,3149,100000
0$$HAR,13:45:51,420275329,-936540074,265826,10165576,74,108,98347,3150,100000
0$$HAR,13:45:54,420275351,-936540094,265114,3636415,323,108,98347,3152,100000
0$$HAR,13:45:57,420275415,-936540091,264672,3636436,201,106,98349,3153,100000
0$$HAR,13:46:00,420275434,-936540106,264364,2137207,144,106,98349,3155,100000
0$$HAR,13:46:03,420275443,-936540128,264179,2137207,294,106,98345,3156,100000
0$$HAR,13:46:06,420275449,-936540160,263798,2137207,17,106,98349,3158,100000
0$$HAR,13:46:09,420275448,-936540162,263591,2137207,56,106,98349,3160,100000
0$$HAR,13:46:12,420275463,-936540136,263087,2137207,158,106,98349,3161,100000
0$$HAR,13:46:15,420275464,-936540129,262984,2137207,16,106,98349,3163,100000
0$$HAR,13:46:18,420275454,-936540134,262950,2137207,75,106,98347,3165,100000
0$$HAR,13:46:21,420275471,-936540103,262572,2137207,248,106,98347,3166,100000
0$$HAR,13:46:24,420275488,-936540105,262097,2137207,139,110,98349,3168,100000
0$$HAR,13:46:27,420275524,-936540101,261490,2137207,86,105,98349,3169,100000
0$$HAR,13:46:30,420275526,-936540115,260726,2137207,26,105,98347,3171,100000
0$$HAR,13:46:33,420275543,-936540093,260726,2137207,278,105,98349,3172,100000
0$$HAR,13:46:36,420275567,-936540077,260913,2137207,61,105,98349,3174,100000
0$$HAR,13:46:39,420275578,-936540072,261513,2137207,48,105,98353,3176,100000
0$$HAR,13:46:42,420275590,-936540047,261979,10789518,8,105,98353,3178,100000
0$$HAR,13:46:45,420275574,-936540030,263182,10789518,103,105,98349,3179,100000
0$$HAR,13:46:48,420275565,-936540035,263284,10789518,92,105,98349,3181,100000
0$$HAR,13:46:51,420275566,-936540006,263381,10789518,92,105,98349,3182,100000
0$$HAR,13:46:54,420275569,-936539994,263456,10789518,58,105,98349,3184,100000
0$$HAR,13:46:57,420275580,-936539966,263583,10789518,128,105,98347,3185,100000
0$$HAR,13:47:00,420275565,-936539978,264106,10789518,128,105,98345,3186,100000
0$$HAR,13:47:03,420275571,-936539977,263969,10789518,95,105,98345,3188,100000
0$$HAR,13:47:06,420275569,-936539979,263613,10789518,60,105,98345,3190,100000
0$$HAR,13:47:09,420275555,-936539956,269476,10789518,147,105,98341,3191,100000
0$$HAR,13:47:12,420276269,-936539798,289346,409399,5967,100,98328,3192,100000
0$$HAR,13:47:15,420277885,-936540010,308329,35719984,1338,100,98251,3193,100000
0$$HAR,13:47:18,420277930,-936538168,327540,6679910,7941,100,98141,3194,100000
0$$HAR,13:47:21,420278343,-936537886,350723,24817558,2949,100,98010,3194,100000
0$$HAR,13:47:24,420278211,-936537344,370710,4443715,8546,100,97846,3194,100000
0$$HAR,13:47:27,420279470,-936535868,391301,1707002,1341,100,97664,3193,100000
0$$HAR,13:47:30,420279332,-936535870,412101,4640092,6821,100,97481,3192,100000
0$$HAR,13:47:33,420279898,-936533323,430562,11820650,6067,100,97273,3190,100000
0$$HAR,13:47:36,420279450,-936533301,449264,35518864,4815,100,97071,3188,100000
1$$HAR,13:47:39,420280251,-936531448,467928,11000590,7340,95,96863,3185,100000
0$$HAR,13:47:42,420279138,-936530076,484976,15368138,2794,95,96653,3183,100000
0$$HAR,13:47:45,420278799,-936530534,503312,24924076,958,95,96457,3180,100000
0$$HAR,13:47:48,420279552,-936529594,520994,8392078,4959,95,96250,3177,100000
0$$HAR,13:47:51,420278481,-936528589,541644,20243356,4378,95,96050,3174,100000
0$$HAR,13:47:54,420279144,-936528358,560904,6566553,8155,95,95840,3171,100000
0$$HAR,13:47:57,420278905,-936525417,577187,10153774,5563,95,95634,3168,100000
0$$HAR,13:48:00,420278354,-936523869,596322,16114194,6409,95,95438,3165,100000
0$$HAR,13:48:03,420278207,-936523439,617345,2183273,5908,95,95238,3161,100000
0$$HAR,13:48:06,420278654,-936522009,639702,11344204,8080,95,95028,3157,100000
0$$HAR,13:48:09,420278763,-936519302,659495,4472352,5492,95,94808,3154,100000
0$$HAR,13:48:12,420278131,-936517981,682145,13954122,9721,95,94590,3151,100000
0$$HAR,13:48:15,420277579,-936515454,702377,5646498,9064,95,94382,3148,100000
0$$HAR,13:48:18,420278326,-936512548,720291,11344806,9275,100,94171,3145,100000
0$$HAR,13:48:21,420277703,-936510015,739892,7745478,3307,95,93961,3142,100000
0$$HAR,13:48:24,420278501,-936509179,760344,9502222,8384,95,93749,3139,100000
0$$HAR,13:48:27,420278117,-936505995,780592,5224580,6348,95,93533,3136,100000
0$$HAR,13:48:30,420279356,-936505183,797799,3322262,3280,95,93316,3132,100000
1$$HAR,13:48:33,420279796,-936501433,815122,5826885,15683,95,93114,3127,100000
0$$HAR,13:48:36,420280966,-936498773,833108,11068794,6865,95,92906,3123,100000
0$$HAR,13:48:39,420280799,-936494956,850548,6902588,13773,95,92698,3119,100000
0$$HAR,13:48:42,420282553,-936490884,869606,7523705,11910,95,92494,3115,100000
0$$HAR,13:48:45,420282665,-936485888,887192,8479438,14005,95,92291,3112,100000
0$$HAR,13:48:48,420283925,-936482133,908449,5961011,7997,95,92094,3108,100000
0$$HAR,13:48:51,420286286,-936478266,925808,5735513,22565,95,91888,3104,100000
0$$HAR,13:48:54,420287949,-936472431,943184,8141539,11595,95,91689,3100,100000
0$$HAR,13:48:57,420288635,-936467425,962475,6868730,18407,95,91493,3096,100000
0$$HAR,13:49:00,420291171,-936461411,981888,5930184,15130,95,91306,3093,100000
0$$HAR,13:49:03,420292541,-936457940,999333,7187116,11423,91,91109,3088,100000
0$$HAR,13:49:06,420293556,-936452049,1019040,7985731,18741,91,90913,3085,100000
0$$HAR,13:49:09,420295576,-936447131,1038186,3808164,13458,91,90721,3082,100000
0$$HAR,13:49:12,420297320,-936442282,1058928,7884560,19245,91,90529,3079,100000
0$$HAR,13:49:15,420297660,-936437306,1078570,8050770,6599,91,90331,3076,100000
0$$HAR,13:49:18,420298973,-936433448,1098438,6464083,18361,91,90129,3073,100000
0$$HAR,13:49:21,420300670,-936428183,1118105,6408388,9510,91,89930,3070,100000
0$$HAR,13:49:24,420301114,-936425198,1136800,9613962,12086,91,89730,3066,100000
0$$HAR,13:49:27,420301556,-936419547,1154794,7249781,16569,91,89530,3063,100000
0$$HAR,13:49:30,420303405,-936415718,1172845,4896463,9307,91,89332,3060,100000
0$$HAR,13:49:33,420304028,-936411244,1193944,9093614,16805,91,89131,3057,100000
0$$HAR,13:49:36,420304395,-936406968,1216163,4499191,7830,91,88929,3054,100000
0$$HAR,13:49:39,420305999,-936403610,1238684,8271268,15674,91,88727,3051,100000
0$$HAR,13:49:42,420306152,-936399009,1260109,5868056,6883,88,88516,3047,100000
0$$HAR,13:49:45,420307132,-936396856,1280043,9167282,9550,88,88310,3044,100000
0$$HAR,13:49:48,420307182,-936392692,1301966,7484233,14777,88,88101,3040,100000
0$$HAR,13:49:51,420308865,-936387975,1321218,5349265,10067,88,87890,3036,100000
0$$HAR,13:49:54,420309711,-936386040,1339969,8909424,7812,88,87682,3033,100000
0$$HAR,13:49:57,420310040,-936382010,1362405,7050941,13796,88,87486,3030,100000
0$$HAR,13:50:00,420312010,-936378494,1381973,4922302,6199,88,87277,3027,100000
0$$HAR,13:50:03,420311965,-936376222,1401061,8708620,10263,88,87068,3024,100000
0$$HAR,13:50:06,420313099,-936372073,1423780,6245238,10866,88,86860,3021,100000
0$$HAR,13:50:09,420312793,-936369371,1444161,11344716,9596,88,86651,3018,100000
0$$HAR,13:50:12,420313466,-936365177,1464916,5206777,14348,88,86449,3015,100000
0$$HAR,13:50:15,420314395,-936362009,1486545,11245592,8379,88,86236,3013,100000
0$$HAR,13:50:18,420314658,-936359742,1508832,3438961,11010,87,86025,3010,100000
0$$HAR,13:50:21,420315662,-936355641,1530662,11131554,12087,87,85806,3006,100000
0$$HAR,13:50:24,420315823,-936352958,1552833,4891850,10947,87,85593,3003,100000
0$$HAR,13:50:27,420316941,-936349206,1575090,10603512,9920,87,85376,3000,100000
0$$HAR,13:50:30,420316495,-936346948,1594499,6908674,8918,87,85160,2996,100000
0$$HAR,13:50:33,420318284,-936344158,1614338,3622893,9662,87,84943,2993,100000
0$$HAR,13:50:36,420319462,-936340898,1639980,9230110,11472,93,84726,2990,100000
0$$HAR,13:50:39,420319402,-936338260,1662667,3716104,3757,91,84517,2988,100000
0$$HAR,13:50:42,420320897,-936337021,1683595,6284629,11493,91,84304,2985,100000
0$$HAR,13:50:45,420321943,-936332787,1700903,6675949,9054,91,84089,2983,100000
0$$HAR,13:50:48,420323262,-936329384,1720836,5809378,12741,91,83893,2980,100000
0$$HAR,13:50:51,420325251,-936327067,1739791,2252133,4733,91,83694,2977,100000
0$$HAR,13:50:54,420325194,-936325397,1759979,9457992,8139,91,83491,2975,100000
0$$HAR,13:50:57,420325432,-936321986,1779379,8036177,11654,90,83294,2972,100000
0$$HAR,13:51:00,420327026,-936319291,1800546,1261798,6678,90,83105,2970,100000
0$$HAR,13:51:03,420327174,-936317741,1820770,10639228,9789,90,82906,2968,100000
0$$HAR,13:51:06,420327708,-936314610,1842744,4424179,9688,91,82711,2966,100000
0$$HAR,13:51:09,420329443,-936311927,1864916,8761466,6400,91,82512,2964,100000
0$$HAR,13:51:12,420328948,-936309460,1886651,7428742,10668,88,82312,2961,100000
0$$HAR,13:51:15,420330621,-936305689,1907217,7322149,7381,88,82109,2959,100000
0$$HAR,13:51:18,420330393,-936304060,1928572,6651571,6488,88,81900,2957,100000
0$$HAR,13:51:21,420331750,-936300638,1951036,7664226,12832,88,81697,2955,100000
0$$HAR,13:51:24,420331581,-936296282,1970334,10595210,7477,88,81492,2952,100000
0$$HAR,13:51:27,420331770,-936294511,1989457,6737201,8219,88,81300,2950,100000
0$$HAR,13:51:30,420332824,-936290339,2010630,7340865,15531,88,81105,2948,100000
0$$HAR,13:51:33,420333446,-936287018,2032792,7840351,1418,88,80908,2946,100000
0$$HAR,13:51:36,420334344,-936284841,2053752,7546749,14130,88,80709,2943,100000
0$$HAR,13:51:39,420335662,-936280949,2076715,4658392,5882,88,80502,2941,100000
0$$HAR,13:51:42,420336294,-936279360,2098025,6763176,11408,88,80304,2938,100000
0$$HAR,13:51:45,420338178,-936276030,2119023,2321505,8539,88,80101,2936,100000
0$$HAR,13:51:48,420339165,-936274354,2142165,8795316,11351,88,79900,2933,100000
0$$HAR,13:51:51,420339533,-936270244,2162993,6531160,6177,88,79693,2930,100000
0$$HAR,13:51:54,420340940,-936269026,2182347,5781609,8505,88,79495,2927,100000
0$$HAR,13:51:57,420341626,-936264925,2204399,7532302,8756,88,79288,2924,100000
0$$HAR,13:52:00,420342088,-936263963,2224916,7141703,2858,88,79086,2921,100000
0$$HAR,13:52:03,420342521,-936260411,2247303,6591607,12992,88,78885,2919,100000
0$$HAR,13:52:06,420343704,-936258087,2269934,7014981,2969,88,78690,2916,100000
0$$HAR,13:52:09,420343155,-936255711,2291854,7994910,10114,88,78492,2913,100000
0$$HAR,13:52:12,420344409,-936251241,2310285,7062481,11554,88,78289,2911,100000
0$$HAR,13:52:15,420345673,-936249011,2332528,2925206,10569,88,78092,2908,100000
0$$HAR,13:52:18,420347129,-936244864,2352123,9067594,13723,88,77902,2905,100000
0$$HAR,13:52:21,420347442,-936242116,2372283,4934154,4388,88,77717,2902,100000
0$$HAR,13:52:24,420348388,-936239847,2394003,8509570,10750,88,77530,2900,100000
0$$HAR,13:52:27,420348250,-936236382,2412975,7295173,9757,88,77339,2897,100000
0$$HAR,13:52:30,420350575,-936232456,2434061,4220453,11871,88,77150,2895,100000
0$$HAR,13:52:33,420351313,-936230697,2451966,6773526,6205,88,76962,2892,100000
0$$HAR,13:52:36,420353759,-936227025,2473802,4944704,14667,88,76775,2889,100000
0$$HAR,13:52:39,420354602,-936224560,2493693,7593092,4465,88,76590,2886,100000
0$$HAR,13:52:42,420356381,-936220890,2515181,5991512,18145,88,76405,2884,100000
0$$HAR,13:52:45,420358269,-936216590,2536720,5156789,9978,88,76225,2881,100000
0$$HAR,13:52:48,420360964,-936212950,2557852,3585364,16660,88,76038,2878,100000
0$$HAR,13:52:51,420362862,-936210820,2578311,6054488,4745,88,75843,2876,100000
0$$HAR,13:52:54,420364099,-936207128,2597728,5555389,17312,88,75655,2872,100000
0$$HAR,13:52:57,420366847,-936203789,2616823,2293875,9828,88,75474,2868,100000
0$$HAR,13:53:00,420369006,-936201621,2638128,6287272,11756,88,75291,2866,100000
0$$HAR,13:53:03,420370421,-936196992,2659150,5151800,16460,88,75106,2862,100000
0$$HAR,13:53:06,420373781,-936194207,2679026,2870230,11140,88,74927,2859,100000
0$$HAR,13:53:09,420375355,-936191592,2698964,6405609,7788,88,74745,2855,100000
0$$HAR,13:53:12,420376950,-936187769,2719692,5463218,17961,96,74564,2852,100000
0$$HAR,13:53:15,420379784,-936183920,2742616,4416833,7672,88,74389,2848,100000
1$$HAR,13:53:18,420380558,-936180387,2760527,6593049,14531,88,74196,2845,100000
0$$HAR,13:53:21,420383804,-936176493,2781866,3566683,14847,88,74010,2842,100000
0$$HAR,13:53:24,420385424,-936173332,2805571,6710120,8638,88,73825,2838,100000
0$$HAR,13:53:27,420387508,-936171611,2826410,1594116,14882,88,73644,2835,100000
0$$HAR,13:53:30,420390995,-936168658,2844492,4795270,13782,88,73462,2831,100000
0$$HAR,13:53:33,420393122,-936165550,2867778,4525728,7601,88,73287,2828,100000
0$$HAR,13:53:36,420394935,-936164095,2889204,3415072,15284,88,73101,2825,100000
0$$HAR,13:53:39,420398267,-936159754,2907872,4960991,11533,88,72919,2821,100000
1$$HAR,13:53:42,420399737,-936157633,2928676,4917396,8738,88,72739,2818,100000
0$$HAR,13:53:45,420402086,-936155684,2949994,768806,11475,88,72556,2815,100000
0$$HAR,13:53:48,420405112,-936154115,2971661,4968996,15161,88,72383,2813,100000
0$$HAR,13:53:51,420407856,-936149731,2992012,3281297,12193,88,72199,2810,100000
0$$HAR,13:53:54,420410386,-936148647,3010940,1289817,7504,88,72022,2807,100000
0$$HAR,13:53:57,420411892,-936146371,3030735,6744926,13045,88,71847,2803,100000
0$$HAR,13:54:00,420413884,-936143271,3052264,1296596,7301,88,71670,2801,100000
0$$HAR,13:54:03,420416046,-936142440,3072149,3541345,14012,88,71492,2798,100000
0$$HAR,13:54:06,420419440,-936139046,3089828,3421888,12527,88,71312,2795,100000
0$$HAR,13:54:09,420421590,-936137515,3112102,1130518,5411,88,71136,2792,100000
0$$HAR,13:54:12,420423489,-936134822,3135389,4605425,18554,90,70962,2789,100000
0$$HAR,13:54:15,420426719,-936132294,3155116,1085380,6709,88,70778,2785,100000
0$$HAR,13:54:18,420428672,-936131043,3177309,3404184,12749,88,70604,2782,100000
0$$HAR,13:54:21,420431829,-936128149,3198775,4157117,15741,89,70424,2779,100000
0$$HAR,13:54:24,420433908,-936124367,3217321,4452165,7920,89,70242,2776,100000
0$$HAR,13:54:27,420436243,-936123395,3238312,1361958,11998,89,70072,2772,100000
0$$HAR,13:54:30,420439480,-936120244,3256043,5502515,14002,89,69896,2769,100000
0$$HAR,13:54:33,420441670,-936118236,3278489,713953,10217,89,69723,2766,100000
1$$HAR,13:54:36,420443674,-936117636,3298379,5776744,6233,89,69554,2762,100000
0$$HAR,13:54:39,420444892,-936114378,3317939,4878510,14252,89,69378,2757,100000
0$$HAR,13:54:42,420448083,-936112006,3337295,2780962,9947,89,69203,2754,100000
0$$HAR,13:54:45,420449084,-936109617,3357564,7064712,6927,89,69034,2750,100000
0$$HAR,13:54:48,420451832,-936107073,3378676,2284669,16107,89,68860,2746,100000
0$$HAR,13:54:51,420453250,-936104831,3400699,8786810,6287,89,68683,2743,100000
0$$HAR,13:54:54,420455896,-936103042,3423284,2255352,17899,89,68505,2739,100000
0$$HAR,13:54:57,420458007,-936100480,3444552,7021198,3644,89,68334,2735,100000
0$$HAR,13:55:00,420460073,-936099546,3464840,1453498,14486,89,68157,2731,100000
0$$HAR,13:55:03,420463178,-936097640,3484438,4798776,10113,89,67981,2726,100000
0$$HAR,13:55:06,420464701,-936095522,3507147,1146114,6233,89,67808,2722,100000
0$$HAR,13:55:09,420467318,-936094790,3528875,3381558,14634,89,67634,2717,100000
0$$HAR,13:55:12,420469990,-936090800,3549140,3878928,9843,89,67455,2712,100000
0$$HAR,13:55:15,420472070,-936089877,3571343,3475136,7766,89,67282,2707,100000
0$$HAR,13:55:18,420474227,-936085795,3593616,5769174,15366,89,67106,2701,100000
0$$HAR,13:55:21,420476224,-936083915,3618557,4154813,7471,89,66928,2696,100000
0$$HAR,13:55:24,420477753,-936079589,3638727,5466495,14915,90,66746,2691,100000
0$$HAR,13:55:27,420480010,-936078274,3660461,2777458,4433,89,66568,2686,100000
0$$HAR,13:55:30,420481308,-936075282,3682873,4321995,14983,90,66390,2681,100000
0$$HAR,13:55:33,420484443,-936072751,3703511,1620590,9638,89,66212,2675,100000
0$$HAR,13:55:36,420486113,-936071353,3724968,4541259,11210,89,66041,2668,100000
0$$HAR,13:55:39,420489262,-936068442,3745172,2155187,14457,89,65866,2661,100000
0$$HAR,13:55:42,420491508,-936067226,3765029,4298362,4520,89,65694,2655,100000
0$$HAR,13:55:45,420492406,-936064687,3784602,4782507,11030,91,65527,2650,100000
0$$HAR,13:55:48,420495041,-936061606,3807580,2187464,14801,91,65359,2644,100000
0$$HAR,13:55:51,420497336,-936060796,3826329,4689541,5001,89,65190,2640,100000
0$$HAR,13:55:54,420498743,-936058027,3848012,4491752,13866,89,65027,2636,100000
0$$HAR,13:55:57,420501650,-936054946,3870378,3361627,6986,89,64859,2632,100000
0$$HAR,13:56:00,420502641,-936053305,3893732,4656615,12433,89,64683,2628,100000
0$$HAR,13:56:03,420505750,-936049789,3915196,3820998,8629,89,64509,2624,100000
0$$HAR,13:56:06,420506776,-936048577,3936130,3061939,9743,89,64333,2621,100000
0$$HAR,13:56:09,420509134,-936045188,3958584,7297209,13223,89,64161,2616,100000
0$$HAR,13:56:12,420510265,-936042752,3980269,1171512,9013,89,63990,2613,100000
0$$HAR,13:56:15,420512645,-936041638,4000393,4896028,8927,89,63820,2608,100000
0$$HAR,13:56:18,420514396,-936037904,4021574,5601007,12817,89,63649,2603,100000
0$$HAR,13:56:21,420515212,-936035794,4041468,7724640,1630,89,63482,2598,100000
0$$HAR,13:56:24,420516888,-936033577,4064594,4030337,13587,89,63314,2593,100000
0$$HAR,13:56:27,420519195,-936031844,4087614,3262874,3984,89,63142,2588,100000
0$$HAR,13:56:30,420519570,-936029478,4107021,6181186,11917,89,62970,2580,100000
0$$HAR,13:56:33,420521814,-936025968,4131455,4306483,7741,89,62802,2573,100000
0$$HAR,13:56:36,420523086,-936025152,4152464,3599883,9683,89,62632,2568,100000
0$$HAR,13:56:39,420525431,-936021365,4176665,6608820,11917,89,62463,2562,100000
0$$HAR,13:56:42,420526668,-936018618,4203412,2692663,10913,89,62293,2557,100000
0$$HAR,13:56:45,420529968,-936016250,4225846,5373748,14988,89,62115,2552,100000
0$$HAR,13:56:48,420531012,-936012235,4246324,4694721,8021,89,61941,2547,100000
0$$HAR,13:56:51,420533409,-936010948,4266387,2785435,8720,89,61770,2542,100000
0$$HAR,13:56:54,420534718,-936008813,4288979,6647610,11985,89,61602,2538,100000
0$$HAR,13:56:57,420536871,-936004149,4307687,4423854,11510,89,61434,2532,100000
0$$HAR,13:57:00,420539048,-936002083,4328842,2513210,13193,89,61268,2528,100000
0$$HAR,13:57:03,420542078,-935999613,4350643,5943082,9471,89,61106,2522,100000
0$$HAR,13:57:06,420542851,-935995985,4371889,6301129,14833,89,60936,2517,100000
0$$HAR,13:57:09,420545565,-935993490,4393951,343532,6700,89,60772,2512,100000
0$$HAR,13:57:12,420546704,-935991843,4413169,7212747,10875,89,60604,2506,100000
0$$HAR,13:57:15,420548204,-935988398,4436642,3476995,8025,89,60445,2502,100000
0$$HAR,13:57:18,420550483,-935987553,4457055,2943271,13900,89,60279,2496,100000
0$$HAR,13:57:21,420553143,-935983217,4475405,5637010,12442,89,60113,2491,100000
0$$HAR,13:57:24,420555378,-935980701,4500490,4521035,8341,89,59953,2486,100000
0$$HAR,13:57:27,420555999,-935979126,4522986,3188557,7250,89,59781,2480,100000
0$$HAR,13:57:30,420559142,-935976195,4544745,3773067,15728,89,59620,2475,100000
0$$HAR,13:57:33,420560595,-935972840,4566123,8125436,9738,89,59458,2468,100000
0$$HAR,13:57:36,420561977,-935970546,4587954,3096983,7654,89,59296,2462,100000
0$$HAR,13:57:39,420563803,-935969691,4605809,2065240,8701,89,59136,2458,100000
0$$HAR,13:57:42,420566684,-935967287,4626544,4482397,15643,89,58982,2453,100000
0$$HAR,13:57:45,420568180,-935962913,4647285,6970466,8927,89,58828,2449,100000
0$$HAR,13:57:48,420569763,-935961387,4667721,2049547,8825,89,58672,2444,100000
0$$HAR,13:57:51,420572159,-935957832,4689351,5551801,17554,89,58518,2438,100000
0$$HAR,13:57:54,420573780,-935955260,4711911,3975721,2311,89,58360,2432,100000
0$$HAR,13:57:57,420575441,-935952834,4734673,5433067,17491,89,58204,2426,100000
0$$HAR,13:58:00,420576517,-935948788,4756338,9162608,3671,89,58045,2420,100000
0$$HAR,13:58:03,420577580,-935945751,4779632,7051440,15572,89,57885,2413,100000
0$$HAR,13:58:06,420580053,-935942585,4800429,1050865,12573,89,57718,2408,100000
0$$HAR,13:58:09,420581451,-935939446,4823006,8673700,14577,89,57560,2402,100000
0$$HAR,13:58:12,420583906,-935935370,4845629,2409885,11677,89,57393,2396,100000
0$$HAR,13:58:15,420584490,-935932221,4869308,9426232,14353,108,57231,2390,100000
0$$HAR,13:58:18,420586998,-935928387,4891344,1874299,9924,91,57066,2382,100000
0$$HAR,13:58:21,420588796,-935924830,4915309,5783272,17952,91,56908,2375,100000
0$$HAR,13:58:24,420591460,-935920394,4938639,4812376,9200,91,56743,2369,100000
0$$HAR,13:58:27,420592977,-935918738,4959121,4798700,11261,91,56578,2363,100000
0$$HAR,13:58:30,420595028,-935913710,4980011,6138731,15060,91,56418,2356,100000
0$$HAR,13:58:33,420596545,-935911148,5001964,5991818,4052,91,56258,2351,100000
0$$HAR,13:58:36,420597198,-935907242,5023381,7154455,16221,91,56105,2343,100000
0$$HAR,13:58:39,420599070,-935902677,5041627,4154189,11930,91,55947,2337,100000
0$$HAR,13:58:42,420600457,-935899389,5064930,10002666,11310,89,55801,2332,100000
0$$HAR,13:58:45,420600518,-935895936,5089977,5191939,11065,89,55648,2327,100000
0$$HAR,13:58:48,420601996,-935891226,5110665,9295346,15590,89,55491,2322,100000
0$$HAR,13:58:51,420601841,-935887441,5131893,5436578,8217,89,55335,2317,100000
0$$HAR,13:58:54,420602875,-935884740,5155047,9676746,12511,89,55182,2312,100000
0$$HAR,13:58:57,420602414,-935879830,5177666,7004995,10821,89,55023,2307,100000
0$$HAR,13:59:00,420603942,-935876895,5200413,9204914,11516,89,54865,2301,100000
0$$HAR,13:59:03,420602922,-935871758,5220177,9937636,11662,89,54705,2295,100000
0$$HAR,13:59:06,420603609,-935868951,5243502,7117097,11331,89,54553,2289,100000
0$$HAR,13:59:09,420603430,-935863357,5262967,9120242,13872,89,54394,2283,100000
0$$HAR,13:59:12,420604442,-935860172,5286404,7493819,7045,89,54241,2276,100000
0$$HAR,13:59:15,420604524,-935856546,5311496,8338162,16055,89,54089,2268,100000
0$$HAR,13:59:18,420604733,-935851169,5334308,9851312,6603,89,53932,2261,100000
0$$HAR,13:59:21,420603926,-935849024,5355866,10659634,11729,89,53777,2253,100000
0$$HAR,13:59:24,420603713,-935843997,5377473,7382109,13589,89,53626,2245,100000
0$$HAR,13:59:27,420604760,-935841233,5396503,9425404,5854,89,53474,2239,100000
0$$HAR,13:59:30,420604109,-935838161,5419259,12104442,11018,89,53329,2231,100000
0$$HAR,13:59:33,420603123,-935834266,5443124,8401930,8367,89,53181,2225,100000
0$$HAR,13:59:36,420602707,-935830723,5466096,11298026,15361,89,53028,2218,100000
0$$HAR,13:59:39,420600992,-935826673,5483343,12183186,6359,89,52872,2213,100000
0$$HAR,13:59:42,420600649,-935824576,5506618,8572222,7415,89,52728,2207,100000
0$$HAR,13:59:45,420601095,-935820967,5527018,7798721,14950,89,52576,2203,100000
0$$HAR,13:59:48,420600458,-935816541,5548567,13399202,10628,89,52426,2197,100000
0$$HAR,13:59:51,420599145,-935814242,5570094,8418504,5386,89,52280,2194,100000
0$$HAR,13:59:54,420599703,-935811194,5593143,9327252,13274,89,52129,2188,100000
0$$HAR,13:59:57,420598374,-935806683,5610935,11723498,9496,89,51980,2182,100000
0$$HAR,14:00:00,420597355,-935804334,5632859,14065736,4722,89,51838,2177,100000
1$$HAR,14:00:03,420596980,-935802907,5653237,9559632,7089,89,51694,2173,100000
0$$HAR,14:00:06,420596457,-935800374,5679605,11390562,9433,89,51555,2167,100000
0$$HAR,14:00:09,420595547,-935795404,5698705,9582832,14860,89,51406,2163,100000
0$$HAR,14:00:12,420595399,-935792927,5719588,8429440,3554,89,51261,2158,100000
0$$HAR,14:00:15,420594444,-935791047,5739196,14310602,9919,89,51119,2151,100000
0$$HAR,14:00:18,420593564,-935787680,5762341,8448478,12443,89,50981,2148,100000
0$$HAR,14:00:21,420593510,-935784743,5782920,14382608,4915,89,50839,2144,100000
0$$HAR,14:00:24,420591914,-935782739,5805370,10914876,13412,89,50698,2140,100000
0$$HAR,14:00:27,420590476,-935779208,5828094,14338132,4666,89,50553,2135,100000
0$$HAR,14:00:30,420588877,-935778011,5849773,13029788,13993,89,50409,2130,100000
0$$HAR,14:00:33,420587596,-935774037,5872382,8356998,5760,89,50263,2125,100000
0$$HAR,14:00:36,420587325,-935772505,5893771,14078064,5837,89,50116,2121,100000
0$$HAR,14:00:39,420587389,-935770436,5913296,7828969,10996,89,49975,2115,100000
0$$HAR,14:00:42,420586425,-935766852,5936955,13025944,10204,89,49836,2109,100000
0$$HAR,14:00:45,420584390,-935763174,5958749,11991802,13616,95,49695,2104,100000
0$$HAR,14:00:48,420584181,-935758613,5979599,6122611,12023,89,49554,2099,100000
0$$HAR,14:00:51,420583703,-935756433,5999542,14062486,10498,89,49411,2095,100000
0$$HAR,14:00:54,420582286,-935752374,6020185,10195720,15906,89,49273,2088,100000
0$$HAR,14:00:57,420581677,-935747488,6042172,9584610,8979,89,49135,2084,100000
0$$HAR,14:01:00,420581343,-935745115,6065241,13232850,9352,89,49001,2081,100000
0$$HAR,14:01:03,420579200,-935740398,6084917,9951222,15818,89,48859,2078,100000
0$$HAR,14:01:06,420579431,-935735247,6104640,8662328,14661,89,48723,2074,100000
0$$HAR,14:01:09,420579088,-935731036,6128378,11507252,7518,89,48589,2070,100000
0$$HAR,14:01:12,420577727,-935727922,6150514,10527124,17341,89,48454,2068,100000
0$$HAR,14:01:15,420577672,-935721465,6171332,8968364,12307,89,48316,2065,100000
0$$HAR,14:01:18,420578031,-935717832,6190751,6850520,12392,89,48180,2060,100000
0$$HAR,14:01:21,420578811,-935712785,6212034,8698196,16865,89,48050,2057,100000
0$$HAR,14:01:24,420578772,-935705744,6232476,8485454,16508,89,47921,2055,100000
0$$HAR,14:01:27,420579852,-935700890,6255123,7938326,14048,89,47789,2052,100000
0$$HAR,14:01:30,420578562,-935695614,6275488,11609350,17300,89,47658,2048,100000
0$$HAR,14:01:33,420578687,-935689380,6296363,7834224,19745,89,47526,2045,100000
0$$HAR,14:01:36,420578112,-935683384,6318103,11854344,15464,89,47394,2042,100000
0$$HAR,14:01:39,420576825,-935679050,6336958,9514904,9689,89,47266,2039,100000
0$$HAR,14:01:42,420576934,-935675392,6358729,7696310,13778,89,47140,2036,100000
0$$HAR,14:01:45,420577595,-935668920,6380102,9747892,18309,89,47010,2031,100000
0$$HAR,14:01:48,420576302,-935663994,6401265,9602240,12504,89,46881,2028,100000
0$$HAR,14:01:51,420577515,-935659111,6421209,7040745,13956,90,46749,2023,100000
0$$HAR,14:01:54,420577392,-935655350,6443222,10412084,9025,89,46620,2019,100000
0$$HAR,14:01:57,420576449,-935649359,6463135,8693768,20879,89,46489,2016,100000
0$$HAR,14:02:00,420577067,-935644722,6483554,8540104,8402,89,46358,2012,100000
0$$HAR,14:02:03,420576703,-935641103,6503443,10689550,12020,89,46229,2008,100000
0$$HAR,14:02:06,420576609,-935635086,6525682,8048409,21631,91,46101,2005,100000
0$$HAR,14:02:09,420577113,-935629375,6547079,9882400,9073,89,45973,2001,100000
0$$HAR,14:02:12,420576671,-935625192,6567235,7746695,14709,89,45844,1997,100000
0$$HAR,14:02:15,420577454,-935620862,6588621,9289726,14166,89,45718,1992,100000
0$$HAR,14:02:18,420576180,-935614165,6611504,10591320,20759,89,45590,1988,100000
0$$HAR,14:02:21,420576693,-935607153,6631746,6844687,18188,89,45464,1984,100000
0$$HAR,14:02:24,420576712,-935601528,6653678,10351352,13571,89,45333,1981,100000
0$$HAR,14:02:27,420575332,-935595774,6674658,10624016,21971,89,45207,1977,100000
0$$HAR,14:02:30,420575313,-935589541,6696353,7014440,15073,89,45082,1973,100000
0$$HAR,14:02:33,420575606,-935582723,6719547,10736390,21358,89,44955,1968,100000
0$$HAR,14:02:36,420573986,-935575315,6739583,10015606,20663,89,44828,1962,100000
0$$HAR,14:02:39,420574411,-935568936,6761741,7253814,17298,89,44702,1956,100000
0$$HAR,14:02:42,420574273,-935560768,6782600,10622644,24421,89,44574,1950,100000
1$$HAR,14:02:45,420573215,-935554519,6804569,10259776,13272,89,44447,1943,100000
0$$HAR,14:02:48,420572530,-935548812,6830188,9470368,22212,89,44322,1938,100000
0$$HAR,14:02:51,420572289,-935540247,6849899,9043648,20937,89,44188,1931,100000
0$$HAR,14:02:54,420572867,-935534394,6870163,7351305,12246,89,44062,1925,100000
0$$HAR,14:02:57,420572453,-935528773,6894437,10497078,16090,89,43939,1920,100000
0$$HAR,14:03:00,420571491,-935522488,6918824,10224952,23202,89,43814,1915,100000
0$$HAR,14:03:03,420569649,-935515320,6939064,10119510,12293,89,43684,1910,100000
0$$HAR,14:03:06,420569438,-935510465,6959301,10532650,18439,89,43555,1904,100000
0$$HAR,14:03:09,420567932,-935503440,6982017,9528746,21201,89,43430,1899,100000
0$$HAR,14:03:12,420568449,-935496770,7003621,7860686,17277,89,43306,1892,100000
0$$HAR,14:03:15,420568743,-935491271,7024612,10921642,11757,94,43180,1887,100000
1$$HAR,14:03:18,420567663,-935485839,7046081,8679178,19546,89,43053,1881,100000
0$$HAR,14:03:21,420568732,-935478771,7065540,7497674,16149,89,42925,1876,100000
0$$HAR,14:03:24,420568383,-935474096,7086365,10310014,16120,89,42799,1871,100000
0$$HAR,14:03:24,420568383,-935474096,7086365,10310014,16120,89,42675,1864,100000
0$$HAR,14:03:30,420566767,-935459395,7129287,8740152,20197,89,42553,1860,100000
0$$HAR,14:03:33,420567625,-935453301,7150713,9097828,11674,89,42432,1855,100000
0$$HAR,14:03:36,420566108,-935447877,7172690,11089038,20589,89,42311,1851,100000
0$$HAR,14:03:39,420565423,-935440738,7195452,8828500,19269,89,42189,1846,100000
0$$HAR,14:03:42,420565469,-935433529,7217833,9558874,21281,89,42068,1841,100000
0$$HAR,14:03:45,420564525,-935428194,7240893,11850778,10552,89,41948,1835,100000
0$$HAR,14:03:48,420563810,-935423926,7261680,8913282,18562,89,41824,1830,100000
0$$HAR,14:03:51,420563396,-935416690,7283481,10108570,22073,89,41702,1824,100000
0$$HAR,14:03:54,420561605,-935409488,7302000,11018240,15583,89,41581,1820,100000
0$$HAR,14:03:57,420560566,-935404420,7326845,9414254,14564,89,41461,1815,100000
0$$HAR,14:04:00,420561492,-935398028,7348448,8933860,19607,89,41337,1809,100000
0$$HAR,14:04:03,420559878,-935392115,7369233,11646712,15532,89,41214,1805,100000
0$$HAR,14:04:06,420558708,-935385771,7393867,10362770,21286,89,41094,1800,100000
0$$HAR,14:04:09,420559019,-935379773,7416066,5966050,15253,89,40967,1794,100000
0$$HAR,14:04:12,420558708,-935373958,7439201,11705440,21324,89,40843,1788,100000
0$$HAR,14:04:12,420558708,-935373958,7439201,11705440,21324,89,40718,1782,100000
0$$HAR,14:04:18,420557819,-935360417,7484231,10343562,19404,89,40594,1774,100000
0$$HAR,14:04:21,420556332,-935355916,7507207,12465824,15893,89,40468,1767,100000
0$$HAR,14:04:24,420555017,-935348530,7532596,8702648,18968,89,40344,1761,100000
0$$HAR,14:04:27,420554436,-935344064,7552253,11839156,12483,89,40216,1754,100000
0$$HAR,14:04:30,420552817,-935339070,7575393,11213982,17391,89,40094,1748,100000
0$$HAR,14:04:33,420552009,-935331735,7596822,9152818,22896,89,39973,1742,100000
0$$HAR,14:04:36,420550470,-935324503,7619274,11731616,16329,89,39853,1737,100000
0$$HAR,14:04:39,420550225,-935319455,7641757,9135746,13842,89,39733,1732,100000
0$$HAR,14:04:42,420548302,-935314769,7663157,12864926,14369,89,39610,1727,100000
0$$HAR,14:04:45,420546238,-935309584,7683102,11904954,21175,89,39490,1720,100000
0$$HAR,14:04:48,420544885,-935303398,7706446,8395904,14911,89,39375,1714,100000
0$$HAR,14:04:51,420545027,-935297502,7727301,11169648,16294,89,39255,1708,100000
0$$HAR,14:04:54,420542759,-935291862,7751256,11481664,21202,89,39135,1702,100000
0$$HAR,14:04:57,420540443,-935284627,7771528,10019064,19765,89,39017,1695,100000
0$$HAR,14:05:00,420540166,-935278970,7794870,10688602,12110,89,38900,1689,100000
0$$HAR,14:05:03,420539044,-935273797,7821305,9640844,18035,89,38782,1682,100000
0$$HAR,14:05:06,420537682,-935266052,7841355,11194090,23114,89,38657,1677,100000
0$$HAR,14:05:09,420535559,-935260830,7862650,12373520,13777,89,38535,1673,100000
0$$HAR,14:05:12,420534257,-935255941,7884015,9282292,13856,89,38415,1669,100000
0$$HAR,14:05:15,420534451,-935249812,7904036,9008286,20592,89,38302,1663,100000
0$$HAR,14:05:18,420533797,-935242180,7924844,10450538,18351,89,38190,1660,100000
0$$HAR,14:05:21,420531931,-935237210,7945327,12461228,14621,89,38077,1655,100000
0$$HAR,14:05:24,420530883,-935231162,7969146,8844450,21638,89,37966,1652,100000
0$$HAR,14:05:27,420529805,-935223895,7992248,12199806,15558,89,37854,1648,100000
0$$HAR,14:05:30,420527563,-935219142,8011909,10682540,17396,89,37739,1644,100000
0$$HAR,14:05:33,420527070,-935212883,8035164,8907684,19509,89,37624,1640,100000
0$$HAR,14:05:36,420525968,-935204838,8055996,10579470,22617,89,37510,1636,100000
0$$HAR,14:05:39,420525385,-935196877,8073283,9376228,21166,89,37397,1633,100000
0$$HAR,14:05:42,420524462,-935190794,8097305,10281444,13262,89,37291,1630,100000
0$$HAR,14:05:45,420522135,-935186334,8121527,13095240,17551,125,37181,1627,100000
1$$HAR,14:05:48,420520946,-935178071,8142872,9411698,17729,94,37068,1625,100000
0$$HAR,14:05:51,420520699,-935172218,8160680,9777586,14917,94,36955,1619,100000
0$$HAR,14:05:54,420519148,-935167406,8182065,11975940,17123,94,36848,1617,100000
0$$HAR,14:05:57,420517507,-935159737,8205428,9480782,25211,94,36738,1611,100000
0$$HAR,14:06:00,420517266,-935153319,8226756,10582220,12739,94,36626,1608,100000
0$$HAR,14:06:03,420515478,-935147768,8249589,11123552,21475,94,36517,1604,100000
0$$HAR,14:06:06,420514400,-935140325,8273526,8629874,16735,94,36404,1597,100000
0$$HAR,14:06:09,420514193,-935135361,8293593,11657562,16877,94,36291,1589,100000
0$$HAR,14:06:12,420511930,-935129407,8316288,10659668,16488,91,36181,1582,100000
0$$HAR,14:06:15,420511633,-935124014,8339136,8229691,15298,91,36068,1577,100000
0$$HAR,14:06:18,420511895,-935117405,8358369,10037840,22443,91,35957,1570,100000
0$$HAR,14:06:21,420510273,-935109576,8379803,11303136,19970,91,35848,1565,100000
0$$HAR,14:06:24,420508416,-935104648,8400875,9879416,12515,91,35738,1559,100000
0$$HAR,14:06:27,420508247,-935099224,8422490,9510820,15577,91,35630,1553,100000
0$$HAR,14:06:30,420508746,-935093091,8440497,8789626,20406,91,35524,1547,100000
0$$HAR,14:06:33,420507573,-935085774,8464310,11406248,17762,91,35422,1542,100000
0$$HAR,14:06:36,420505660,-935080987,8484716,10508490,16833,91,35317,1539,100000
0$$HAR,14:06:39,420505462,-935074449,8508272,7994831,19439,91,35212,1532,100000
0$$HAR,14:06:42,420504732,-935066511,8530604,11239812,22693,90,35105,1527,100000
0$$HAR,14:06:45,420502730,-935060841,8552109,10696182,12014,90,34998,1521,100000
0$$HAR,14:06:48,420502481,-935055354,8574484,8791470,19667,90,34889,1515,100000
0$$HAR,14:06:51,420501692,-935047221,8596790,10872674,20658,90,34781,1508,100000
0$$HAR,14:06:54,420500536,-935042113,8621215,9555984,12756,90,34672,1498,100000
0$$HAR,14:06:57,420500124,-935034247,8644013,9466036,26405,90,34559,1491,100000
0$$HAR,14:07:00,420498932,-935026695,8666385,11387318,19980,90,34446,1483,100000
0$$HAR,14:07:03,420497277,-935021507,8689646,9332342,11038,90,34337,1476,100000
0$$HAR,14:07:06,420497299,-935016177,8710842,9729514,17625,90,34228,1470,100000
0$$HAR,14:07:09,420496861,-935008208,8733647,10187950,25792,90,34119,1464,100000
0$$HAR,14:07:12,420494737,-935001477,8756135,11386092,15992,90,34010,1457,100000
0$$HAR,14:07:15,420493745,-934996416,8777796,10144568,14667,90,33900,1452,100000
0$$HAR,14:07:18,420493604,-934988959,8802050,8822536,26476,90,33794,1444,100000
0$$HAR,14:07:21,420492033,-934981111,8823414,12032716,20357,92,33684,1439,100000
0$$HAR,14:07:24,420490604,-934975373,8845740,9009374,13284,90,33576,1432,100000
0$$HAR,14:07:27,420490612,-934968968,8869254,9663362,23272,90,33470,1426,100000
0$$HAR,14:07:30,420489298,-934960586,8888887,10570920,20423,90,33362,1419,100000
0$$HAR,14:07:33,420487524,-934954319,8912678,11413960,13930,90,33258,1412,100000
1$$HAR,14:07:36,420487584,-934949076,8933447,8614950,20954,90,33152,1407,100000
0$$HAR,14:07:39,420487197,-934941383,8957293,10500792,19760,90,33049,1401,100000
0$$HAR,14:07:42,420484841,-934935518,8979460,11402450,13713,90,32943,1394,100000
0$$HAR,14:07:45,420484841,-934929718,9000923,8741900,20800,90,32837,1385,100000
0$$HAR,14:07:48,420483806,-934922247,9022816,11225596,23131,90,32735,1379,100000
0$$HAR,14:07:51,420481631,-934915771,9046395,11037832,13128,90,32632,1373,100000
0$$HAR,14:07:54,420480974,-934910363,9071845,10267130,22775,90,32527,1367,100000
0$$HAR,14:07:57,420479072,-934901867,9092486,10746102,20242,90,32419,1362,100000
0$$HAR,14:08:00,420476487,-934895811,9113782,13155342,19553,90,32312,1358,100000
0$$HAR,14:08:03,420474916,-934890998,9137438,9185418,17534,90,32207,1350,100000
0$$HAR,14:08:06,420474269,-934883354,9156872,10540206,21230,90,32103,1345,100000
0$$HAR,14:08:09,420472247,-934876590,9181021,12009176,18946,90,32003,1340,100000
0$$HAR,14:08:12,420471319,-934872470,9201694,8062773,11600,90,31901,1335,100000
0$$HAR,14:08:15,420470982,-934866333,9223992,9610440,20418,91,31798,1331,100000
0$$HAR,14:08:18,420469711,-934860498,9247671,13157746,13647,90,31699,1328,100000
0$$HAR,14:08:21,420468165,-934856464,9270299,10085510,14856,90,31596,1324,100000
0$$HAR,14:08:24,420466709,-934850000,9298479,9447854,21463,92,31493,1321,100000
0$$HAR,14:08:27,420467491,-934843679,9317768,9010026,13080,90,31383,1315,100000
0$$HAR,14:08:30,420466136,-934839209,9338684,11265866,13248,90,31278,1311,100000
0$$HAR,14:08:33,420465334,-934832341,9362578,9100834,22493,90,31174,1305,100000
0$$HAR,14:08:36,420465665,-934827220,9384813,9412440,9319,90,31068,1298,100000
0$$HAR,14:08:39,420464036,-934821876,9407633,11668640,20695,90,30966,1292,100000
0$$HAR,14:08:42,420462810,-934816012,9433085,8917920,15990,90,30863,1285,100000
0$$HAR,14:08:45,420463352,-934810439,9453339,8638054,13604,90,30758,1278,100000
0$$HAR,14:08:48,420462852,-934806117,9477570,12407806,11203,90,30658,1271,100000
0$$HAR,14:08:51,420460710,-934800244,9498110,9745212,21191,90,30557,1266,100000
0$$HAR,14:08:54,420460801,-934794004,9519818,9091868,14903,90,30457,1260,100000
0$$HAR,14:08:57,420461372,-934788853,9539224,7498856,14462,90,30357,1254,100000
0$$HAR,14:09:00,420460422,-934782855,9562646,11586228,20635,90,30264,1249,100000
0$$HAR,14:09:03,420458698,-934777583,9585475,9911128,10727,90,30166,1244,100000
0$$HAR,14:09:06,420459013,-934773484,9605019,8148342,14562,90,30068,1238,100000
0$$HAR,14:09:09,420458622,-934767121,9628230,10776812,19553,90,29974,1231,100000
0$$HAR,14:09:12,420456647,-934761815,9652594,11456260,12166,90,29878,1228,100000
0$$HAR,14:09:15,420455768,-934758383,9674557,9763184,12124,90,29782,1222,100000
0$$HAR,14:09:18,420455734,-934751779,9696725,9359770,20832,90,29684,1215,100000
0$$HAR,14:09:21,420454465,-934746475,9720423,12178788,11177,90,29587,1207,100000
0$$HAR,14:09:24,420452943,-934742653,9742820,10211036,15896,90,29490,1201,100000
0$$HAR,14:09:27,420452868,-934735991,9763794,8082115,19082,90,29392,1196,100000
0$$HAR,14:09:30,420453078,-934731523,9784163,11735016,10244,90,29296,1192,100000
0$$HAR,14:09:33,420452419,-934727094,9808592,8896194,17571,90,29202,1188,100000
0$$HAR,14:09:36,420452172,-934720255,9830080,10582864,14638,90,29105,1184,100000
0$$HAR,14:09:39,420450447,-934716128,9850636,11553852,9962,90,29009,1177,100000
0$$HAR,14:09:42,420450904,-934712162,9872608,7181676,15170,90,28913,1172,100000
0$$HAR,14:09:45,420451274,-934705802,9895062,10022302,17993,90,28819,1165,100000
0$$HAR,14:09:48,420450082,-934700657,9915580,11269514,11456,90,28724,1160,100000
0$$HAR,14:09:51,420450170,-934697429,9936796,6338037,9991,90,28633,1153,100000
0$$HAR,14:09:54,420451693,-934692740,9959130,7715426,16851,90,28540,1148,100000
0$$HAR,14:09:57,420451231,-934686606,9979929,10780424,15756,90,28449,1140,100000
0$$HAR,14:10:00,420450982,-934682687,10002272,7750391,9759,90,28357,1134,100000
0$$HAR,14:10:03,420452388,-934678770,10025382,7207197,15128,90,28265,1128,100000
0$$HAR,14:10:06,420452881,-934672215,10047282,9664918,19351,90,28174,1122,100000
0$$HAR,14:10:09,420452524,-934667567,10070121,8040950,8165,90,28082,1116,100000
0$$HAR,14:10:12,420453321,-934664328,10092698,8013744,12645,90,27989,1110,100000
0$$HAR,14:10:15,420453298,-934658273,10115160,9024594,21473,90,27897,1103,100000
0$$HAR,14:10:18,420453612,-934652878,10141145,7967714,7836,90,27802,1094,100000
0$$HAR,14:10:21,420455289,-934649575,10160314,6277262,17692,90,27706,1085,100000
0$$HAR,14:10:24,420456763,-934643900,10181217,6914558,16457,90,27614,1076,100000
0$$HAR,14:10:27,420458654,-934639328,10203344,6519646,9860,90,27523,1067,100000
0$$HAR,14:10:30,420459860,-934635865,10225797,7104330,15490,90,27433,1056,100000
0$$HAR,14:10:33,420460258,-934628954,10248051,8777756,19684,90,27341,1048,100000
0$$HAR,14:10:36,420461641,-934622447,10269951,7346162,21147,90,27248,1038,100000
0$$HAR,14:10:39,420461707,-934615241,10289716,9988758,19489,90,27158,1032,100000
0$$HAR,14:10:42,420460982,-934609862,10307743,10387708,11033,90,27069,1025,100000
0$$HAR,14:10:45,420461150,-934606572,10330253,5704081,11596,108,26984,1017,100000
0$$HAR,14:10:48,420463010,-934601521,10352316,7198137,16258,95,26898,1009,100000
0$$HAR,14:10:51,420462901,-934595135,10375567,10578082,17407,95,26812,1002,100000
0$$HAR,14:10:54,420462168,-934591008,10397439,7806517,10763,92,26721,995,100000
0$$HAR,14:10:57,420463725,-934586160,10422140,7336130,16420,92,26634,989,100000
0$$HAR,14:11:00,420463113,-934581882,10444007,11990312,10522,92,26542,981,100000
0$$HAR,14:11:03,420463566,-934578516,10467271,5969647,13549,92,26450,971,100000
0$$HAR,14:11:06,420464881,-934572713,10491692,8309979,22197,92,26361,963,100000
0$$HAR,14:11:09,420465019,-934566274,10513900,8754044,11613,92,26272,956,100000
0$$HAR,14:11:12,420466194,-934562796,10536371,5081308,12605,90,26182,951,100000
0$$HAR,14:11:15,420468260,-934557175,10557859,7068847,19683,90,26092,944,100000
0$$HAR,14:11:18,420468995,-934550266,10579412,9067274,19142,90,26003,935,100000
0$$HAR,14:11:21,420469406,-934545452,10603840,6924224,7180,90,25917,928,100000
0$$HAR,14:11:24,420470730,-934541844,10626338,6239896,17530,90,25828,922,100000
0$$HAR,14:11:27,420472906,-934535193,10646162,7182330,21321,90,25738,914,100000
0$$HAR,14:11:30,420474074,-934529152,10672321,8280659,12786,90,25653,907,100000
0$$HAR,14:11:33,420473749,-934525178,10693073,7980939,10590,90,25562,900,100000
0$$HAR,14:11:36,420475316,-934520909,10718817,7254504,17243,90,25473,895,100000
0$$HAR,14:11:39,420476899,-934513250,10737874,8019926,19851,90,25385,888,100000
0$$HAR,14:11:42,420477904,-934506703,10760396,7809476,22323,90,25297,883,100000
0$$HAR,14:11:45,420478809,-934500801,10789283,7766060,9912,90,25215,877,100000
0$$HAR,14:11:48,420479488,-934497869,10808002,5486331,9795,90,25122,872,100000
0$$HAR,14:11:51,420480976,-934493757,10832420,6277321,14580,90,25035,868,100000
0$$HAR,14:11:54,420482917,-934486810,10856094,7879134,22530,90,24949,862,100000
0$$HAR,14:11:57,420484506,-934482614,10880370,2801653,12021,90,24861,856,100000
0$$HAR,14:12:00,420486556,-934478582,10904242,6412349,11010,90,24768,849,100000
0$$HAR,14:12:03,420488268,-934476097,10921410,5885496,11268,90,24680,841,100000
0$$HAR,14:12:06,420490132,-934472127,10944956,4471407,13806,90,24596,834,100000
0$$HAR,14:12:09,420492523,-934465604,10966869,8180674,20923,90,24512,827,100000
0$$HAR,14:12:12,420492933,-934460563,10990629,8889240,10848,90,24426,820,100000
0$$HAR,14:12:15,420494104,-934456561,11017452,5262809,14813,90,24342,813,100000
0$$HAR,14:12:18,420496782,-934451643,11038392,6971151,17771,90,24255,809,100000
0$$HAR,14:12:21,420496852,-934446464,11061148,10492354,13294,90,24169,801,100000
0$$HAR,14:12:24,420496467,-934441566,11082822,8890902,16368,90,24082,796,100000
0$$HAR,14:12:27,420497425,-934434541,11106337,5991723,19236,90,23998,788,100000
0$$HAR,14:12:30,420499467,-934430025,11129551,7408049,11910,90,23914,783,100000
0$$HAR,14:12:33,420499719,-934426180,11151887,8037739,11822,90,23830,778,100000
0$$HAR,14:12:36,420499780,-934421364,11177199,9863464,16274,90,23746,774,100000
0$$HAR,14:12:39,420501466,-934415073,11203045,5406802,23299,90,23660,769,100000
0$$HAR,14:12:42,420503653,-934409838,11226731,8459404,9750,90,23572,764,100000
0$$HAR,14:12:45,420504155,-934405162,11251876,7921053,19042,90,23483,759,100000
0$$HAR,14:12:48,420505541,-934397580,11273311,7268737,18795,90,23395,752,100000
0$$HAR,14:12:51,420508003,-934390964,11294661,5532111,19922,90,23309,747,100000
0$$HAR,14:12:54,420510339,-934386846,11317454,6031129,11372,90,23224,742,100000
0$$HAR,14:12:57,420510663,-934381671,11339077,9120636,16795,90,23141,733,100000
0$$HAR,14:13:00,420511447,-934375761,11363456,6675287,16660,90,23057,726,100000
0$$HAR,14:13:03,420514156,-934370867,11388413,5294797,14226,90,22974,717,100000
0$$HAR,14:13:06,420517322,-934366032,11406513,4176704,22762,90,22890,706,100000
0$$HAR,14:13:09,420519660,-934360080,11430816,7882389,14659,111,22809,699,100000
0$$HAR,14:13:12,420520783,-934355672,11454631,7550774,7776,91,22729,692,100000
0$$HAR,14:13:15,420523028,-934352363,11474805,5536728,19869,91,22647,686,100000
0$$HAR,14:13:18,420525703,-934345904,11496408,7061553,21616,91,22565,678,100000
0$$HAR,14:13:21,420526281,-934340089,11519896,8388288,10541,91,22486,673,100000
0$$HAR,14:13:24,420527423,-934335669,11548319,6989134,17909,91,22406,667,100000
0$$HAR,14:13:27,420530015,-934328685,11570232,7088015,23013,91,22320,661,100000
0$$HAR,14:13:30,420530813,-934323260,11595750,7238649,10384,91,22237,654,100000
0$$HAR,14:13:33,420532497,-934319713,11615173,5874033,14513,91,22154,649,100000
0$$HAR,14:13:36,420535134,-934314475,11640732,6378691,22394,91,22074,645,100000
0$$HAR,14:13:39,420536219,-934306881,11662681,8334345,17564,91,21990,641,100000
0$$HAR,14:13:42,420536981,-934301761,11686017,7676304,12174,90,21910,636,100000
1$$HAR,14:13:45,420539775,-934296800,11710229,4820924,23211,90,21830,632,100000
0$$HAR,14:13:48,420542115,-934290246,11734475,7426341,17186,92,21749,630,100000
0$$HAR,14:13:51,420542720,-934285089,11760846,6395901,14796,92,21667,627,100000
0$$HAR,14:13:54,420545854,-934278737,11786302,5690034,23885,92,21584,623,100000
0$$HAR,14:13:57,420546890,-934272486,11812186,9459516,14296,92,21500,620,100000
0$$HAR,14:14:00,420547603,-934267911,11837357,6105797,14670,92,21413,613,100000
0$$HAR,14:14:03,420550541,-934261881,11861222,5909255,24230,92,21328,604,100000
0$$HAR,14:14:06,420552434,-934254818,11885824,7099617,19316,92,21243,598,100000
0$$HAR,14:14:09,420553048,-934247911,11906675,9259492,17453,92,21162,592,100000
0$$HAR,14:14:12,420553865,-934243036,11932571,6712554,11009,92,21083,587,100000
0$$HAR,14:14:15,420555946,-934239150,11959112,5928837,17712,92,21001,580,100000
0$$HAR,14:14:18,420557054,-934231840,11983034,8661110,21563,92,20919,574,100000
0$$HAR,14:14:21,420557607,-934225502,12007343,9144382,17785,92,20836,568,100000
0$$HAR,14:14:24,420558342,-934221470,12032560,3973185,14321,92,20754,562,100000
0$$HAR,14:14:27,420560785,-934217060,12055842,6454886,13024,92,20672,555,100000
0$$HAR,14:14:30,420563139,-934212910,12083463,6125944,14235,92,20592,549,100000
0$$HAR,14:14:33,420563344,-934208630,12109268,10538112,14466,92,20510,542,100000
0$$HAR,14:14:36,420563361,-934201718,12129641,7290727,20064,92,20428,537,100000
0$$HAR,14:14:39,420565364,-934194963,12150303,6195554,20845,92,20349,534,100000
0$$HAR,14:14:42,420567902,-934189630,12176028,6248958,13146,92,20274,531,100000
0$$HAR,14:14:45,420568344,-934185287,12199927,8661232,17630,92,20196,528,100000
0$$HAR,14:14:48,420570275,-934178439,12227750,5389155,20429,92,20118,525,100000
0$$HAR,14:14:51,420571853,-934174407,12253153,8537856,8523,92,20039,517,100000
0$$HAR,14:14:54,420573391,-934169857,12280777,5291093,14663,92,19956,513,100000
0$$HAR,14:14:57,420575169,-934163338,12309428,7129212,27231,92,19872,510,100000
0$$HAR,14:15:00,420576555,-934157308,12338314,6695754,9463,92,19790,506,100000
0$$HAR,14:15:03,420577720,-934154055,12360179,5075929,10831,92,19703,501,100000
0$$HAR,14:15:06,420578902,-934149307,12390279,8531060,18178,92,19621,497,100000
0$$HAR,14:15:09,420580005,-934141730,12411572,7021175,21758,92,19536,493,100000
0$$HAR,14:15:12,420581231,-934136067,12442710,7447781,14879,92,19454,489,100000
0$$HAR,14:15:15,420581983,-934132456,12466216,8315156,12463,92,19368,484,100000
0$$HAR,14:15:18,420584200,-934125843,12493911,6786061,24568,92,19285,479,100000
0$$HAR,14:15:21,420584902,-934118411,12516268,8547416,16809,92,19201,472,100000
0$$HAR,14:15:24,420585626,-934113297,12541441,7496190,12027,92,19121,467,100000
0$$HAR,14:15:27,420588620,-934108956,12565866,4613211,21492,92,19041,462,100000
0$$HAR,14:15:30,420591622,-934102613,12591652,6115575,21109,92,18964,457,100000
0$$HAR,14:15:33,420593200,-934094896,12613493,8523930,18140,92,18885,453,100000
0$$HAR,14:15:36,420594367,-934089162,12643804,5788977,18144,92,18809,449,100000
0$$HAR,14:15:39,420597850,-934083508,12667958,5786938,25431,92,18728,443,100000
1$$HAR,14:15:42,420600223,-934076097,12691650,6996705,19469,92,18649,438,100000
0$$HAR,14:15:45,420601287,-934070745,12723140,5833392,14640,92,18572,434,100000
0$$HAR,14:15:48,420604895,-934063909,12748934,5996104,26100,92,18491,430,100000
0$$HAR,14:15:51,420608117,-934057915,12775392,4442678,21491,92,18409,425,100000
0$$HAR,14:15:54,420611766,-934051684,12800554,6600971,23102,92,18330,419,100000
0$$HAR,14:15:57,420612926,-934044393,12827757,9394878,17128,92,18253,415,100000
0$$HAR,14:16:00,420614169,-934039377,12854043,5374028,14539,92,18174,410,100000
0$$HAR,14:16:03,420617022,-934034328,12886069,6278943,20780,92,18097,406,100000
0$$HAR,14:16:06,420618729,-934026204,12915132,8324137,23862,92,18014,398,100000
0$$HAR,14:16:09,420619501,-934020250,12938462,6056432,17690,92,17930,387,100000
0$$HAR,14:16:12,420622725,-934014046,12967628,5138034,25232,92,17851,380,100000
0$$HAR,14:16:15,420626300,-934005391,12993757,6730545,28815,92,17770,372,100000
0$$HAR,14:16:18,420628750,-933996178,13015999,7579527,25275,92,17690,365,100000
1$$HAR,14:16:21,420629884,-933988668,13045340,7007271,18568,92,17615,359,100000
0$$HAR,14:16:24,420633159,-933982273,13070786,5499450,26402,92,17536,353,100000
0$$HAR,14:16:27,420636024,-933973274,13096887,7048110,26982,92,17460,348,100000
0$$HAR,14:16:30,420636940,-933965202,13126550,7921191,20721,92,17384,343,100000
0$$HAR,14:16:33,420639042,-933959273,13152583,5692759,16250,92,17306,338,100000
0$$HAR,14:16:36,420640240,-933952827,13177278,8849184,19430,92,17228,334,100000
0$$HAR,14:16:39,420640400,-933944767,13201147,8485920,23483,92,17153,327,100000
0$$HAR,14:16:42,420640760,-933935781,13231623,8725678,29244,97,17080,323,100000
0$$HAR,14:16:45,420642573,-933924942,13255370,6737841,27827,97,17005,319,100000
0$$HAR,14:16:48,420644712,-933917159,13279319,7143408,19559,97,16929,314,100000
0$$HAR,14:16:51,420645827,-933910290,13304236,7913380,20459,97,16858,310,100000
0$$HAR,14:16:54,420645776,-933903056,13330743,9750920,20443,124,16786,306,100000
0$$HAR,14:16:57,420645541,-933893278,13355331,8526798,28650,97,16714,302,100000
0$$HAR,14:17:00,420647702,-933883593,13382035,6119534,25107,97,16643,296,100000
0$$HAR,14:17:03,420650102,-933876764,13406095,7445850,18347,97,16570,287,100000
0$$HAR,14:17:06,420651205,-933869674,13427042,8083660,20319,97,16499,276,100000
0$$HAR,14:17:09,420651905,-933861184,13451354,8164395,28539,97,16432,270,100000
0$$HAR,14:17:12,420654328,-933850932,13478287,6697546,28756,97,16366,264,100000
0$$HAR,14:17:15,420657005,-933841082,13497452,7287133,29331,97,16298,258,100000
0$$HAR,14:17:18,420659747,-933832255,13524650,5896900,22576,97,16234,253,100000
0$$HAR,14:17:21,420661310,-933826280,13546850,8713596,18417,97,16169,249,100000
0$$HAR,14:17:24,420661752,-933818831,13575977,8075845,22539,97,16105,244,100000
0$$HAR,14:17:27,420664227,-933809879,13600433,6161706,25757,97,16035,236,100000
0$$HAR,14:17:30,420666031,-933802800,13629222,8620978,16486,97,15969,230,100000
0$$HAR,14:17:33,420666391,-933796217,13658559,8295554,22966,97,15900,220,100000
0$$HAR,14:17:36,420667887,-933786849,13684719,7537804,28104,97,15827,213,100000
0$$HAR,14:17:39,420669405,-933779395,13716235,7844923,15356,97,15758,206,100000
0$$HAR,14:17:39,420669405,-933779395,13716235,7844923,15356,97,15685,200,100000
0$$HAR,14:17:45,420670132,-933768269,13764195,7417857,17963,97,73878,3499,100000
0$$HAR,14:17:48,420671122,-933759365,13790720,9431910,25999,97,73878,3499,100000
0$$HAR,14:17:51,420669756,-933751952,13816011,10669106,18174,97,73878,3499,100000
0$$HAR,14:17:54,420669460,-933746417,13844317,7529116,16766,97,73878,3499,100000
0$$HAR,14:17:57,420670766,-933739216,13868162,8696044,23643,97,73878,3499,100000
0$$HAR,14:18:00,420670421,-933730737,13894591,10388754,23692,97,73878,3499,100000
0$$HAR,14:18:03,420668134,-933724079,13919331,12362998,15777,97,73878,3499,100000
0$$HAR,14:18:06,420666640,-933718050,13953099,9979332,20035,97,73878,3499,100000
0$$HAR,14:18:09,420666925,-933710361,13977727,9012486,25473,97,73878,3499,100000
0$$HAR,14:18:12,420665639,-933701397,14000301,10616192,24232,115,73878,3499,100000
0$$HAR,14:18:15,420663202,-933694462,14029030,11554214,16050,105,73878,3499,100000
0$$HAR,14:18:18,420662649,-933689982,14057388,8625346,15495,105,73878,3499,100000
0$$HAR,14:18:21,420662671,-933684917,14079862,8697464,11646,105,73878,3499,100000
0$$HAR,14:18:24,420661765,-933679560,14109189,11765336,17253,105,73878,3499,100000
0$$HAR,14:18:27,420659267,-933673215,14131468,10613622,19506,105,73878,3499,100000
0$$HAR,14:18:30,420658744,-933667493,14163301,8447824,16333,105,73878,3499,100000
0$$HAR,14:18:33,420659786,-933660525,14192972,9751238,22585,98,73878,3499,100000
0$$HAR,14:18:36,420658461,-933651128,14220023,9825590,28808,98,73878,3499,100000
0$$HAR,14:18:39,420657699,-933643057,14252835,8437062,15812,98,73878,3499,100000
0$$HAR,14:18:42,420657460,-933638235,14275692,8396370,13390,98,73878,3499,100000
0$$HAR,14:18:45,420657789,-933631806,14307488,8874128,23257,98,73878,3499,100000
0$$HAR,14:18:48,420657069,-933622912,14336667,11093462,18613,98,73878,3499,100000
0$$HAR,14:18:51,420656591,-933617950,14366563,8623080,14275,98,73878,3499,100000
0$$HAR,14:18:54,420656769,-933612623,14386235,8824904,14023,98,73878,3499,100000
0$$HAR,14:18:57,420656724,-933607241,14416305,10122106,15673,98,73878,3499,100000
0$$HAR,14:19:00,420655259,-933600279,14448671,10493758,25039,98,73878,3499,100000
0$$HAR,14:19:03,420654187,-933591774,14467214,8859124,21691,98,73878,3499,100000
0$$HAR,14:19:06,420654809,-933585506,14493149,7038316,13817,98,73878,3499,100000
0$$HAR,14:19:09,420655362,-933582182,14520456,10440346,11065,98,73878,3499,100000
1$$HAR,14:19:12,420654138,-933576989,14547743,10900172,17075,98,73878,3499,100000
1$$HAR,14:19:15,420652916,-933571720,14570904,11008588,13783,98,73878,3499,100000
1$$HAR,14:19:18,420652309,-933567487,14605204,8713286,7227,98,73878,3499,100000
0$$HAR,14:19:21,420653322,-933564236,14627421,7152624,16691,98,73878,3499,100000
0$$HAR,14:19:24,420653825,-933558190,14650610,8943542,19315,99,73878,3499,100000
0$$HAR,14:19:27,420652592,-933551068,14679651,12393318,21248,99,73878,3499,100000
0$$HAR,14:19:30,420650560,-933546157,14708937,10928388,10885,99,73878,3499,100000
0$$HAR,14:19:33,420650734,-933542009,14735212,7049570,16128,99,73878,3499,100000
0$$HAR,14:19:36,420651386,-933535001,14762556,8698080,18900,99,73878,3499,100000
0$$HAR,14:19:39,420652230,-933527968,14796377,7205379,22494,99,73878,3499,100000
0$$HAR,14:19:42,420654425,-933521616,14819892,5988205,16452,99,73878,3499,100000
0$$HAR,14:19:45,420656475,-933515263,14841317,7576146,21424,99,73878,3499,100000
0$$HAR,14:19:48,420657910,-933509265,14874973,5644837,15049,99,73878,3499,100000
0$$HAR,14:19:51,420660525,-933505290,14903737,5853313,9396,99,73878,3499,100000
0$$HAR,14:19:54,420660378,-933500401,14934593,10116954,18532,99,73878,3499,100000
0$$HAR,14:19:57,420660411,-933492971,14961570,7758579,20577,99,73878,3499,100000
0$$HAR,14:20:00,420662142,-933486008,14989465,7611192,18270,99,73878,3499,100000
0$$HAR,14:20:03,420663895,-933480874,15017251,5178480,11284,99,73878,3499,100000
0$$HAR,14:20:06,420664263,-933476756,15042615,8774766,13598,99,73878,3499,100000
0$$HAR,14:20:09,420663572,-933471536,15067148,10894008,19972,99,73878,3499,100000
0$$HAR,14:20:12,420662933,-933464462,15096875,9167302,16746,99,73878,3499,100000
0$$HAR,14:20:15,420663520,-933458972,15128853,6411332,15302,99,73878,3499,100000
0$$HAR,14:20:18,420665016,-933453177,15152569,8341319,20174,99,73878,3499,100000
0$$HAR,14:20:21,420665820,-933445250,15185405,9515880,25590,99,73878,3499,100000
0$$HAR,14:20:24,420663763,-933437034,15208893,11217268,20123,99,73878,3499,100000
0$$HAR,14:20:27,420662020,-933431020,15233222,11726702,16542,99,73878,3499,100000
0$$HAR,14:20:30,420661503,-933425106,15268328,7515219,19408,99,73878,3499,100000
0$$HAR,14:20:33,420662778,-933417821,15292080,9002810,21900,99,73878,3499,100000
0$$HAR,14:20:36,420662343,-933411813,15327947,10806066,10485,99,73878,3499,100000
0$$HAR,14:20:39,420660853,-933408665,15350183,12653638,13319,99,73878,3499,100000
0$$HAR,14:20:42,420659383,-933403260,15383127,9553788,15432,99,73878,3499,100000
0$$HAR,14:20:45,420660239,-933398397,15415181,4786234,8125,99,73878,3499,100000
0$$HAR,14:20:48,420660253,-933396083,15440316,10069806,10866,99,73878,3499,100000
0$$HAR,14:20:51,420659164,-933392206,15473582,10298658,17488,99,73878,3499,100000
0$$HAR,14:20:54,420659912,-933385267,15497299,6622315,17397,99,73878,3499,100000
0$$HAR,14:20:57,420661337,-933380950,15520616,6529686,14562,99,73878,3499,100000
0$$HAR,14:21:00,420662537,-933375567,15555251,8950526,17953,99,73878,3499,100000
0$$HAR,14:21:03,420661091,-933369829,15585776,14179754,15431,101,73878,3499,100000
0$$HAR,14:21:06,420659199,-933367722,15609938,11096156,7878,101,73878,3499,100000
0$$HAR,14:21:09,420659382,-933365238,15638048,5947185,11624,101,73878,3499,100000
0$$HAR,14:21:12,420658832,-933361251,15670141,13366370,12961,101,73878,3499,100000
0$$HAR,14:21:15,420656842,-933358698,15700894,12248268,5880,101,73878,3499,100000
0$$HAR,14:21:18,420656701,-933358283,15729569,1013385,5499,101,73878,3499,100000
0$$HAR,14:21:21,420657693,-933356162,15758407,8241788,7709,101,73878,3499,100000
0$$HAR,14:21:24,420657880,-933351922,15782007,10297068,13747,101,73878,3499,100000
0$$HAR,14:21:27,420656434,-933348505,15805277,12646782,10596,101,73878,3499,100000
0$$HAR,14:21:30,420655027,-933345657,15836161,11842144,6915,101,73878,3499,100000
0$$HAR,14:21:33,420654665,-933344113,15874320,3677144,2086,101,73878,3499,100000
0$$HAR,14:21:36,420656648,-933341633,15903893,6919750,17334,101,73878,3499,100000
0$$HAR,14:21:39,420657028,-933336717,15929546,8003717,13674,101,73878,3499,100000
0$$HAR,14:21:42,420657318,-933331843,15961871,9341894,5809,101,73878,3499,100000
0$$HAR,14:21:45,420657122,-933330640,15987773,10603524,6837,98,73878,3499,100000
0$$HAR,14:21:48,420658177,-933327036,16023375,7546090,18816,98,73878,3499,100000
0$$HAR,14:21:51,420657319,-933320335,16048306,10602328,17044,98,73878,3499,100000
0$$HAR,14:21:54,420655818,-933315393,16076337,13877466,14215,98,73878,3499,100000
0$$HAR,14:21:57,420654181,-933313853,16102414,10132608,3385,98,73878,3499,100000
0$$HAR,14:22:00,420653482,-933312428,16128235,15466448,3117,98,73878,3499,100000
0$$HAR,14:22:03,420653219,-933308887,16161274,9051640,18184,98,73878,3499,100000
0$$HAR,14:22:06,420652869,-933303008,16191763,10939864,12183,98,73878,3499,100000
0$$HAR,14:22:09,420652655,-933300864,16220779,5370601,3272,98,73878,3499,100000
0$$HAR,14:22:12,420653378,-933298225,16250620,8638352,8832,98,73878,3499,100000
0$$HAR,14:22:15,420654044,-933295377,16287282,7007465,8903,98,73878,3499,100000
0$$HAR,14:22:18,420653822,-933294173,16318047,17262248,6162,98,73878,3499,100000
0$$HAR,14:22:21,420651932,-933292397,16348998,9684788,7256,98,73878,3499,100000
0$$HAR,14:22:24,420651847,-933288686,16386424,8552068,17043,98,73878,3499,100000
0$$HAR,14:22:27,420652366,-933281792,16409052,10343622,17013,98,73878,3499,100000
0$$HAR,14:22:30,420651016,-933276008,16439165,10009120,18548,98,73878,3499,100000
0$$HAR,14:22:33,420650319,-933269532,16473821,8492938,19824,98,73878,3499,100000
0$$HAR,14:22:36,420651760,-933263076,16497284,7280854,12522,98,73878,3499,100000
0$$HAR,14:22:39,420652762,-933259028,16529830,6759728,9552,98,73878,3499,100000
0$$HAR,14:22:42,420652775,-933257055,16558411,13623774,6586,99,73878,3499,100000
0$$HAR,14:22:45,420651626,-933253795,16587445,8981554,9892,99,73878,3499,100000
0$$HAR,14:22:48,420651120,-933249355,16618410,9688914,18511,99,73878,3499,100000
0$$HAR,14:22:51,420651074,-933244438,16651416,5353433,6905,99,73878,3499,100000
0$$HAR,14:22:54,420653260,-933241904,16681072,2160751,8758,99,73878,3499,100000
0$$HAR,14:22:57,420653862,-933241004,16713017,6788697,8475,99,73878,3499,100000
0$$HAR,14:23:00,420654754,-933239655,16753072,11544604,3415,99,73878,3499,100000
0$$HAR,14:23:03,420654823,-933235441,16790717,7234815,17175,99,73878,3499,100000
0$$HAR,14:23:06,420656971,-933229255,16811790,6626656,14475,99,73878,3499,100000
0$$HAR,14:23:09,420658856,-933225135,16847784,4419395,16848,99,73878,3499,100000
0$$HAR,14:23:12,420661269,-933222831,16879557,3014556,5099,99,73878,3499,100000
0$$HAR,14:23:15,420662120,-933220593,16911543,6810700,14716,99,73878,3499,100000
0$$HAR,14:23:18,420662738,-933215543,16942152,9301714,13220,99,73878,3499,100000
0$$HAR,14:23:21,420662952,-933213412,16974210,33671780,2789,99,73878,3499,100000
0$$HAR,14:23:24,420665213,-933212599,17007380,3825687,9165,99,73878,3499,100000
0$$HAR,14:23:27,420665613,-933208777,17040615,9010404,14445,99,73878,3499,100000
0$$HAR,14:23:30,420665483,-933206007,17069315,7239186,5273,99,73878,3499,100000
0$$HAR,14:23:33,420665740,-933203723,17102560,9613940,5875,99,73878,3499,100000
0$$HAR,14:23:36,420665509,-933199852,17134309,8830508,16616,99,73878,3499,100000
0$$HAR,14:23:39,420666573,-933193730,17157765,6859936,15308,99,73878,3499,100000
0$$HAR,14:23:42,420668386,-933188011,17185552,5462882,18749,99,73878,3499,100000
0$$HAR,14:23:45,420671444,-933184383,17214547,4039911,12839,99,73878,3499,100000
0$$HAR,14:23:48,420673496,-933182168,17247574,3862261,5304,99,73878,3499,100000
0$$HAR,14:23:51,420673357,-933177740,17283290,9824476,19146,99,73878,3499,100000
0$$HAR,14:23:54,420673976,-933172824,17320700,6242148,8344,99,73878,3499,100000
0$$HAR,14:23:57,420675913,-933170848,17350143,2349673,7771,99,73878,3499,100000
0$$HAR,14:24:00,420677373,-933168772,17374681,3859278,10420,99,73878,3499,100000
0$$HAR,14:24:03,420679436,-933166683,17399154,5870036,7484,99,73878,3499,100000
0$$HAR,14:24:06,420680031,-933165566,17428231,7218667,3551,99,73878,3499,100000
0$$HAR,14:24:09,420679057,-933162773,17461110,11163468,10918,99,73878,3499,100000
0$$HAR,14:24:12,420680340,-933157787,17497907,5486696,17478,99,73878,3499,100000
0$$HAR,14:24:15,420682114,-933155795,17533876,4555859,1442,99,73878,3499,100000
0$$HAR,14:24:18,420681457,-933155003,17565374,13914162,4347,99,73878,3499,100000
0$$HAR,14:24:21,420680856,-933154326,17599180,12713982,5331,99,73878,3499,100000
0$$HAR,14:24:24,420679859,-933150997,17634644,11266640,14122,99,73878,3499,100000
0$$HAR,14:24:27,420678870,-933147436,17656901,12890252,6430,99,73878,3499,100000
0$$HAR,14:24:30,420677538,-933145560,17679253,14342598,4531,98,73878,3499,100000
0$$HAR,14:24:33,420676744,-933145127,17708415,12224898,6586,98,73878,3499,100000
0$$HAR,14:24:36,420677437,-933142908,17748200,3417843,12677,98,73878,3499,100000
0$$HAR,14:24:39,420680205,-933143431,17777968,29870328,7277,98,73878,3499,100000
1$$HAR,14:24:42,420681474,-933144595,17816836,31105048,5540,98,73878,3499,100000
0$$HAR,14:24:45,420680483,-933145238,17848200,14033662,7362,98,73878,3499,100000
0$$HAR,14:24:48,420680614,-933143573,17881974,1230567,6695,98,73878,3499,100000
0$$HAR,14:24:51,420683091,-933141810,17913237,3170656,11506,98,73878,3499,100000
0$$HAR,14:24:54,420685591,-933141869,17943820,34639648,9377,98,73878,3499,100000
0$$HAR,14:24:57,420687635,-933141934,17967685,35893096,7200,98,73878,3499,100000
0$$HAR,14:25:00,420688610,-933142466,17994038,18894356,2523,98,73878,3499,100000
0$$HAR,14:25:03,420687526,-933140866,18019703,11346516,9664,98,73878,3499,100000
0$$HAR,14:25:06,420686778,-933137014,18047048,9499794,13468,98,73878,3499,100000
0$$HAR,14:25:09,420687399,-933131910,18075990,6401489,14264,98,73878,3499,100000
0$$HAR,14:25:12,420689492,-933127967,18102945,5736667,11806,98,73878,3499,100000
0$$HAR,14:25:15,420691837,-933124996,18133971,4371307,12226,98,73878,3499,100000
0$$HAR,14:25:18,420691811,-933121570,18174039,11579408,9571,98,73878,3499,100000
0$$HAR,14:25:21,420690418,-933118482,18200923,13308044,12113,98,73878,3499,100000
0$$HAR,14:25:24,420690073,-933115543,18243137,6161392,9938,98,73878,3499,100000
0$$HAR,14:25:27,420692137,-933110540,18276061,6490086,20733,99,73878,3499,100000
0$$HAR,14:25:30,420694251,-933105261,18307213,5521023,7412,100,73878,3499,100000
0$$HAR,14:25:33,420694814,-933103751,18343547,5448117,3125,100,73878,3499,100000
0$$HAR,14:25:36,420694710,-933102424,18373943,12322586,7426,100,73878,3499,100000
0$$HAR,14:25:39,420695439,-933099457,18415483,6308200,12410,97,73878,3499,100000
0$$HAR,14:25:42,420696189,-933093089,18448370,8976850,23598,97,73878,3499,100000
0$$HAR,14:25:45,420695426,-933087565,18481886,11646048,11910,97,73878,3499,100000
0$$HAR,14:25:48,420693206,-933085210,18515554,17024294,5249,97,73878,3499,100000
0$$HAR,14:25:51,420693090,-933084103,18552303,4850235,5947,97,73878,3499,100000
0$$HAR,14:25:54,420694689,-933082535,18580871,3318795,5853,97,73878,3499,100000
0$$HAR,14:25:57,420696028,-933081322,18612710,5632739,10171,97,73878,3499,100000
0$$HAR,14:26:00,420696639,-933076844,18647352,9189574,15115,97,73878,3499,100000
0$$HAR,14:26:03,420695655,-933073015,18674512,11947138,6860,97,73878,3499,100000
0$$HAR,14:26:06,420696104,-933070040,18715671,3413236,7782,97,73878,3499,100000
0$$HAR,14:26:09,420698354,-933069174,18745106,1634351,8053,97,73878,3499,100000
0$$HAR,14:26:12,420699687,-933066668,18785252,5965847,10691,97,73878,3499,100000
0$$HAR,14:26:15,420699119,-933061991,18825366,12986718,18093,97,73878,3499,100000
0$$HAR,14:26:18,420696893,-933059318,18845281,10409308,5923,97,73878,3499,100000
0$$HAR,14:26:21,420695451,-933056919,18875949,13051168,7988,97,73878,3499,100000
0$$HAR,14:26:24,420696536,-933054232,18913005,4543437,10806,95,73878,3499,100000
0$$HAR,14:26:27,420696951,-933054084,18952357,25301244,6680,95,73878,3499,100000
0$$HAR,14:26:30,420696427,-933055618,18992232,6164988,1650,95,73878,3499,100000
0$$HAR,14:26:33,420696169,-933056374,19037959,21361164,5381,95,73878,3499,100000
0$$HAR,14:26:36,420695254,-933056187,19078172,14820878,7118,95,73878,3499,100000
0$$HAR,14:26:39,420693176,-933055424,19104352,15034022,959,95,73878,3499,100000
0$$HAR,14:26:42,420694574,-933055524,19139217,226689,7163,95,73878,3499,100000
0$$HAR,14:26:45,420695304,-933052983,19173187,7424010,9337,95,73878,3499,100000
0$$HAR,14:26:48,420694700,-933051835,19210063,18347634,8329,95,73878,3499,100000
0$$HAR,14:26:51,420693396,-933053624,19242408,27546716,9891,95,73878,3499,100000
0$$HAR,14:26:54,420693759,-933056232,19270055,25638210,6843,95,73878,3499,100000
0$$HAR,14:26:57,420693618,-933059439,19298986,28318506,8121,95,73878,3499,100000
0$$HAR,14:27:00,420693640,-933062807,19325808,26277328,11062,95,73878,3499,100000
0$$HAR,14:27:03,420693992,-933065238,19367652,28813224,7031,95,73878,3499,100000
0$$HAR,14:27:06,420694956,-933067067,19418923,184519,9053,95,73878,3499,100000
0$$HAR,14:27:09,420698215,-933066767,19461058,34301412,13740,95,73878,3499,100000
0$$HAR,14:27:12,420701653,-933068603,19501678,31482842,11218,95,73878,3499,100000
0$$HAR,14:27:15,420702600,-933072487,19524715,27900284,4667,89,73878,3499,100000
0$$HAR,14:27:18,420703316,-933072182,19562325,7421629,4794,89,73878,3499,100000
0$$HAR,14:27:21,420704169,-933069198,19590270,7072648,10225,89,73878,3499,100000
0$$HAR,14:27:24,420705061,-933066493,19615849,5395352,9215,89,73878,3499,100000
0$$HAR,14:27:27,420705964,-933065710,19655866,29419666,5722,89,73878,3499,100000
0$$HAR,14:27:30,420706723,-933067580,19681877,25703764,4436,89,73878,3499,100000
0$$HAR,14:27:33,420706048,-933067253,19711172,13551538,5803,84,73878,3499,100000
0$$HAR,14:27:36,420704792,-933065314,19745066,11628586,7541,84,73878,3499,100000
0$$HAR,14:27:39,420704190,-933060705,19775526,8979840,16562,84,73878,3499,100000
0$$HAR,14:27:42,420704336,-933058004,19814998,35089752,256,84,73878,3499,100000
0$$HAR,14:27:45,420704524,-933058125,19850521,388627,2717,84,73878,3499,100000
0$$HAR,14:27:48,420704660,-933058091,19886570,17850434,6556,84,73878,3499,100000
0$$HAR,14:27:51,420701757,-933058320,19914233,18586004,10069,84,73878,3499,100000
0$$HAR,14:27:54,420699378,-933056978,19943725,15280644,12787,84,73878,3499,100000
0$$HAR,14:27:57,420696805,-933055350,19977564,14002586,9483,98,73878,3499,100000
0$$HAR,14:28:00,420694327,-933052213,20004514,13375766,11593,85,73878,3499,100000
0$$HAR,14:28:03,420693032,-933048817,20024576,10626430,10310,85,73878,3499,100000
1$$HAR,14:28:06,420693312,-933045760,20049797,4914361,7141,85,73878,3499,100000
0$$HAR,14:28:09,420693960,-933043356,20075128,7997964,8593,85,73878,3499,100000
0$$HAR,14:28:12,420694896,-933041586,20097587,4059413,4808,85,73878,3499,100000
0$$HAR,14:28:15,420695129,-933040053,20123545,8622414,615,85,73878,3499,100000
0$$HAR,14:28:18,420693804,-933041553,20158845,19245968,12115,85,73878,3499,100000
0$$HAR,14:28:21,420691423,-933042637,20199236,22317730,8062,85,73878,3499,100000
0$$HAR,14:28:24,420687918,-933043752,20227324,16343892,16236,85,73878,3499,100000
0$$HAR,14:28:27,420686277,-933044531,20265388,24996812,10054,85,73878,3499,100000
0$$HAR,14:28:30,420686612,-933046709,20305021,30397172,7808,85,73878,3499,100000
0$$HAR,14:28:33,420688101,-933049007,20338417,32845972,9873,85,73878,3499,100000
0$$HAR,14:28:36,420690296,-933050696,20365875,33735672,6664,85,73878,3499,100000
0$$HAR,14:28:39,420691589,-933050506,20393239,34651592,2333,85,73878,3499,100000
0$$HAR,14:28:42,420690512,-933050446,20431910,14379766,3707,85,73878,3499,100000
0$$HAR,14:28:45,420691748,-933051639,20474106,31726142,10287,85,73878,3499,100000
0$$HAR,14:28:48,420694092,-933053521,20503645,33538822,13808,85,73878,3499,100000
0$$HAR,14:28:51,420696107,-933055479,20534167,31574732,6471,85,73878,3499,100000
0$$HAR,14:28:54,420698806,-933055884,20568769,2451556,9980,85,73878,3499,100000
0$$HAR,14:28:57,420699852,-933053757,20601832,5985370,8281,85,73878,3499,100000
0$$HAR,14:29:00,420701974,-933052943,20646146,1016257,9587,85,73878,3499,100000
0$$HAR,14:29:03,420704639,-933050520,20675903,4940715,13088,85,73878,3499,100000
1$$HAR,14:29:06,420706049,-933048047,20705916,3305769,5013,85,73878,3499,100000
0$$HAR,14:29:09,420707725,-933045297,20744663,3646658,11749,85,73878,3499,100000
0$$HAR,14:29:12,420710901,-933044912,20778550,35354340,12174,85,73878,3499,100000
0$$HAR,14:29:15,420713946,-933045383,20807976,34444636,11644,85,73878,3499,100000
0$$HAR,14:29:18,420716370,-933047650,20833299,29866078,10226,85,73878,3499,100000
0$$HAR,14:29:21,420717135,-933050064,20856565,31568588,6349,85,73878,3499,100000
0$$HAR,14:29:24,420718569,-933050142,20885551,6076971,7594,85,73878,3499,100000
0$$HAR,14:29:27,420718547,-933047986,20914190,9446504,2380,85,73878,3499,100000
0$$HAR,14:29:30,420719124,-933045778,20946278,4932905,5454,85,73878,3499,100000
0$$HAR,14:29:33,420720346,-933047324,20983762,31950710,8641,85,73878,3499,100000
0$$HAR,14:29:36,420721028,-933046190,21030728,13842578,4948,85,73878,3499,100000
0$$HAR,14:29:39,420719446,-933045390,21069309,14141722,9464,85,73878,3499,100000
0$$HAR,14:29:42,420717877,-933043238,21093960,19538750,3347,85,73878,3499,100000
0$$HAR,14:29:45,420717710,-933044161,21128379,31137524,3633,85,73878,3499,100000
0$$HAR,14:29:48,420717202,-933045603,21160688,20168258,8053,85,73878,3499,100000
0$$HAR,14:29:51,420717612,-933046626,21195909,32734690,10612,85,73878,3499,100000
0$$HAR,14:29:54,420719132,-933047690,21229471,1820451,5806,85,73878,3499,100000
0$$HAR,14:29:57,420721113,-933047371,21258344,30737054,7295,85,73878,3499,100000
0$$HAR,14:30:00,420721290,-933049909,21293803,28826532,4946,85,73878,3499,100000
0$$HAR,14:30:03,420720634,-933052442,21323881,24202182,12213,85,73878,3499,100000
0$$HAR,14:30:06,420720934,-933055836,21357387,31850964,7541,85,73878,3499,100000
0$$HAR,14:30:09,420720252,-933058456,21396164,20869970,8865,85,73878,3499,100000
0$$HAR,14:30:12,420719383,-933057298,21430172,8631598,6474,85,73878,3499,100000
0$$HAR,14:30:15,420719362,-933055115,21461857,7846138,6401,85,73878,3499,100000
0$$HAR,14:30:18,420719559,-933052325,21485900,8736496,7740,85,73878,3499,100000
0$$HAR,14:30:21,420720866,-933050651,21518845,215693,8203,85,73878,3499,100000
0$$HAR,14:30:24,420723326,-933051027,21553843,35843276,11352,85,73878,3499,100000
0$$HAR,14:30:27,420726088,-933051870,21589054,33672944,9085,107,73878,3499,100000
0$$HAR,14:30:30,420727493,-933053278,21623771,1780874,9584,84,73878,3499,100000
0$$HAR,14:30:33,420728311,-933051324,21668038,14158318,7023,84,73878,3499,100000
0$$HAR,14:30:36,420726529,-933048711,21701875,12333372,9476,84,73878,3499,100000
0$$HAR,14:30:39,420725426,-933046387,21730004,11532370,8026,84,73878,3499,100000
0$$HAR,14:30:42,420725278,-933044378,21768399,8610764,3148,84,73878,3499,100000
0$$HAR,14:30:45,420726190,-933041881,21799638,4793411,10804,84,73878,3499,100000
0$$HAR,14:30:48,420726929,-933040283,21826066,11101064,5225,84,73878,3499,100000
0$$HAR,14:30:51,420726616,-933039435,21865715,24568858,5881,84,73878,3499,100000
0$$HAR,14:30:54,420726276,-933042731,21907837,30721754,6111,84,73878,3499,100000
0$$HAR,14:30:57,420728806,-933045072,21945582,30535038,15015,84,73878,3499,100000
0$$HAR,14:31:00,420730318,-933048555,21978902,32211852,12151,79,73878,3499,100000
0$$HAR,14:31:03,420733476,-933051437,22011767,33523790,13647,79,73878,3499,100000
0$$HAR,14:31:06,420736833,-933051691,22041906,1771829,12640,79,73878,3499,100000
0$$HAR,14:31:09,420740197,-933051878,22070421,34222860,15363,79,73878,3499,100000
0$$HAR,14:31:12,420743399,-933051699,22100238,2909704,11286,79,73878,3499,100000
0$$HAR,14:31:15,420746323,-933050109,22121730,498894,10227,79,73878,3499,100000
0$$HAR,14:31:18,420747583,-933049707,22158261,28566078,2302,79,73878,3499,100000
0$$HAR,14:31:21,420748894,-933052204,22192590,33250834,8158,79,73878,3499,100000
0$$HAR,14:31:24,420749329,-933051486,22236124,2220798,3350,79,73878,3499,100000
0$$HAR,14:31:27,420751824,-933054062,22275862,30921140,18050,79,73878,3499,100000
0$$HAR,14:31:30,420753600,-933057853,22311806,30198824,8927,79,73878,3499,100000
0$$HAR,14:31:33,420756469,-933061706,22351313,31823870,14579,79,73878,3499,100000
0$$HAR,14:31:36,420758508,-933063905,22395218,33090490,11370,79,73878,3499,100000
0$$HAR,14:31:39,420761646,-933064450,22446738,3991802,7223,79,73878,3499,100000
0$$HAR,14:31:42,420761844,-933061914,22479147,10632564,5939,79,73878,3499,100000
0$$HAR,14:31:45,420761750,-933061295,22509614,12291344,2951,79,73878,3499,100000
0$$HAR,14:31:48,420761048,-933061722,22540536,25702104,8487,79,73878,3499,100000
0$$HAR,14:31:51,420761119,-933063812,22570420,9778232,3056,79,73878,3499,100000
0$$HAR,14:31:54,420762724,-933063744,22610315,32115810,13047,79,73878,3499,100000
0$$HAR,14:31:57,420765036,-933066345,22651896,713008,10678,79,73878,3499,100000
0$$HAR,14:32:00,420767744,-933063995,22690030,5384002,9255,79,73878,3499,100000
0$$HAR,14:32:03,420767599,-933063081,22728487,12897054,2493,79,73878,3499,100000
0$$HAR,14:32:06,420768690,-933064149,22778179,31054586,7457,79,73878,3499,100000
0$$HAR,14:32:09,420769011,-933062791,22828133,8247583,11785,79,73878,3499,100000
0$$HAR,14:32:12,420769182,-933058604,22859446,10716336,5421,79,73878,3499,100000
0$$HAR,14:32:15,420768056,-933059036,22899994,21296432,5581,79,73878,3499,100000
0$$HAR,14:32:18,420766976,-933060064,22939077,24920918,8118,79,73878,3499,100000
0$$HAR,14:32:21,420766666,-933062949,22977744,30195386,4312,77,73878,3499,100000
0$$HAR,14:32:24,420768980,-933062960,23012408,299208,11412,77,73878,3499,100000
0$$HAR,14:32:27,420769722,-933063276,23053054,17031684,4633,77,73878,3499,100000
0$$HAR,14:32:30,420768743,-933064777,23095845,25047012,8621,77,73878,3499,100000
0$$HAR,14:32:33,420767644,-933065526,23139948,14860224,9198,77,73878,3499,100000
0$$HAR,14:32:36,420765782,-933066021,23182255,25962054,10964,77,73878,3499,100000
0$$HAR,14:32:39,420767289,-933068597,23228553,33342422,4011,77,73878,3499,100000
0$$HAR,14:32:42,420768938,-933073117,23269155,31787184,23228,77,73878,3499,100000
0$$HAR,14:32:45,420771906,-933075684,23292590,28426112,11463,77,73878,3499,100000
0$$HAR,14:32:48,420774158,-933080095,23318408,32977292,9178,77,73878,3499,100000
0$$HAR,14:32:51,420774235,-933083467,23348743,27442578,15656,77,73878,3499,100000
0$$HAR,14:32:54,420774942,-933085298,23382358,14356182,3040,77,73878,3499,100000
0$$HAR,14:32:57,420774861,-933086956,23423167,32025098,8169,77,73878,3499,100000
0$$HAR,14:33:00,420776984,-933087013,23459809,35959784,7912,77,73878,3499,100000
0$$HAR,14:33:03,420779389,-933089384,23484571,31331308,14623,101,73878,3499,100000
0$$HAR,14:33:06,420780090,-933092312,23520150,23866432,6636,81,73878,3499,100000
0$$HAR,14:33:09,420779335,-933094960,23550668,26689126,8080,76,73878,3499,100000
0$$HAR,14:33:12,420780100,-933095727,23583392,1995197,5974,76,73878,3499,100000
0$$HAR,14:33:15,420781585,-933097163,23620537,29699264,6648,76,73878,3499,100000
0$$HAR,14:33:18,420782042,-933096792,23651579,5525744,7725,76,73878,3499,100000
0$$HAR,14:33:21,420782966,-933099420,23692966,24554356,12586,76,73878,3499,100000
0$$HAR,14:33:24,420783218,-933099542,23731217,992340,13079,80,73878,3499,100000
0$$HAR,14:33:27,420784136,-933099773,23771927,11662138,8504,76,73878,3499,100000
0$$HAR,14:33:30,420785350,-933100606,23821883,28232196,13594,76,73878,3499,100000
0$$HAR,14:33:33,420784361,-933105027,23864327,27978394,8732,77,73878,3499,100000
0$$HAR,14:33:36,420784797,-933108354,23914961,22710850,12255,76,73878,3499,100000
0$$HAR,14:33:39,420782978,-933110582,23942640,19090684,1442,80,73878,3499,100000
0$$HAR,14:33:42,420784538,-933113396,23973134,30103964,13098,81,73878,3499,100000
0$$HAR,14:33:45,420784336,-933113766,24015498,18447056,7693,77,73878,3499,100000
0$$HAR,14:33:48,420784946,-933116928,24064800,28811172,8088,77,73878,3499,100000
0$$HAR,14:33:51,420784789,-933120750,24111479,24629898,12560,76,73878,3499,100000
0$$HAR,14:33:54,420784413,-933124715,24166591,31212306,10301,78,73878,3499,100000
0$$HAR,14:33:57,420787023,-933125637,24207337,388180,10600,77,73878,3499,100000
0$$HAR,14:34:00,420788457,-933127610,24242341,28507554,14500,78,73878,3499,100000
0$$HAR,14:34:03,420789793,-933130535,24281231,393020,2372,77,73878,3499,100000
0$$HAR,14:34:06,420790076,-933132668,24324875,29312328,14246,77,73878,3499,100000
0$$HAR,14:34:09,420791755,-933134752,24372155,5799322,1994,78,73878,3499,100000
0$$HAR,14:34:12,420791098,-933134628,24405150,32799782,7836,77,73878,3499,100000
0$$HAR,14:34:15,420793423,-933135921,24438227,34428412,7919,78,73878,3499,100000
0$$HAR,14:34:18,420792719,-933135841,24469303,19557924,12537,83,73878,3499,100000
0$$HAR,14:34:21,420792674,-933135724,24515369,2518837,9134,79,73878,3499,100000
0$$HAR,14:34:24,420794860,-933135828,24556840,27434786,6340,77,73878,3499,100000
0$$HAR,14:34:27,420794534,-933135980,24608374,2581724,6155,78,73878,3499,100000
0$$HAR,14:34:30,420794862,-933134069,24655679,12746536,11129,78,73878,3499,100000
0$$HAR,14:34:33,420792901,-933131964,24694623,17262634,7288,77,73878,3499,100000
0$$HAR,14:34:36,420791950,-933133187,24719581,26476078,4374,78,73878,3499,100000
0$$HAR,14:34:39,420791791,-933133707,24755393,4704931,2942,77,73878,3499,100000
0$$HAR,14:34:42,420793108,-933131745,24784970,7130284,7171,77,73878,3499,100000
0$$HAR,14:34:45,420792746,-933129912,24814979,5609171,953,77,73878,3499,100000
0$$HAR,14:34:48,420792680,-933130220,24846155,20612438,6011,77,73878,3499,100000
0$$HAR,14:34:51,420790687,-933130604,24873955,20544138,2515,77,73878,3499,100000
0$$HAR,14:34:54,420791181,-933130221,24913626,8828028,5559,77,73878,3499,100000
0$$HAR,14:34:57,420789931,-933129111,24954356,24112674,6500,77,73878,3499,100000
0$$HAR,14:35:00,420790029,-933131510,24989535,20739100,6534,77,73878,3499,100000
0$$HAR,14:35:03,420787824,-933131525,25027903,16517746,6303,111,73878,3499,100000
0$$HAR,14:35:06,420789264,-933132836,25066978,33654612,14146,78,73878,3499,100000
0$$HAR,14:35:09,420789428,-933135898,25108695,25093526,7272,78,73878,3499,100000
0$$HAR,14:35:12,420789590,-933140421,25151486,30243778,15745,77,73878,3499,100000
0$$HAR,14:35:15,420790219,-933142430,25197128,21031408,8385,77,73878,3499,100000
0$$HAR,14:35:18,420788791,-933144318,25233996,18838146,1637,78,73878,3499,100000
0$$HAR,14:35:21,420789486,-933145142,25276936,32244052,10783,77,73878,3499,100000
0$$HAR,14:35:24,420791887,-933146025,25316622,219285,7318,77,73878,3499,100000
0$$HAR,14:35:27,420792415,-933145739,25359119,29927734,5387,77,73878,3499,100000
0$$HAR,14:35:30,420793741,-933148231,25412073,25874368,9971,77,73878,3499,100000
0$$HAR,14:35:33,420792489,-933151581,25446479,23099310,9515,113,73878,3499,100000
0$$HAR,14:35:36,420792494,-933154414,25485612,25551030,17009,79,73878,3499,100000
0$$HAR,14:35:39,420791064,-933154802,25524337,7263937,5954,78,73878,3499,100000
0$$HAR,14:35:42,420789781,-933155711,25566200,21323010,11423,81,73878,3499,100000
0$$HAR,14:35:45,420787656,-933158015,25550139,22410822,7693,80,73878,3499,100000
0$$HAR,14:35:48,420786283,-933159659,25472659,22995250,5369,80,73878,3499,100000
0$$HAR,14:35:51,420785751,-933161215,25374175,27884482,4838,80,73878,3499,100000
0$$HAR,14:35:54,420786927,-933163349,25268522,32798810,4239,80,73878,3499,100000
0$$HAR,14:35:57,420787394,-933165291,25158918,30044368,5556,81,73878,3499,100000
0$$HAR,14:36:00,420787716,-933167465,25053488,28419310,2765,80,73878,3499,100000
0$$HAR,14:36:03,420787895,-933169139,24949437,29483408,1821,80,73878,3499,100000
0$$HAR,14:36:06,420787896,-933169762,24845893,5362002,1435,80,73878,3499,100000
0$$HAR,14:36:09,420787892,-933169399,24741362,3983777,4186,80,73878,3499,100000
0$$HAR,14:36:12,420787949,-933168981,24639969,12977580,3166,80,73878,3499,100000
0$$HAR,14:36:15,420787060,-933168895,24540566,18943660,3019,80,73878,3499,100000
0$$HAR,14:36:18,420786821,-933169215,24440854,6014170,2320,80,73878,3499,100000
0$$HAR,14:36:21,420787674,-933169863,24340680,33765840,5527,80,73878,3499,100000
0$$HAR,14:36:24,420788600,-933170851,24242249,31245466,6981,80,73878,3499,100000
0$$HAR,14:36:27,420789008,-933172529,24143596,29962052,7637,80,73878,3499,100000
0$$HAR,14:36:30,420789044,-933173984,24040593,25133340,8722,80,73878,3499,100000
0$$HAR,14:36:33,420789127,-933175913,23934675,25232574,8286,80,73878,3499,100000
0$$HAR,14:36:36,420789454,-933178506,23834081,27732488,5301,80,73878,3499,100000
0$$HAR,14:36:39,420789519,-933180108,23738892,26176228,5115,80,73878,3499,100000
0$$HAR,14:36:42,420789603,-933182159,23643567,26712402,3726,80,73878,3499,100000
0$$HAR,14:36:45,420789613,-933184353,23545041,29092782,5223,80,73878,3499,100000
0$$HAR,14:36:48,420789971,-933186783,23448533,30062152,6451,80,73878,3499,100000
0$$HAR,14:36:51,420790910,-933189125,23353874,31079932,8593,80,73878,3499,100000
0$$HAR,14:36:54,420792352,-933191193,23261041,32871766,5713,81,73878,3499,100000
0$$HAR,14:36:57,420793166,-933192547,23170462,33343206,5179,80,73878,3499,100000
0$$HAR,14:37:00,420793782,-933193937,23080348,33337528,3419,80,73878,3499,100000
0$$HAR,14:37:03,420794370,-933194422,22989298,689937,1398,80,73878,3499,100000
0$$HAR,14:37:06,420794378,-933193043,22897683,13308648,2651,80,73878,3499,100000
0$$HAR,14:37:09,420794248,-933192123,22809047,15431344,597,80,73878,3499,100000
0$$HAR,14:37:12,420794931,-933192085,22721499,4214234,3328,80,73878,3499,100000
0$$HAR,14:37:15,420795610,-933191560,22638930,2663651,3182,83,73878,3499,100000
0$$HAR,14:37:18,420796604,-933191667,22554751,759082,4883,80,73878,3499,100000
0$$HAR,14:37:21,420798155,-933192103,22468493,603948,3669,80,73878,3499,100000
0$$HAR,14:37:24,420799866,-933192721,22380609,33087652,5757,80,73878,3499,100000
0$$HAR,14:37:27,420801360,-933194588,22292637,32087046,5079,80,73878,3499,100000
0$$HAR,14:37:30,420802249,-933196282,22206227,35033164,3749,80,73878,3499,100000
0$$HAR,14:37:33,420803759,-933196916,22120720,2183930,6093,80,73878,3499,100000
0$$HAR,14:37:36,420805721,-933197616,22036118,35002252,4679,80,73878,3499,100000
0$$HAR,14:37:39,420807648,-933198226,21952789,35822844,3159,80,73878,3499,100000
0$$HAR,14:37:42,420808969,-933198560,21870274,34834168,4596,80,73878,3499,100000
0$$HAR,14:37:45,420809519,-933198514,21786311,31802678,4699,80,73878,3499,100000
0$$HAR,14:37:48,420809809,-933199008,21703696,26847064,3926,80,73878,3499,100000
0$$HAR,14:37:51,420810100,-933199019,21623667,35026764,1215,83,73878,3499,100000
0$$HAR,14:37:54,420811000,-933198870,21543363,32469914,533,80,73878,3499,100000
0$$HAR,14:37:57,420811982,-933198705,21461652,32876100,3237,80,73878,3499,100000
0$$HAR,14:38:00,420813167,-933199480,21381448,29778698,3144,80,73878,3499,100000
0$$HAR,14:38:03,420813519,-933200227,21305926,32356450,1432,80,73878,3499,100000
0$$HAR,14:38:06,420813811,-933200806,21231674,29801662,2823,80,73878,3499,100000
0$$HAR,14:38:09,420814306,-933200754,21152788,7436131,3948,81,73878,3499,100000
0$$HAR,14:38:12,420814776,-933199742,21074192,5203498,6151,81,73878,3499,100000
0$$HAR,14:38:15,420815781,-933199672,20996208,1517106,3883,89,73878,3499,100000
0$$HAR,14:38:18,420816291,-933200380,20921975,33085308,1637,83,73878,3499,100000
0$$HAR,14:38:21,420817011,-933200581,20847189,28493044,2252,79,73878,3499,100000
0$$HAR,14:38:24,420817538,-933200036,20770290,779566,6028,79,73878,3499,100000
0$$HAR,14:38:27,420818128,-933199829,20693741,1499065,4336,79,73878,3499,100000
0$$HAR,14:38:30,420819216,-933200081,20617605,1888025,3928,79,73878,3499,100000
0$$HAR,14:38:33,420820439,-933201077,20543494,30396446,4782,83,73878,3499,100000
0$$HAR,14:38:36,420821301,-933202583,20473069,28461966,5169,79,73878,3499,100000
0$$HAR,14:38:39,420821262,-933203552,20405476,24215956,4177,83,73878,3499,100000
0$$HAR,14:38:42,420821157,-933204292,20335789,23778812,4080,79,73878,3499,100000
0$$HAR,14:38:45,420820495,-933204343,20263945,1669160,566,79,73878,3499,100000
0$$HAR,14:38:48,420819185,-933204529,20192599,17811286,7815,79,73878,3499,100000
0$$HAR,14:38:51,420817741,-933204570,20120663,17094042,6425,83,73878,3499,100000
0$$HAR,14:38:54,420816252,-933203975,20052978,16994656,2228,79,73878,3499,100000
0$$HAR,14:38:57,420815978,-933203893,19983861,18733256,4555,79,73878,3499,100000
0$$HAR,14:39:00,420814666,-933203440,19915952,14417050,7588,79,73878,3499,100000
0$$HAR,14:39:03,420812887,-933201640,19848479,13316620,11987,79,73878,3499,100000
0$$HAR,14:39:06,420811755,-933198516,19779261,11342384,10190,79,73878,3499,100000
0$$HAR,14:39:09,420810685,-933195887,19711909,15226844,6674,79,73878,3499,100000
0$$HAR,14:39:12,420808835,-933193780,19644914,15048766,9794,79,73878,3499,100000
0$$HAR,14:39:15,420807902,-933192235,19580799,11459256,2403,79,73878,3499,100000
0$$HAR,14:39:18,420808146,-933190879,19513601,13046356,2624,79,73878,3499,100000
0$$HAR,14:39:21,420808530,-933190173,19443261,10607110,2786,79,73878,3499,100000
0$$HAR,14:39:24,420809341,-933190734,19373311,35162416,5127,79,73878,3499,100000
0$$HAR,14:39:27,420810459,-933191658,19303118,35748832,7999,79,73878,3499,100000
0$$HAR,14:39:30,420811418,-933193315,19230538,30472004,8153,79,73878,3499,100000
0$$HAR,14:39:33,420812049,-933194938,19163301,27162800,3196,79,73878,3499,100000
0$$HAR,14:39:36,420812120,-933194946,19094953,31950750,3420,79,73878,3499,100000
0$$HAR,14:39:39,420812435,-933194711,19029166,32387872,3242,79,73878,3499,100000
0$$HAR,14:39:42,420812984,-933194836,18962062,33520504,456,79,73878,3499,100000
0$$HAR,14:39:45,420813790,-933194668,18896463,8761688,4437,79,73878,3499,100000
0$$HAR,14:39:48,420813216,-933193032,18829731,13037174,5045,79,73878,3499,100000
0$$HAR,14:39:51,420812785,-933190859,18763891,12095160,6199,79,73878,3499,100000
0$$HAR,14:39:54,420813253,-933188041,18697990,9725088,7784,79,73878,3499,100000
0$$HAR,14:39:57,420814250,-933185633,18630662,5947202,10721,79,73878,3499,100000
0$$HAR,14:40:00,420814548,-933183331,18563669,7147278,9650,79,73878,3499,100000
0$$HAR,14:40:03,420814377,-933179648,18497549,7874945,13130,79,73878,3499,100000
0$$HAR,14:40:06,420814445,-933176258,18433508,7905691,11278,79,73878,3499,100000
1$$HAR,14:40:09,420815734,-933172668,18369565,5899794,5861,79,73878,3499,100000
0$$HAR,14:40:12,420816237,-933169249,18306546,9033406,10911,79,73878,3499,100000
0$$HAR,14:40:15,420816955,-933166172,18242798,8024337,10733,79,73878,3499,100000
0$$HAR,14:40:18,420817351,-933163369,18178759,9740372,11794,79,73878,3499,100000
0$$HAR,14:40:21,420817915,-933160645,18116546,6377250,10423,83,73878,3499,100000
0$$HAR,14:40:24,420818098,-933158033,18054418,6225975,7133,83,73878,3499,100000
0$$HAR,14:40:27,420818583,-933156094,17991604,4131487,8008,83,73878,3499,100000
0$$HAR,14:40:30,420819507,-933154313,17928356,2634640,6850,83,73878,3499,100000
0$$HAR,14:40:33,420820556,-933153147,17867991,865903,3565,83,73878,3499,100000
0$$HAR,14:40:36,420821856,-933152837,17811659,28835816,4429,106,73878,3499,100000
0$$HAR,14:40:39,420822770,-933152997,17752227,5784938,2147,85,73878,3499,100000
0$$HAR,14:40:42,420823348,-933151497,17692969,10480666,1117,86,73878,3499,100000
0$$HAR,14:40:45,420822227,-933149957,17633218,12407874,3763,85,73878,3499,100000
0$$HAR,14:40:48,420822079,-933147597,17572215,10050034,5183,85,73878,3499,100000
0$$HAR,14:40:51,420821887,-933144609,17511631,11478600,7991,83,73878,3499,100000
0$$HAR,14:40:54,420821132,-933140974,17454349,13104072,9983,83,73878,3499,100000
0$$HAR,14:40:57,420819748,-933137906,17399171,11311704,8598,83,73878,3499,100000
0$$HAR,14:41:00,420818670,-933134144,17344992,11015620,15357,83,73878,3499,100000
0$$HAR,14:41:03,420818365,-933128823,17289837,8469724,13515,83,73878,3499,100000
0$$HAR,14:41:06,420818803,-933124831,17234170,7408140,12933,83,73878,3499,100000
0$$HAR,14:41:09,420819862,-933121675,17179138,5860436,5109,83,73878,3499,100000
0$$HAR,14:41:12,420820959,-933118953,17124373,3996180,10901,83,73878,3499,100000
0$$HAR,14:41:15,420822770,-933115601,17066952,3442179,11511,83,73878,3499,100000
0$$HAR,14:41:18,420824311,-933112604,17008823,6021085,11390,83,73878,3499,100000
0$$HAR,14:41:21,420826328,-933108875,16954663,4006826,15531,83,73878,3499,100000
0$$HAR,14:41:24,420828818,-933104285,16900606,5542812,14318,83,73878,3499,100000
0$$HAR,14:41:27,420830181,-933099994,16848714,6165609,13227,83,73878,3499,100000
0$$HAR,14:41:30,420831893,-933096158,16796720,5247232,10965,83,73878,3499,100000
0$$HAR,14:41:33,420833244,-933092488,16742946,5012472,11137,83,73878,3499,100000
0$$HAR,14:41:36,420834317,-933089854,16690103,4685072,4069,83,73878,3499,100000
0$$HAR,14:41:39,420834726,-933086558,16633731,9226088,12980,83,73878,3499,100000
0$$HAR,14:41:42,420835075,-933082694,16579301,8299860,13475,83,73878,3499,100000
0$$HAR,14:41:45,420835366,-933078690,16528073,8406166,7438,83,73878,3499,100000
0$$HAR,14:41:48,420835106,-933074459,16475123,9413932,16170,83,73878,3499,100000
0$$HAR,14:41:51,420834392,-933068515,16421429,9340704,19085,84,73878,3499,100000
0$$HAR,14:41:54,420833815,-933063324,16367758,9314372,13802,84,73878,3499,100000
0$$HAR,14:41:57,420833392,-933059649,16316886,8633116,8984,84,73878,3499,100000
0$$HAR,14:42:00,420833867,-933056666,16263997,11790708,8856,84,73878,3499,100000
0$$HAR,14:42:03,420833353,-933053330,16210235,10824574,13257,84,73878,3499,100000
0$$HAR,14:42:06,420833254,-933049799,16156018,9464346,11166,84,73878,3499,100000
0$$HAR,14:42:09,420833354,-933045652,16105474,9638526,10839,84,73878,3499,100000
0$$HAR,14:42:12,420833395,-933042372,16055260,9903706,11727,84,73878,3499,100000
0$$HAR,14:42:15,420833625,-933038955,16005746,5948822,11647,84,73878,3499,100000
0$$HAR,14:42:18,420834231,-933034614,15955342,8930996,13612,84,73878,3499,100000
0$$HAR,14:42:21,420834507,-933029411,15906447,8685148,10616,84,73878,3499,100000
0$$HAR,14:42:24,420835292,-933025581,15856522,8968310,13492,84,73878,3499,100000
0$$HAR,14:42:27,420834763,-933020641,15808251,9263192,15862,84,73878,3499,100000
0$$HAR,14:42:30,420835055,-933017495,15759227,5995167,6530,84,73878,3499,100000
0$$HAR,14:42:33,420836120,-933014585,15709136,9622700,5147,84,73878,3499,100000
0$$HAR,14:42:36,420836569,-933012801,15660592,6545418,9301,84,73878,3499,100000
0$$HAR,14:42:39,420837144,-933009689,15615213,9422452,9041,84,73878,3499,100000
0$$HAR,14:42:42,420837464,-933004680,15567114,8703474,17376,84,73878,3499,100000
0$$HAR,14:42:45,420838435,-932999245,15521661,7519942,16395,84,73878,3499,100000
0$$HAR,14:42:48,420838466,-932994434,15474276,11145700,8982,84,73878,3499,100000
0$$HAR,14:42:51,420838464,-932990219,15427047,8742156,13879,84,73878,3499,100000
0$$HAR,14:42:54,420837978,-932985994,15382595,9136044,13181,84,73878,3499,100000
0$$HAR,14:42:57,420836824,-932980993,15334461,10550606,13026,84,73878,3499,100000
0$$HAR,14:43:00,420835612,-932975451,15286370,9954428,12550,84,73878,3499,100000
0$$HAR,14:43:03,420834714,-932969384,15235712,11331850,14610,84,73878,3499,100000
0$$HAR,14:43:06,420834595,-932964429,15184942,9431432,17486,94,73878,3499,100000
0$$HAR,14:43:09,420834092,-932958523,15136738,9784650,19546,84,73878,3499,100000
0$$HAR,14:43:12,420833770,-932951813,15090175,8321557,20850,84,73878,3499,100000
0$$HAR,14:43:15,420833631,-932944172,15042635,8400794,17144,84,73878,3499,100000
0$$HAR,14:43:18,420833454,-932937956,14995132,10586132,16108,84,73878,3499,100000
0$$HAR,14:43:21,420832336,-932930952,14949352,8587938,20075,84,73878,3499,100000
0$$HAR,14:43:24,420832439,-932924701,14901183,8934284,18674,84,73878,3499,100000
0$$HAR,14:43:27,420832460,-932919244,14856095,9757974,17117,84,73878,3499,100000
0$$HAR,14:43:30,420833467,-932913439,14809391,8359400,18562,84,73878,3499,100000
0$$HAR,14:43:33,420833412,-932908170,14762138,8325861,11325,84,73878,3499,100000
0$$HAR,14:43:36,420833166,-932903424,14715685,8309309,16711,84,73878,3499,100000
0$$HAR,14:43:39,420832792,-932898261,14670129,10717458,18267,84,73878,3499,100000
0$$HAR,14:43:42,420830693,-932892421,14626773,12473076,15145,84,73878,3499,100000
0$$HAR,14:43:45,420829165,-932886890,14581464,8690084,15657,84,73878,3499,100000
0$$HAR,14:43:48,420828733,-932881931,14536740,8467902,13737,84,73878,3499,100000
0$$HAR,14:43:51,420828706,-932878189,14491828,11594722,12436,84,73878,3499,100000
0$$HAR,14:43:54,420828589,-932873249,14443849,6448889,9282,84,73878,3499,100000
0$$HAR,14:43:57,420828884,-932868863,14394770,7501491,15072,84,73878,3499,100000
1$$HAR,14:44:00,420829355,-932865330,14348981,6888069,12325,84,73878,3499,100000
0$$HAR,14:44:03,420829520,-932858145,14303453,8955380,24596,84,73878,3499,100000
0$$HAR,14:44:06,420830286,-932849540,14261667,9290164,24044,84,73878,3499,100000
0$$HAR,14:44:09,420830109,-932842704,14217662,8922598,17936,84,73878,3499,100000
0$$HAR,14:44:12,420830361,-932835238,14173058,8073252,15593,84,73878,3499,100000
0$$HAR,14:44:15,420829643,-932829422,14127343,9305454,21277,84,73878,3499,100000
0$$HAR,14:44:18,420829127,-932822572,14082281,10583648,21768,84,73878,3499,100000
0$$HAR,14:44:21,420828630,-932815270,14038556,10575998,19002,84,73878,3499,100000
0$$HAR,14:44:24,420827054,-932808041,13997486,9319982,22434,84,73878,3499,100000
0$$HAR,14:44:27,420827125,-932801543,13953532,9892276,18081,84,73878,3499,100000
0$$HAR,14:44:30,420827234,-932795707,13910270,9090160,20796,84,73878,3499,100000
0$$HAR,14:44:33,420827772,-932788065,13869440,8551220,23161,84,73878,3499,100000
0$$HAR,14:44:36,420828676,-932779593,13830348,8772648,23479,84,73878,3499,100000
0$$HAR,14:44:39,420828617,-932772301,13787448,7620108,19252,84,73878,3499,100000
0$$HAR,14:44:42,420829150,-932765896,13745031,7286302,20239,84,73878,3499,100000
0$$HAR,14:44:45,420829802,-932758456,13701106,9009106,18491,84,73878,3499,100000
0$$HAR,14:44:48,420831057,-932751028,13657606,8466114,24569,86,73878,3499,100000
0$$HAR,14:44:51,420831015,-932743052,13616442,9288248,17876,84,73878,3499,100000
0$$HAR,14:44:54,420832249,-932735411,13573043,8198283,27236,84,73878,3499,100000
0$$HAR,14:44:57,420833059,-932727616,13529169,7119662,21215,84,73878,3499,100000
0$$HAR,14:45:00,420835245,-932719261,13486815,6989260,20648,84,73878,3499,100000
0$$HAR,14:45:03,420838148,-932711977,13446410,5994528,27961,84,73878,3499,100000
0$$HAR,14:45:06,420840355,-932702225,13404348,7812109,23255,84,73878,3499,100000
0$$HAR,14:45:09,420842497,-932693092,13360620,8135878,30357,84,73878,3499,100000
0$$HAR,14:45:12,420843226,-932682155,13321956,7979850,30374,84,73878,3499,100000
0$$HAR,14:45:15,420844751,-932673508,13280557,8938792,20354,84,73878,3499,100000
0$$HAR,14:45:18,420845507,-932666347,13239322,7249829,24659,84,73878,3499,100000
0$$HAR,14:45:21,420846370,-932657505,13196160,8126740,23786,84,73878,3499,100000
0$$HAR,14:45:24,420847913,-932648629,13154773,7325214,20889,84,73878,3499,100000
0$$HAR,14:45:27,420848515,-932640160,13112889,7670826,25988,84,73878,3499,100000
0$$HAR,14:45:30,420849703,-932632047,13069721,8274680,26972,84,73878,3499,100000
0$$HAR,14:45:33,420852055,-932623557,13027521,7129320,20616,84,73878,3499,100000
0$$HAR,14:45:36,420854901,-932615403,12985741,5712919,22059,84,73878,3499,100000
0$$HAR,14:45:39,420856708,-932609345,12943850,7477573,15522,94,73878,3499,100000
0$$HAR,14:45:42,420859069,-932603335,12903523,6815248,24713,87,73878,3499,100000
0$$HAR,14:45:45,420861326,-932595340,12863739,6974326,26106,87,73878,3499,100000
0$$HAR,14:45:48,420862637,-932587739,12824221,6872209,15773,87,73878,3499,100000
0$$HAR,14:45:51,420865716,-932581813,12784678,5477784,24389,88,73878,3499,100000
1$$HAR,14:45:54,420868462,-932575903,12746490,8033756,16807,84,73878,3499,100000
0$$HAR,14:45:57,420870241,-932568304,12706050,5794897,24164,84,73878,3499,100000
0$$HAR,14:46:00,420873870,-932562439,12670224,4563626,19118,84,73878,3499,100000
0$$HAR,14:46:03,420876495,-932558208,12635938,5657642,13245,84,73878,3499,100000
0$$HAR,14:46:06,420879508,-932553214,12599524,5772804,23891,84,73878,3499,100000
0$$HAR,14:46:09,420881360,-932546029,12559775,7243007,14004,84,73878,3499,100000
0$$HAR,14:46:12,420884118,-932540219,12519727,5872791,23876,84,73878,3499,100000
0$$HAR,14:46:15,420886770,-932532597,12483838,8204995,19787,84,73878,3499,100000
0$$HAR,14:46:18,420887361,-932526800,12446477,8446160,17819,84,73878,3499,100000
0$$HAR,14:46:21,420889296,-932520954,12406571,7136041,14327,84,73878,3499,100000
0$$HAR,14:46:24,420890908,-932515251,12366457,6027887,13387,84,73878,3499,100000
0$$HAR,14:46:27,420892030,-932509410,12327614,6914813,21611,84,73878,3499,100000
0$$HAR,14:46:30,420894225,-932503470,12287907,7771026,18740,84,73878,3499,100000
0$$HAR,14:46:33,420896283,-932497537,12247353,7276211,13940,84,73878,3499,100000
0$$HAR,14:46:36,420898379,-932491349,12207857,5637867,17480,84,73878,3499,100000
0$$HAR,14:46:39,420899800,-932484307,12169699,7568574,22739,84,73878,3499,100000
0$$HAR,14:46:42,420902187,-932477228,12133749,7137786,16580,84,73878,3499,100000
0$$HAR,14:46:45,420903275,-932471406,12094099,6156665,14288,84,73878,3499,100000
0$$HAR,14:46:48,420904326,-932465666,12056485,8088200,20281,84,73878,3499,100000
0$$HAR,14:46:51,420906155,-932459799,12019835,6618415,12116,84,73878,3499,100000
0$$HAR,14:46:54,420907648,-932455300,11982206,6267720,19973,84,73878,3499,100000
0$$HAR,14:46:57,420909158,-932449456,11943227,5588923,16419,84,73878,3499,100000
0$$HAR,14:47:00,420910720,-932444004,11903227,5601284,14594,84,73878,3499,100000
0$$HAR,14:47:03,420912790,-932438533,11864434,8088941,14716,84,73878,3499,100000
0$$HAR,14:47:06,420914700,-932432049,11825082,7254370,20570,84,73878,3499,100000
0$$HAR,14:47:09,420915918,-932425444,11787886,6421277,21340,84,73878,3499,100000
0$$HAR,14:47:12,420917954,-932418093,11752308,8452912,21231,84,73878,3499,100000
0$$HAR,14:47:15,420918597,-932412900,11716518,5481151,11984,85,73878,3499,100000
0$$HAR,14:47:18,420920485,-932407446,11679664,7862609,19919,85,73878,3499,100000
0$$HAR,14:47:21,420922143,-932402123,11642970,7537703,13359,85,73878,3499,100000
0$$HAR,14:47:24,420923633,-932395838,11607079,6181770,16728,85,73878,3499,100000
0$$HAR,14:47:27,420924490,-932389840,11569349,8115484,21879,85,73878,3499,100000
0$$HAR,14:47:30,420926174,-932384104,11531649,7769787,16346,85,73878,3499,100000
0$$HAR,14:47:33,420928062,-932378501,11494465,5702865,13500,85,73878,3499,100000
0$$HAR,14:47:36,420929567,-932374688,11461104,5086282,13224,85,73878,3499,100000
0$$HAR,14:47:39,420931162,-932368776,11424495,8038418,15153,85,73878,3499,100000
0$$HAR,14:47:42,420932835,-932363369,11386336,7611352,20993,85,73878,3499,100000
0$$HAR,14:47:45,420934295,-932357790,11349528,5475696,16828,85,73878,3499,100000
0$$HAR,14:47:48,420935593,-932353491,11314696,8624186,14354,85,73878,3499,100000
0$$HAR,14:47:51,420936801,-932348040,11278289,7276909,11279,85,73878,3499,100000
0$$HAR,14:47:54,420937900,-932342574,11241760,7839911,12197,85,73878,3499,100000
0$$HAR,14:47:57,420938872,-932336992,11205352,7051859,14114,85,73878,3499,100000
0$$HAR,14:48:00,420939020,-932332003,11169761,8378070,10722,85,73878,3499,100000
0$$HAR,14:48:03,420940165,-932326743,11132317,9021926,19136,85,73878,3499,100000
0$$HAR,14:48:06,420940899,-932321408,11095907,6597833,17495,85,73878,3499,100000
0$$HAR,14:48:09,420941819,-932315598,11059915,6999914,11160,98,73878,3499,100000
0$$HAR,14:48:12,420943034,-932310333,11023127,7956902,12629,87,73878,3499,100000
0$$HAR,14:48:15,420944578,-932306625,10988461,5165198,15921,86,73878,3499,100000
0$$HAR,14:48:18,420946089,-932300838,10952370,8320947,12934,86,73878,3499,100000
0$$HAR,14:48:21,420948006,-932295751,10914971,7550753,16158,86,73878,3499,100000
0$$HAR,14:48:24,420950016,-932291408,10879467,4993753,17771,86,73878,3499,100000
0$$HAR,14:48:27,420951760,-932285503,10843992,8363678,13639,86,73878,3499,100000
0$$HAR,14:48:30,420952435,-932281531,10811967,6559551,10103,86,73878,3499,100000
0$$HAR,14:48:33,420954360,-932277217,10779767,7153431,19380,86,73878,3499,100000
0$$HAR,14:48:36,420955407,-932271985,10744565,6202854,16277,86,73878,3499,100000
0$$HAR,14:48:39,420956749,-932265512,10709659,6768083,17887,86,73878,3499,100000
0$$HAR,14:48:42,420958899,-932260990,10677028,4990597,13717,81,73878,3499,100000
0$$HAR,14:48:45,420960966,-932257546,10647799,4931372,11832,81,73878,3499,100000
0$$HAR,14:48:48,420963211,-932252420,10615887,7221152,16987,81,73878,3499,100000
0$$HAR,14:48:51,420964176,-932247749,10580855,5631601,14540,81,73878,3499,100000
0$$HAR,14:48:54,420966450,-932243119,10547749,6817187,11934,81,73878,3499,100000
0$$HAR,14:48:57,420966562,-932238977,10514991,9243992,14153,81,73878,3499,100000
0$$HAR,14:49:00,420966917,-932232884,10481999,6907514,15532,81,73878,3499,100000
0$$HAR,14:49:03,420967309,-932227419,10445697,8074136,19588,81,73878,3499,100000
0$$HAR,14:49:06,420968402,-932222488,10410957,6692720,12974,81,73878,3499,100000
0$$HAR,14:49:09,420970424,-932217358,10379263,6097533,14772,81,73878,3499,100000
0$$HAR,14:49:12,420971212,-932212206,10343995,7207314,18192,81,73878,3499,100000
0$$HAR,14:49:15,420972247,-932207982,10309679,8767186,10033,81,73878,3499,100000
0$$HAR,14:49:18,420973522,-932203522,10275515,6930591,12099,81,73878,3499,100000
0$$HAR,14:49:21,420973936,-932197882,10240314,7141850,16940,81,73878,3499,100000
0$$HAR,14:49:24,420974483,-932191614,10206887,9363284,17586,81,73878,3499,100000
0$$HAR,14:49:27,420975036,-932186111,10173523,8131386,18363,81,73878,3499,100000
0$$HAR,14:49:30,420975559,-932180614,10138989,7963294,18477,81,73878,3499,100000
0$$HAR,14:49:33,420975582,-932175240,10104990,7584680,10382,81,73878,3499,100000
0$$HAR,14:49:36,420976709,-932170178,10068838,9040448,12218,81,73878,3499,100000
0$$HAR,14:49:39,420977655,-932165135,10033654,7166387,15160,81,73878,3499,100000
0$$HAR,14:49:42,420978065,-932161020,10000761,9464120,12781,81,73878,3499,100000
0$$HAR,14:49:45,420979227,-932156366,9967111,6962471,18053,81,73878,3499,100000
0$$HAR,14:49:48,420979909,-932151125,9931637,7109950,15068,81,73878,3499,100000
0$$HAR,14:49:51,420980614,-932144689,9899755,9400258,16860,81,73878,3499,100000
0$$HAR,14:49:54,420980729,-932140160,9866603,6975173,15603,81,73878,3499,100000
0$$HAR,14:49:57,420980848,-932135168,9832748,8419496,15305,81,73878,3499,100000
0$$HAR,14:50:00,420980902,-932129859,9800400,8152848,12248,81,73878,3499,100000
0$$HAR,14:50:03,420981695,-932125330,9768603,9890926,11754,81,73878,3499,100000
0$$HAR,14:50:06,420981703,-932119953,9735066,8396534,11394,81,73878,3499,100000
0$$HAR,14:50:09,420980884,-932115865,9703386,11218722,15772,81,73878,3499,100000
0$$HAR,14:50:12,420979848,-932109525,9673894,8961650,19656,81,73878,3499,100000
0$$HAR,14:50:15,420979317,-932102701,9644280,11172566,17092,81,73878,3499,100000
0$$HAR,14:50:18,420978892,-932097546,9611837,7777409,17111,81,73878,3499,100000
0$$HAR,14:50:21,420978803,-932092213,9579162,9069666,18116,81,73878,3499,100000
0$$HAR,14:50:24,420978310,-932086787,9546881,10377330,10873,81,73878,3499,100000
0$$HAR,14:50:27,420978440,-932081385,9514105,9748646,20156,81,73878,3499,100000
0$$HAR,14:50:30,420978117,-932075270,9481387,8090496,14866,91,73878,3499,100000
1$$HAR,14:50:33,420977743,-932070684,9449041,8283112,13139,82,73878,3499,100000
0$$HAR,14:50:36,420977545,-932064405,9415466,11292034,16701,84,73878,3499,100000
0$$HAR,14:50:39,420976342,-932059209,9383337,11318238,17531,81,73878,3499,100000
0$$HAR,14:50:42,420976056,-932053546,9352408,8273016,18927,80,73878,3499,100000
0$$HAR,14:50:45,420975483,-932046527,9321761,10692276,16102,80,73878,3499,100000
0$$HAR,14:50:48,420974826,-932040625,9287698,10991998,15819,80,73878,3499,100000
0$$HAR,14:50:51,420974155,-932035042,9253712,10709836,20178,80,73878,3499,100000
0$$HAR,14:50:54,420973327,-932029447,9220533,8654768,17919,80,73878,3499,100000
0$$HAR,14:50:57,420972253,-932023034,9187874,10747756,13225,80,73878,3499,100000
0$$HAR,14:51:00,420971647,-932016995,9154901,10682736,17980,80,73878,3499,100000
0$$HAR,14:51:03,420970099,-932011227,9123416,10868352,20726,80,73878,3499,100000
0$$HAR,14:51:06,420969344,-932005575,9091502,10450908,16558,80,73878,3499,100000
0$$HAR,14:51:09,420967524,-931999788,9060116,12297168,14852,83,73878,3499,100000
0$$HAR,14:51:12,420965267,-931993878,9030044,10574476,22089,83,73878,3499,100000
0$$HAR,14:51:15,420964416,-931988333,8998395,10025988,13825,83,73878,3499,100000
0$$HAR,14:51:18,420963503,-931981291,8967548,10069448,21995,83,73878,3499,100000
0$$HAR,14:51:21,420962468,-931974737,8937390,12183996,16445,83,73878,3499,100000
0$$HAR,14:51:24,420960074,-931968315,8906341,10336110,22490,83,73878,3499,100000
0$$HAR,14:51:27,420958704,-931961601,8874397,11376162,22381,83,73878,3499,100000
0$$HAR,14:51:30,420957356,-931954037,8843966,8966882,21287,83,73878,3499,100000
0$$HAR,14:51:33,420957125,-931947943,8813779,10875424,17613,83,73878,3499,100000
0$$HAR,14:51:36,420956362,-931940271,8782976,8766552,21019,83,73878,3499,100000
0$$HAR,14:51:39,420956564,-931933871,8754653,9923442,13770,83,73878,3499,100000
0$$HAR,14:51:42,420955388,-931927661,8722699,8907546,17323,83,73878,3499,100000
0$$HAR,14:51:45,420954724,-931922326,8692172,11467404,17437,83,73878,3499,100000
0$$HAR,14:51:48,420953248,-931915958,8662296,11233900,15212,83,73878,3499,100000
0$$HAR,14:51:51,420953070,-931910416,8632913,8239649,19205,83,73878,3499,100000
0$$HAR,14:51:54,420952147,-931903234,8603097,11551010,18923,83,73878,3499,100000
0$$HAR,14:51:57,420950906,-931897869,8575383,8894418,17123,83,73878,3499,100000
0$$HAR,14:52:00,420949889,-931891212,8544032,10360720,14052,83,73878,3499,100000
0$$HAR,14:52:03,420949328,-931884720,8512292,10854574,17738,83,73878,3499,100000
0$$HAR,14:52:06,420948318,-931879338,8483333,9197118,17678,83,73878,3499,100000
0$$HAR,14:52:09,420948161,-931872771,8454054,10413000,20857,83,73878,3499,100000
0$$HAR,14:52:12,420946779,-931865384,8423445,9436516,21994,83,73878,3499,100000
0$$HAR,14:52:15,420946734,-931859096,8395344,9939364,13677,83,73878,3499,100000
0$$HAR,14:52:18,420945778,-931852469,8363845,9175136,17178,83,73878,3499,100000
0$$HAR,14:52:21,420944812,-931846563,8332888,9137654,18099,83,73878,3499,100000
0$$HAR,14:52:24,420945017,-931840193,8304631,8744360,19864,83,73878,3499,100000
0$$HAR,14:52:27,420943688,-931833122,8275890,12047358,18733,83,73878,3499,100000
0$$HAR,14:52:30,420942631,-931827279,8245485,9271490,20900,83,73878,3499,100000
0$$HAR,14:52:33,420941296,-931821219,8214995,11006554,13173,83,73878,3499,100000
0$$HAR,14:52:36,420940395,-931815252,8185203,11560620,18478,83,73878,3499,100000
0$$HAR,14:52:39,420939138,-931810075,8155178,10068896,16103,83,73878,3499,100000
0$$HAR,14:52:42,420937482,-931803923,8125404,9715598,19643,83,73878,3499,100000
0$$HAR,14:52:45,420936111,-931796930,8094354,12031108,19283,83,73878,3499,100000
0$$HAR,14:52:48,420933996,-931791702,8067434,10838470,13737,83,73878,3499,100000
0$$HAR,14:52:51,420933278,-931785293,8037641,10922288,22217,83,73878,3499,100000
0$$HAR,14:52:54,420931794,-931778921,8006504,8853802,18012,83,73878,3499,100000
0$$HAR,14:52:57,420930672,-931771863,7977217,10525758,20862,83,73878,3499,100000
0$$HAR,14:53:00,420929116,-931765791,7947459,10582264,21463,83,73878,3499,100000
0$$HAR,14:53:03,420928513,-931758776,7917773,10402240,14379,83,73878,3499,100000
0$$HAR,14:53:06,420926947,-931752094,7886851,9543770,21576,83,73878,3499,100000
0$$HAR,14:53:09,420925192,-931745938,7857068,11822552,19622,83,73878,3499,100000
0$$HAR,14:53:09,420925192,-931745938,7857068,11822552,19622,83,73878,3499,100000
0$$HAR,14:53:15,420920341,-931734580,7805737,11207768,17861,83,73878,3499,100000
0$$HAR,14:53:18,420918929,-931728304,7775246,12023806,14770,84,73878,3499,100000
0$$HAR,14:53:18,420918929,-931728304,7775246,12023806,14770,84,73878,3499,100000
0$$HAR,14:53:24,420915739,-931715538,7722357,11215098,13553,86,73878,3499,100000
0$$HAR,14:53:27,420914561,-931709453,7690809,8977500,18770,83,73878,3499,100000
0$$HAR,14:53:30,420914326,-931703714,7662790,9716262,20329,83,73878,3499,100000
0$$HAR,14:53:30,420914326,-931703714,7662790,9716262,20329,83,73878,3499,100000
0$$HAR,14:53:36,420912234,-931692362,7606911,8437136,16942,83,73878,3499,100000
0$$HAR,14:53:36,420912234,-931692362,7606911,8437136,16942,83,73878,3499,100000
0$$HAR,14:53:36,420912234,-931692362,7606911,8437136,16942,83,73878,3499,100000
0$$HAR,14:53:45,420909067,-931674740,7518882,8984212,18683,83,73878,3499,100000
0$$HAR,14:53:45,420909067,-931674740,7518882,8984212,18683,83,73878,3499,100000
0$$HAR,14:53:51,420906805,-931662359,7460554,8733364,17289,83,73878,3499,100000
0$$HAR,14:53:54,420906615,-931656786,7431766,9425720,18895,83,73878,3499,100000
0$$HAR,14:53:57,420906165,-931650233,7401676,11374304,19118,83,73878,3499,100000
0$$HAR,14:54:00,420905139,-931643144,7373895,9236960,15195,83,73878,3499,100000
0$$HAR,14:54:03,420905069,-931636529,7345225,8106511,18061,83,73878,3499,100000
0$$HAR,14:54:06,420905159,-931631310,7318060,8983712,14466,83,73878,3499,100000
0$$HAR,14:54:09,420904815,-931625814,7288790,8770904,12583,83,73878,3499,100000
0$$HAR,14:54:12,420904806,-931619308,7260331,10182616,20474,83,73878,3499,100000
0$$HAR,14:54:15,420904775,-931613328,7231367,8410800,17671,83,73878,3499,100000
0$$HAR,14:54:18,420904175,-931606382,7204299,10977134,17326,83,73878,3499,100000
0$$HAR,14:54:21,420903786,-931601372,7176543,8029332,17270,83,73878,3499,100000
0$$HAR,14:54:24,420903376,-931594269,7148386,10759118,16816,83,73878,3499,100000
0$$HAR,14:54:27,420903383,-931588411,7118853,9347296,19744,83,73878,3499,100000
0$$HAR,14:54:30,420902463,-931582089,7090343,8657528,14101,83,73878,3499,100000
0$$HAR,14:54:33,420902571,-931575091,7060805,9416984,20229,83,73878,3499,100000
0$$HAR,14:54:36,420902315,-931568822,7030860,10865342,18639,83,73878,3499,100000
0$$HAR,14:54:39,420901893,-931561293,7002247,8001912,19716,83,73878,3499,100000
0$$HAR,14:54:42,420901669,-931555597,6973508,10838170,19164,83,73878,3499,100000
0$$HAR,14:54:45,420901456,-931548219,6943982,8583836,15784,83,73878,3499,100000
0$$HAR,14:54:48,420900740,-931541539,6914527,9064146,21980,83,73878,3499,100000
0$$HAR,14:54:51,420900138,-931534842,6884745,10167524,21540,83,73878,3499,100000
0$$HAR,14:54:54,420899937,-931526740,6858090,8763890,21955,83,73878,3499,100000
0$$HAR,14:54:57,420899077,-931519452,6829492,9759934,15301,83,73878,3499,100000
0$$HAR,14:55:00,420899127,-931514124,6802299,10028980,13701,83,73878,3499,100000
0$$HAR,14:55:03,420899373,-931508328,6775045,8623554,20588,83,73878,3499,100000
0$$HAR,14:55:06,420898726,-931500886,6746701,9542746,16567,83,73878,3499,100000
0$$HAR,14:55:09,420898799,-931494138,6717552,9531706,21894,83,73878,3499,100000
0$$HAR,14:55:12,420898117,-931488242,6688753,8440514,12615,83,73878,3499,100000
0$$HAR,14:55:15,420898595,-931481913,6661233,9626096,21522,83,73878,3499,100000
0$$HAR,14:55:18,420897819,-931475591,6632934,8853372,11810,83,73878,3499,100000
0$$HAR,14:55:21,420898158,-931471447,6607001,9609154,11347,83,73878,3499,100000
0$$HAR,14:55:24,420898194,-931465996,6577291,8078281,11662,83,73878,3499,100000
0$$HAR,14:55:27,420897615,-931461027,6547896,8962266,16921,83,73878,3499,100000
0$$HAR,14:55:30,420897572,-931456815,6519386,11079564,12073,83,73878,3499,100000
0$$HAR,14:55:33,420897703,-931451893,6491397,8026400,15237,83,73878,3499,100000
0$$HAR,14:55:36,420897096,-931446290,6465823,11528192,14412,85,73878,3499,100000
1$$HAR,14:55:39,420896400,-931442637,6439718,7544762,12214,83,73878,3499,100000
0$$HAR,14:55:42,420896386,-931436936,6411667,11124378,15989,83,73878,3499,100000
0$$HAR,14:55:45,420895708,-931431260,6383587,7974229,15353,83,73878,3499,100000
0$$HAR,14:55:48,420895319,-931427111,6355264,11037350,13570,83,73878,3499,100000
0$$HAR,14:55:51,420895299,-931421567,6327048,7704803,13237,83,73878,3499,100000
0$$HAR,14:55:54,420895014,-931417657,6300428,11279556,13966,83,73878,3499,100000
0$$HAR,14:55:57,420893859,-931411802,6273029,11133608,13618,83,73878,3499,100000
0$$HAR,14:56:00,420893805,-931407161,6244689,8448568,17513,83,73878,3499,100000
0$$HAR,14:56:03,420893726,-931400503,6220177,9423192,17990,83,73878,3499,100000
0$$HAR,14:56:06,420893172,-931394275,6194879,9625054,12326,83,73878,3499,100000
0$$HAR,14:56:09,420893061,-931389644,6166428,10974174,15748,83,73878,3499,100000
0$$HAR,14:56:12,420892444,-931386168,6137625,7903223,10279,83,73878,3499,100000
0$$HAR,14:56:15,420892473,-931381508,6112612,11261348,14288,83,73878,3499,100000
0$$HAR,14:56:18,420891787,-931377527,6083325,10555282,15314,83,73878,3499,100000
0$$HAR,14:56:21,420890321,-931374046,6055901,10114352,6265,83,73878,3499,100000
0$$HAR,14:56:24,420889769,-931369977,6028826,12008082,13905,83,73878,3499,100000
0$$HAR,14:56:27,420888611,-931366833,6000603,9419794,12122,83,73878,3499,100000
0$$HAR,14:56:30,420887636,-931363524,5972113,9953310,7396,83,73878,3499,100000
0$$HAR,14:56:33,420887179,-931360157,5945325,9834836,5204,83,73878,3499,100000
0$$HAR,14:56:36,420886189,-931357750,5917842,13411192,12637,83,73878,3499,100000
0$$HAR,14:56:39,420885435,-931354454,5889984,10049046,11609,83,73878,3499,100000
0$$HAR,14:56:42,420883895,-931351569,5863248,13718018,4214,83,73878,3499,100000
0$$HAR,14:56:45,420882761,-931348500,5836033,12943282,13967,82,73878,3499,100000
0$$HAR,14:56:48,420880423,-931346254,5810996,13892580,5582,82,73878,3499,100000
0$$HAR,14:56:51,420879541,-931343222,5783779,13177640,11943,82,73878,3499,100000
0$$HAR,14:56:54,420877849,-931341313,5756112,10496106,4615,82,73878,3499,100000
0$$HAR,14:56:57,420877092,-931337866,5729946,12210208,13187,82,73878,3499,100000
0$$HAR,14:57:00,420875874,-931334812,5702706,9429872,11937,82,73878,3499,100000
0$$HAR,14:57:03,420874981,-931332335,5675346,14186124,5104,82,73878,3499,100000
0$$HAR,14:57:06,420873658,-931331004,5651615,14330554,8855,82,73878,3499,100000
0$$HAR,14:57:09,420872452,-931327422,5626196,8686168,9357,82,73878,3499,100000
0$$HAR,14:57:12,420871402,-931324917,5598303,11972196,12585,82,73878,3499,100000
0$$HAR,14:57:15,420870661,-931321703,5570992,14328296,6702,82,73878,3499,100000
0$$HAR,14:57:18,420869156,-931318901,5546423,10150086,10911,82,73878,3499,100000
0$$HAR,14:57:21,420869224,-931316455,5520177,7875993,7856,82,73878,3499,100000
0$$HAR,14:57:24,420869034,-931312593,5495363,11820660,12324,82,73878,3499,100000
0$$HAR,14:57:27,420868438,-931309663,5468268,9563050,12289,82,73878,3499,100000
0$$HAR,14:57:30,420866839,-931306414,5442249,14463372,7795,82,73878,3499,100000
0$$HAR,14:57:33,420866220,-931304737,5418394,7205145,6270,82,73878,3499,100000
0$$HAR,14:57:36,420866059,-931300957,5392728,12083614,10599,82,73878,3499,100000
0$$HAR,14:57:39,420865813,-931298324,5365974,8680538,11225,82,73878,3499,100000
0$$HAR,14:57:42,420864820,-931294333,5339866,13066646,7261,82,73878,3499,100000
0$$HAR,14:57:45,420864824,-931291988,5315008,8023878,11431,82,73878,3499,100000
1$$HAR,14:57:48,420863936,-931287805,5290266,11789688,9180,82,73878,3499,100000
0$$HAR,14:57:51,420863247,-931285706,5266816,10164350,6176,82,73878,3499,100000
0$$HAR,14:57:54,420863440,-931281962,5241924,9735856,14612,82,73878,3499,100000
0$$HAR,14:57:57,420862437,-931278300,5216706,8387435,8264,82,73878,3499,100000
0$$HAR,14:58:00,420862303,-931273541,5190250,11037718,12030,82,73878,3499,100000
0$$HAR,14:58:03,420862115,-931270270,5165019,7872099,13452,82,73878,3499,100000
0$$HAR,14:58:06,420861893,-931265481,5140981,10385546,9496,86,73878,3499,100000
0$$HAR,14:58:09,420862661,-931261788,5115213,7204795,15160,86,73878,3499,100000
0$$HAR,14:58:12,420862738,-931256786,5090014,9244430,7883,84,73878,3499,100000
0$$HAR,14:58:15,420863888,-931252864,5064887,7123250,16316,84,73878,3499,100000
0$$HAR,14:58:18,420864288,-931247210,5041626,9724712,13630,84,73878,3499,100000
0$$HAR,14:58:21,420864538,-931241749,5019089,7072201,17296,84,73878,3499,100000
0$$HAR,14:58:24,420866565,-931237065,4997130,5368979,12761,84,73878,3499,100000
0$$HAR,14:58:27,420868584,-931233214,4975449,5550401,14736,84,73878,3499,100000
0$$HAR,14:58:30,420870006,-931227815,4952230,8995114,13913,84,73878,3499,100000
0$$HAR,14:58:33,420871373,-931224045,4927534,5113541,16289,83,73878,3499,100000
0$$HAR,14:58:36,420873153,-931218410,4904459,7666453,15758,83,73878,3499,100000
0$$HAR,14:58:39,420874147,-931214677,4880355,4737307,11010,83,73878,3499,100000
0$$HAR,14:58:42,420876387,-931210289,4855700,7746990,13881,83,73878,3499,100000
0$$HAR,14:58:45,420876987,-931206590,4832490,7974410,11163,83,73878,3499,100000
0$$HAR,14:58:48,420877980,-931202125,4809947,5273217,15872,83,73878,3499,100000
0$$HAR,14:58:51,420880496,-931198676,4786428,3890534,9779,83,73878,3499,100000
0$$HAR,14:58:54,420881384,-931195409,4763734,8397132,12672,83,73878,3499,100000
0$$HAR,14:58:57,420881744,-931190950,4743346,8212735,10982,83,73878,3499,100000
0$$HAR,14:59:00,420882750,-931187928,4721738,3837420,11195,83,73878,3499,100000
0$$HAR,14:59:03,420885022,-931183386,4697249,7488284,14411,83,73878,3499,100000
0$$HAR,14:59:06,420886728,-931180162,4673023,4107455,13905,83,73878,3499,100000
0$$HAR,14:59:09,420889093,-931175722,4648979,6328658,10285,83,73878,3499,100000
0$$HAR,14:59:12,420891439,-931173156,4625085,4407919,15873,83,73878,3499,100000
0$$HAR,14:59:15,420893229,-931168627,4600673,5756521,8966,83,73878,3499,100000
0$$HAR,14:59:18,420895968,-931165179,4576941,5007816,16584,83,73878,3499,100000
0$$HAR,14:59:21,420898503,-931161369,4553588,6904651,12091,87,73878,3499,100000
0$$HAR,14:59:24,420900845,-931157610,4527784,3794745,9527,83,73878,3499,100000
0$$HAR,14:59:27,420902627,-931153402,4502984,5027226,16531,83,73878,3499,100000
0$$HAR,14:59:30,420904890,-931150390,4479045,6606010,10418,83,73878,3499,100000
0$$HAR,14:59:33,420906733,-931145733,4455357,4446776,16389,83,73878,3499,100000
0$$HAR,14:59:36,420908769,-931142711,4432172,7541545,10949,83,73878,3499,100000
0$$HAR,14:59:39,420909806,-931139130,4410291,4363761,9068,83,73878,3499,100000
0$$HAR,14:59:42,420912372,-931135294,4386546,6383277,13471,83,73878,3499,100000
0$$HAR,14:59:45,420914338,-931132312,4363204,3737706,14585,83,73878,3499,100000
0$$HAR,14:59:48,420917207,-931128252,4342589,6518788,15763,83,73878,3499,100000
0$$HAR,14:59:51,420918330,-931124607,4320115,4997705,8691,83,73878,3499,100000
0$$HAR,14:59:54,420920878,-931121689,4299302,4431621,16549,83,73878,3499,100000
0$$HAR,14:59:57,420924060,-931117603,4278644,3913943,16286,83,73878,3499,100000
0$$HAR,15:00:00,420926998,-931112955,4258102,6526093,16871,83,73878,3499,100000
0$$HAR,15:00:03,420928238,-931109265,4236042,4056448,8257,83,73878,3499,100000
0$$HAR,15:00:06,420931010,-931105807,4213584,5218417,16206,83,73878,3499,100000
1$$HAR,15:00:09,420933116,-931102878,4189984,2586164,12262,83,73878,3499,100000
0$$HAR,15:00:12,420935295,-931099351,4166681,6630286,8570,83,73878,3499,100000
0$$HAR,15:00:15,420937530,-931096814,4143952,4651521,15888,83,73878,3499,100000
0$$HAR,15:00:18,420938948,-931093222,4120850,5349617,7089,83,73878,3499,100000
0$$HAR,15:00:21,420941528,-931090831,4098403,4386433,15399,83,73878,3499,100000
0$$HAR,15:00:24,420943559,-931087278,4076340,3307811,7791,83,73878,3499,100000
0$$HAR,15:00:27,420946456,-931085386,4054975,3095185,14317,83,73878,3499,100000
0$$HAR,15:00:30,420948524,-931081940,4032219,6123158,7142,83,73878,3499,100000
0$$HAR,15:00:33,420950003,-931080374,4012044,2060438,10643,84,73878,3499,100000
0$$HAR,15:00:36,420952992,-931077535,3990319,5783932,12754,83,73878,3499,100000
0$$HAR,15:00:39,420954401,-931074876,3968498,2605625,7365,83,73878,3499,100000
0$$HAR,15:00:42,420956950,-931073582,3948844,2332088,12319,83,73878,3499,100000
0$$HAR,15:00:45,420959934,-931070191,3928277,5625740,15814,83,73878,3499,100000
0$$HAR,15:00:48,420961670,-931065978,3908542,6648450,10123,83,73878,3499,100000
0$$HAR,15:00:51,420963303,-931063400,3886349,5564570,13900,83,73878,3499,100000
0$$HAR,15:00:54,420964682,-931060034,3865205,5576256,7028,83,73878,3499,100000
0$$HAR,15:00:57,420966714,-931057682,3842148,6223887,11368,87,73878,3499,100000
0$$HAR,15:01:00,420968456,-931055476,3819535,2399776,12540,87,73878,3499,100000
0$$HAR,15:01:03,420970917,-931051769,3797709,6821423,12228,87,73878,3499,100000
0$$HAR,15:01:06,420971858,-931048501,3777963,6670910,9808,87,73878,3499,100000
0$$HAR,15:01:09,420972960,-931045055,3757825,6378695,14591,87,73878,3499,100000
0$$HAR,15:01:12,420975437,-931042118,3734820,3052376,7099,87,73878,3499,100000
0$$HAR,15:01:15,420976795,-931038875,3713410,5922760,15294,87,73878,3499,100000
0$$HAR,15:01:18,420979770,-931035637,3691978,2345572,10139,87,73878,3499,100000
0$$HAR,15:01:21,420981567,-931032790,3669230,4966231,15855,87,73878,3499,100000
0$$HAR,15:01:24,420984230,-931029828,3646486,6198119,11684,87,73878,3499,100000
0$$HAR,15:01:27,420986803,-931025936,3624500,2818064,12709,87,73878,3499,100000
0$$HAR,15:01:30,420988456,-931023541,3602409,6818542,12527,87,73878,3499,100000
0$$HAR,15:01:33,420990974,-931019867,3580367,2302338,10982,87,73878,3499,100000
0$$HAR,15:01:36,420992604,-931017573,3558887,6170613,13554,87,73878,3499,100000
0$$HAR,15:01:39,420995207,-931014839,3536067,2535111,9016,87,73878,3499,100000
0$$HAR,15:01:42,420996620,-931012286,3516033,7049319,12056,87,73878,3499,100000
0$$HAR,15:01:45,420998646,-931007629,3496760,5478783,16440,87,73878,3499,100000
0$$HAR,15:01:48,421001768,-931003846,3477405,2520571,13367,87,73878,3499,100000
0$$HAR,15:01:51,421004121,-931001883,3457981,5144974,7788,87,73878,3499,100000
0$$HAR,15:01:54,421005945,-930998117,3437144,4649996,16561,87,73878,3499,100000
0$$HAR,15:01:57,421009264,-930995253,3417363,2509823,11622,87,73878,3499,100000
0$$HAR,15:02:00,421011115,-930993148,3397253,6638719,10758,87,73878,3499,100000
0$$HAR,15:02:03,421012828,-930988707,3377847,5198865,16053,87,73878,3499,100000
0$$HAR,15:02:06,421015021,-930985654,3355012,6973970,10574,87,73878,3499,100000
0$$HAR,15:02:09,421017507,-930982034,3332651,2394959,12697,87,73878,3499,100000
0$$HAR,15:02:12,421019381,-930979950,3312508,6640046,10769,87,73878,3499,100000
0$$HAR,15:02:15,421021845,-930975680,3290914,3249080,13935,87,73878,3499,100000
0$$HAR,15:02:18,421023725,-930973092,3269481,6836529,12303,87,73878,3499,100000
0$$HAR,15:02:21,421026259,-930968351,3248989,4819735,17188,87,73878,3499,100000
0$$HAR,15:02:24,421029288,-930964915,3228882,4272838,9489,87,73878,3499,100000
0$$HAR,15:02:27,421031451,-930961123,3206490,3951494,17801,87,73878,3499,100000
0$$HAR,15:02:30,421034335,-930958303,3185964,4989915,8434,87,73878,3499,100000
0$$HAR,15:02:33,421035954,-930954411,3165472,5043618,17023,87,73878,3499,100000
0$$HAR,15:02:36,421039484,-930950706,3145915,3227203,14811,87,73878,3499,100000
0$$HAR,15:02:39,421042845,-930947880,3127843,3467906,16014,87,73878,3499,100000
0$$HAR,15:02:42,421045504,-930943099,3107763,6661400,16019,87,73878,3499,100000
0$$HAR,15:02:45,421047220,-930939645,3087619,3286823,12205,87,73878,3499,100000
0$$HAR,15:02:48,421049893,-930935569,3065081,6979461,13481,87,73878,3499,100000
0$$HAR,15:02:51,421051183,-930931785,3046285,5952152,10276,87,73878,3499,100000
0$$HAR,15:02:54,421052965,-930929154,3027999,3309203,10671,87,73878,3499,100000
0$$HAR,15:02:57,421056277,-930926138,3009049,4172387,17968,87,73878,3499,100000
0$$HAR,15:03:00,421058500,-930921340,2988565,6815097,11394,87,73878,3499,100000
0$$HAR,15:03:03,421060709,-930918273,2968573,3852309,16026,87,73878,3499,100000
0$$HAR,15:03:06,421063522,-930913399,2947899,6898787,15633,87,73878,3499,100000
0$$HAR,15:03:09,421064973,-930909665,2928270,3793873,11118,87,73878,3499,100000
0$$HAR,15:03:12,421067849,-930906043,2907665,6096473,14183,87,73878,3499,100000
0$$HAR,15:03:15,421070316,-930900979,2885603,4590699,17981,87,73878,3499,100000
0$$HAR,15:03:18,421073270,-930897457,2865972,4141431,11242,87,73878,3499,100000
0$$HAR,15:03:21,421074690,-930893506,2845464,6535577,17079,87,73878,3499,100000
0$$HAR,15:03:24,421077659,-930889230,2824121,4085386,12475,87,73878,3499,100000
0$$HAR,15:03:27,421079208,-930886247,2804852,6990402,11062,87,73878,3499,100000
0$$HAR,15:03:30,421080312,-930881767,2786194,6928578,15832,87,73878,3499,100000
0$$HAR,15:03:33,421082605,-930876298,2767365,4981405,18090,87,73878,3499,100000
0$$HAR,15:03:36,421085606,-930872752,2748408,3869861,13607,87,73878,3499,100000
0$$HAR,15:03:39,421088348,-930868247,2728360,7003798,16570,83,73878,3499,100000
0$$HAR,15:03:42,421089709,-930864403,2707049,3671686,11160,83,73878,3499,100000
0$$HAR,15:03:45,421092481,-930860597,2687648,6027782,17006,83,73878,3499,100000
0$$HAR,15:03:48,421093579,-930856391,2667092,5725576,8020,83,73878,3499,100000
0$$HAR,15:03:51,421095554,-930853842,2647748,3873900,12874,83,73878,3499,100000
0$$HAR,15:03:54,421098229,-930849902,2629126,6056959,16428,83,73878,3499,100000
0$$HAR,15:03:57,421099597,-930845736,2607511,4512048,10611,83,73878,3499,100000
0$$HAR,15:04:00,421101585,-930841503,2584858,8043814,11836,87,73878,3499,100000
0$$HAR,15:04:03,421102503,-930838946,2563529,4558514,8202,87,73878,3499,100000
0$$HAR,15:04:06,421103731,-930836832,2544249,7611923,7431,87,73878,3499,100000
0$$HAR,15:04:09,421104738,-930832415,2522259,6175051,15346,87,73878,3499,100000
0$$HAR,15:04:12,421106640,-930829361,2501820,3757561,6413,87,73878,3499,100000
0$$HAR,15:04:15,421107253,-930827196,2481065,9302344,10062,87,73878,3499,100000
0$$HAR,15:04:18,421107613,-930822900,2461510,7406106,13465,87,73878,3499,100000
0$$HAR,15:04:21,421109055,-930818424,2442132,6517850,13950,87,73878,3499,100000
0$$HAR,15:04:24,421111112,-930815095,2422299,3742275,7918,87,73878,3499,100000
0$$HAR,15:04:27,421111573,-930813216,2401910,9031892,7147,87,73878,3499,100000
0$$HAR,15:04:30,421112430,-930809731,2380380,4068669,10901,87,73878,3499,100000
0$$HAR,15:04:33,421113753,-930807842,2358914,8220702,7858,87,73878,3499,100000
0$$HAR,15:04:36,421114298,-930803555,2337752,8704424,11495,87,73878,3499,100000
0$$HAR,15:04:39,421114741,-930800711,2317781,3862589,6876,87,73878,3499,100000
0$$HAR,15:04:42,421116152,-930798986,2298536,4070527,7056,87,73878,3499,100000
0$$HAR,15:04:45,421117460,-930796155,2277873,9030738,11139,87,73878,3499,100000
0$$HAR,15:04:48,421117934,-930793555,2254977,4951846,9807,87,73878,3499,100000
0$$HAR,15:04:51,421119171,-930789756,2234609,8243986,12476,87,73878,3499,100000
0$$HAR,15:04:54,421119349,-930786993,2212287,4249647,6837,87,73878,3499,100000
0$$HAR,15:04:57,421120678,-930784040,2191296,9113560,10290,87,73878,3499,100000
0$$HAR,15:05:00,421120626,-930782337,2169131,4584293,4055,85,73878,3499,100000
0$$HAR,15:05:03,421121924,-930780224,2149763,6617923,9883,85,73878,3499,100000
0$$HAR,15:05:06,421121867,-930777198,2128964,11068398,4169,85,73878,3499,100000
0$$HAR,15:05:09,421122369,-930776267,2109681,3784523,5227,85,73878,3499,100000
0$$HAR,15:05:12,421123470,-930773793,2088932,8833384,10270,85,73878,3499,100000
0$$HAR,15:05:15,421123329,-930771713,2067613,6571938,3229,85,73878,3499,100000
0$$HAR,15:05:18,421124503,-930768984,2045869,8336055,10788,85,73878,3499,100000
0$$HAR,15:05:21,421124652,-930765481,2027022,8055546,10614,85,73878,3499,100000
0$$HAR,15:05:24,421126156,-930762452,2007462,4002370,8877,85,73878,3499,100000
0$$HAR,15:05:27,421127147,-930761349,1987840,6535605,3368,85,73878,3499,100000
0$$HAR,15:05:30,421127303,-930758476,1967364,6199398,10698,85,73878,3499,100000
0$$HAR,15:05:33,421128821,-930756460,1945667,6923795,3009,85,73878,3499,100000
0$$HAR,15:05:36,421128802,-930753922,1925004,8346168,9565,85,73878,3499,100000
0$$HAR,15:05:39,421129833,-930751058,1902248,6467214,3326,111,73878,3499,100000
0$$HAR,15:05:42,421129687,-930748447,1881747,8301754,11026,88,73878,3499,100000
0$$HAR,15:05:45,421130698,-930744566,1863411,7088668,11271,88,73878,3499,100000
0$$HAR,15:05:48,421130700,-930741390,1843678,11411564,4796,88,73878,3499,100000
0$$HAR,15:05:51,421130804,-930740229,1825294,8131821,3280,88,73878,3499,100000
0$$HAR,15:05:54,421130384,-930738008,1806695,9902210,10109,88,73878,3499,100000
0$$HAR,15:05:57,421130758,-930733930,1788080,7211531,11825,88,73878,3499,100000
0$$HAR,15:06:00,421131960,-930731091,1769885,5164041,4849,88,73878,3499,100000
0$$HAR,15:06:03,421132180,-930729835,1751036,7500475,3756,88,73878,3499,100000
0$$HAR,15:06:06,421131938,-930727950,1732144,10923606,10253,88,73878,3499,100000
0$$HAR,15:06:09,421132316,-930724133,1712218,5855479,10351,88,73878,3499,100000
0$$HAR,15:06:12,421133586,-930722016,1693656,5087874,4079,88,73878,3499,100000
0$$HAR,15:06:15,421133975,-930720706,1675749,6245803,4746,88,73878,3499,100000
0$$HAR,15:06:18,421134664,-930717444,1654780,9747494,11542,88,73878,3499,100000
0$$HAR,15:06:21,421135140,-930713659,1635401,5354116,7833,88,73878,3499,100000
0$$HAR,15:06:24,421135213,-930711749,1615008,11768246,6881,88,73878,3499,100000
0$$HAR,15:06:27,421135391,-930708299,1594421,5700627,10502,88,73878,3499,100000
0$$HAR,15:06:30,421136564,-930705034,1575752,7639747,11896,88,73878,3499,100000
0$$HAR,15:06:33,421136417,-930702216,1554676,5930639,3731,88,73878,3499,100000
0$$HAR,15:06:36,421137414,-930700197,1536271,6557969,10253,88,73878,3499,100000
0$$HAR,15:06:39,421137925,-930696151,1518012,9115128,11693,88,73878,3499,100000
0$$HAR,15:06:42,421137119,-930693126,1499328,12451706,5617,88,73878,3499,100000
0$$HAR,15:06:45,421137363,-930691321,1480877,6047161,8468,88,73878,3499,100000
0$$HAR,15:06:48,421137763,-930687447,1462123,10160920,11750,89,73878,3499,100000
0$$HAR,15:06:51,421136790,-930684582,1443753,11578328,5148,89,73878,3499,100000
0$$HAR,15:06:54,421137535,-930681847,1424397,7510089,11627,89,73878,3499,100000
0$$HAR,15:06:57,421136995,-930678629,1404699,12598270,5295,89,73878,3499,100000
0$$HAR,15:07:00,421137183,-930676523,1385741,7883573,11492,89,73878,3499,100000
0$$HAR,15:07:03,421136655,-930672435,1366475,11445496,8300,89,73878,3499,100000
0$$HAR,15:07:06,421136446,-930670541,1348878,6674579,6200,88,73878,3499,100000
0$$HAR,15:07:09,421137349,-930667632,1331431,7795454,11680,88,73878,3499,100000
0$$HAR,15:07:12,421136956,-930663160,1312981,10835520,11422,88,73878,3499,100000
0$$HAR,15:07:15,421136168,-930660143,1295392,8543338,4767,88,73878,3499,100000
0$$HAR,15:07:18,421137028,-930657224,1276968,7446528,12467,88,73878,3499,100000
0$$HAR,15:07:21,421137954,-930653123,1259263,6549345,9431,88,73878,3499,100000
0$$HAR,15:07:24,421137616,-930650403,1239268,11157372,12285,88,73878,3499,100000
0$$HAR,15:07:27,421137479,-930645475,1221145,7419969,12849,88,73878,3499,100000
0$$HAR,15:07:30,421138354,-930642447,1203151,8556906,6633,88,73878,3499,100000
0$$HAR,15:07:33,421137807,-930639171,1185049,10009944,13789,88,73878,3499,100000
0$$HAR,15:07:36,421138204,-930634237,1166599,6895009,12406,88,73878,3499,100000
1$$HAR,15:07:39,421139178,-930631154,1148632,7520153,6148,88,73878,3499,100000
0$$HAR,15:07:42,421138482,-930628321,1129559,11010330,12592,88,73878,3499,100000
0$$HAR,15:07:45,421137636,-930623839,1112296,10408732,12415,88,73878,3499,100000
0$$HAR,15:07:48,421136914,-930619382,1095243,10104400,12711,88,73878,3499,100000
0$$HAR,15:07:51,421136186,-930614894,1077865,10681932,12525,88,73878,3499,100000
0$$HAR,15:07:54,421134706,-930611632,1058432,13827662,7242,88,73878,3499,100000
0$$HAR,15:07:57,421134188,-930609841,1040018,8169531,7037,88,73878,3499,100000
0$$HAR,15:08:00,421133799,-930606264,1018961,12850644,11273,88,73878,3499,100000
0$$HAR,15:08:03,421132981,-930604499,1000009,10084156,5199,88,73878,3499,100000
0$$HAR,15:08:06,421132916,-930602449,982940,11877254,5143,88,73878,3499,100000
0$$HAR,15:08:09,421131631,-930600479,964578,11426560,8200,123,73878,3499,100000
0$$HAR,15:08:12,421130846,-930596609,946545,7752155,8914,91,73878,3499,100000
0$$HAR,15:08:15,421130627,-930594338,926329,10591368,5906,91,73878,3499,100000
0$$HAR,15:08:18,421130663,-930591292,906175,9728866,12091,91,73878,3499,100000
0$$HAR,15:08:21,421130083,-930589071,885035,10158116,4220,90,73878,3499,100000
0$$HAR,15:08:24,421130417,-930586494,867439,8256530,10233,90,73878,3499,100000
0$$HAR,15:08:27,421129553,-930582733,850945,12124244,10925,90,73878,3499,100000
0$$HAR,15:08:30,421128172,-930580632,834535,13353042,3980,90,73878,3499,100000
0$$HAR,15:08:33,421128325,-930578263,817454,8992446,11675,90,73878,3499,100000
0$$HAR,15:08:36,421127337,-930574754,799341,13628334,7289,90,73878,3499,100000
0$$HAR,15:08:39,421127191,-930572427,780690,8387010,11065,87,73878,3499,100000
0$$HAR,15:08:42,421126258,-930568759,762219,13279788,8833,87,73878,3499,100000
0$$HAR,15:08:45,421125291,-930567050,744734,10315730,4784,87,73878,3499,100000
0$$HAR,15:08:48,421125344,-930563788,727351,10217968,12545,87,73878,3499,100000
0$$HAR,15:08:51,421125398,-930560010,711333,7590075,7687,87,73878,3499,100000
0$$HAR,15:08:54,421124860,-930558385,694111,12889322,6918,87,73878,3499,100000
0$$HAR,15:08:57,421123381,-930555361,677957,11441212,11736,87,73878,3499,100000
0$$HAR,15:09:00,421121880,-930551850,662415,13063338,9874,87,73878,3499,100000
0$$HAR,15:09:03,421120929,-930550033,646232,9625256,5112,87,73878,3499,100000
0$$HAR,15:09:06,421121062,-930546841,630390,10404990,11998,87,73878,3499,100000
0$$HAR,15:09:09,421119625,-930543912,614495,12732580,7787,87,73878,3499,100000
0$$HAR,15:09:12,421119544,-930541315,596400,7354525,11940,87,73878,3499,100000
0$$HAR,15:09:15,421120316,-930537051,579075,6690262,11327,87,73878,3499,100000
0$$HAR,15:09:18,421121552,-930534023,561324,5827300,7424,87,73878,3499,100000
0$$HAR,15:09:21,421122592,-930531971,543283,6087891,4880,87,73878,3499,100000
0$$HAR,15:09:24,421122592,-930530132,525705,10782794,8384,87,73878,3499,100000
0$$HAR,15:09:27,421122671,-930527839,509638,4099925,7933,87,73878,3499,100000
0$$HAR,15:09:30,421124006,-930524184,491727,8081535,9853,87,73878,3499,100000
0$$HAR,15:09:33,421124653,-930522617,475997,1845268,7698,87,73878,3499,100000
0$$HAR,15:09:36,421126727,-930519884,459833,4906470,11298,87,73878,3499,100000
0$$HAR,15:09:39,421128851,-930518059,442967,904549,6010,87,73878,3499,100000
0$$HAR,15:09:42,421129501,-930516157,424729,7560088,9803,87,73878,3499,100000
0$$HAR,15:09:45,421130200,-930513478,408212,5930237,4749,87,73878,3499,100000
0$$HAR,15:09:48,421131728,-930512511,389882,2468588,9410,87,73878,3499,100000
0$$HAR,15:09:51,421133727,-930509883,372998,7154934,10643,87,73878,3499,100000
0$$HAR,15:09:54,421134105,-930507336,355010,7526098,4870,87,73878,3499,100000
0$$HAR,15:09:57,421134778,-930504644,339046,5783562,12306,87,73878,3499,100000
0$$HAR,15:10:00,421136550,-930502610,321617,2627778,3620,87,73878,3499,100000
0$$HAR,15:10:03,421136899,-930501474,305390,8187061,4922,87,73878,3499,100000
0$$HAR,15:10:06,421136925,-930499079,289928,7894459,10077,87,73878,3499,100000
0$$HAR,15:10:09,421138087,-930496635,273987,3831015,3658,87,73878,3499,100000
0$$HAR,15:10:12,421138795,-930496080,256946,2360972,4722,87,73878,3499,100000
0$$HAR,15:10:15,421139772,-930495283,246410,3520479,838,91,73878,3499,100000
0$$HAR,15:10:18,421139802,-930495198,247274,3520479,165,90,73878,3499,100000
0$$HAR,15:10:21,421139775,-930495212,247576,3520479,123,92,73878,3499,100000
0$$HAR,15:10:24,421139746,-930495272,247937,3520479,54,92,73878,3499,100000
0$$HAR,15:10:27,421139730,-930495314,248004,3520479,103,88,73878,3499,100000
0$$HAR,15:10:30,421139714,-930495360,248465,3520479,86,93,73878,3499,100000
0$$HAR,15:10:33,421139688,-930495386,248682,3520479,55,92,73878,3499,100000
0$$HAR,15:10:36,421139648,-930495392,248883,3520479,94,92,73878,3499,100000
0$$HAR,15:10:39,421139620,-930495394,248932,3520479,139,93,73878,3499,100000
0$$HAR,15:10:42,421139643,-930495419,249370,3520479,1107,95,73878,3499,100000
0$$HAR,15:10:45,421139625,-930495476,250144,3520479,161,101,73878,3499,100000
0$$HAR,15:10:48,421139507,-930495391,249392,3520479,94,96,73878,3499,100000
0$$HAR,15:10:51,421139442,-930495334,249730,3520479,121,96,73878,3499,100000
0$$HAR,15:10:54,421139399,-930495320,249095,3520479,97,98,73878,3499,100000
0$$HAR,15:10:57,421139355,-930495313,248474,3520479,200,95,73878,3499,100000
0$$HAR,15:11:00,421139307,-930495307,248095,3520479,221,96,73878,3499,100000
0$$HAR,15:11:03,421139127,-930495374,246922,10823428,156,93,73878,3499,100000
0$$HAR,15:11:06,421139150,-930495367,246584,10823428,59,98,73878,3499,100000
0$$HAR,15:11:09,421139164,-930495357,246626,10823428,325,96,73878,3499,100000
0$$HAR,15:11:12,421139188,-930495346,246518,10823428,85,98,73878,3499,100000
0$$HAR,15:11:15,421139119,-930495351,246278,12955466,31,98,73878,3499,100000
0$$HAR,15:11:18,421139116,-930495336,246360,12955466,89,93,73878,3499,100000
0$$HAR,15:11:21,421139120,-930495320,246406,12955466,38,93,73878,3499,100000
0$$HAR,15:11:24,421139154,-930495300,246648,12955466,118,90,73878,3499,100000
0$$HAR,15:11:27,421139190,-930495282,246816,12955466,49,90,73878,3499,100000
0$$HAR,15:11:30,421139216,-930495276,246925,12955466,67,90,73878,3499,100000
0$$HAR,15:11:33,421139245,-930495255,247200,12955466,158,90,73878,3499,100000
0$$HAR,15:11:36,421139274,-930495241,247691,12955466,92,89,73878,3499,100000
0$$HAR,15:11:39,421139312,-930495232,247741,12955466,141,89,73878,3499,100000
0$$HAR,15:11:42,421139359,-930495211,248160,12955466,143,89,73878,3499,100000
0$$HAR,15:11:45,421139378,-930495205,248202,12955466,95,90,73878,3499,100000
0$$HAR,15:11:48,421139390,-930495196,248369,12955466,59,91,73878,3499,100000
0$$HAR,15:11:51,421139408,-930495190,248395,12955466,73,92,73878,3499,100000
0$$HAR,15:11:54,421139421,-930495187,248320,12955466,89,91,73878,3499,100000
0$$HAR,15:11:57,421139419,-930495182,248378,12955466,58,91,73878,3499,100000
0$$HAR,15:12:00,421139446,-930495176,248294,12955466,135,89,73878,3499,100000
0$$HAR,15:12:03,421139443,-930495172,248322,12955466,108,89,73878,3499,100000
0$$HAR,15:12:06,421139460,-930495155,248587,12955466,96,89,73878,3499,100000
0$$HAR,15:12:09,421139463,-930495146,248788,12955466,38,89,73878,3499,100000
0$$HAR,15:12:12,421139479,-930495148,248906,12955466,99,89,73878,3499,100000
0$$HAR,15:12:15,421139491,-930495149,248933,12955466,148,89,73878,3499,100000
0$$HAR,15:12:18,421139521,-930495123,249332,12955466,61,89,73878,3499,100000
0$$HAR,15:12:21,421139513,-930495136,249101,12955466,61,89,73878,3499,100000
0$$HAR,15:12:24,421139500,-930495136,249033,12955466,129,89,73878,3499,100000
0$$HAR,15:12:27,421139498,-930495135,249123,12955466,106,89,73878,3499,100000
0$$HAR,15:12:30,421139515,-930495128,249039,12955466,83,89,73878,3499,100000
0$$HAR,15:12:33,421139519,-930495120,249059,12955466,121,89,73878,3499,100000
0$$HAR,15:12:36,421139538,-930495102,249660,12955466,304,94,73878,3499,100000
1$$HAR,15:12:39,421139528,-930495103,249688,12955466,70,89,73878,3499,100000
0$$HAR,15:12:42,421139535,-930495093,249867,12955466,215,94,73878,3499,100000
0$$HAR,15:12:45,421139556,-930495067,249952,12955466,305,89,73878,3499,100000
0$$HAR,15:12:48,421139530,-930495073,249723,12955466,3,89,73878,3499,100000
0$$HAR,15:12:51,421139504,-930495076,249725,12955466,68,90,73878,3499,100000
0$$HAR,15:12:54,421139507,-930495068,249988,12955466,61,90,73878,3499,100000
0$$HAR,15:12:57,421139501,-930495073,250028,12955466,80,90,73878,3499,100000
0$$HAR,15:13:00,421139502,-930495080,250061,12955466,47,90,73878,3499,100000
0$$HAR,15:13:03,421139499,-930495099,249940,12955466,60,90,73878,3499,100000
0$$HAR,15:13:06,421139484,-930495105,250174,12955466,114,90,73878,3499,100000
0$$HAR,15:13:09,421139493,-930495114,250088,12955466,54,90,73878,3499,100000
0$$HAR,15:13:12,421139484,-930495131,250087,12955466,75,88,73878,3499,100000
0$$HAR,15:13:15,421139495,-930495211,250726,12955466,634,89,73878,3499,100000
0$$HAR,15:13:18,421139480,-930495221,251101,12955466,64,94,73878,3499,100000
0$$HAR,15:13:21,421139479,-930495196,250652,12955466,160,92,73878,3499,100000
0$$HAR,15:13:24,421139454,-930495193,250205,12955466,42,95,73878,3499,100000
0$$HAR,15:13:27,421139448,-930495191,249846,12955466,56,91,73878,3499,100000
0$$HAR,15:13:30,421139443,-930495180,249498,12955466,14,90,73878,3499,100000
0$$HAR,15:13:33,421139466,-930495160,249580,12955466,81,91,73878,3499,100000
0$$HAR,15:13:36,421139453,-930495162,249126,12955466,22,95,73878,3499,100000
0$$HAR,15:13:39,421139443,-930495164,248695,12955466,58,90,73878,3499,100000
0$$HAR,15:13:42,421139446,-930495151,248518,12955466,70,91,73878,3499,100000
0$$HAR,15:13:45,421139440,-930495146,248155,12955466,50,96,73878,3499,100000
0$$HAR,15:13:48,421139470,-930495119,248290,12955466,61,95,73878,3499,100000
0$$HAR,15:13:51,421139469,-930495120,248239,12955466,71,91,73878,3499,100000
0$$HAR,15:13:54,421139465,-930495122,247944,12955466,34,95,73878,3499,100000
0$$HAR,15:13:57,421139476,-930495114,248020,12955466,60,96,73878,3499,100000
0$$HAR,15:14:00,421139478,-930495111,247874,12955466,99,96,73878,3499,100000
0$$HAR,15:14:03,421139465,-930495112,247579,12955466,48,96,73878,3499,100000
0$$HAR,15:14:06,421139474,-930495101,247882,12955466,35,96,73878,3499,100000
0$$HAR,15:14:09,421139470,-930495102,247863,12955466,58,92,73878,3499,100000
0$$HAR,15:14:12,421139484,-930495090,248066,12955466,199,90,73878,3499,100000
0$$HAR,15:14:15,421139481,-930495082,248089,12955466,34,90,73878,3499,100000
0$$HAR,15:14:18,421139489,-930495069,248291,12955466,39,96,73878,3499,100000
0$$HAR,15:14:21,421139480,-930495067,248148,12955466,113,90,73878,3499,100000
0$$HAR,15:14:24,421139473,-930495076,247888,12955466,92,90,73878,3499,100000
0$$HAR,15:14:27,421139471,-930495073,247779,12955466,72,92,73878,3499,100000
0$$HAR,15:14:30,421139475,-930495088,247358,12955466,64,90,73878,3499,100000
0$$HAR,15:14:33,421139495,-930495092,247259,12955466,97,92,73878,3499,100000
0$$HAR,15:14:36,421139484,-930495103,246888,12955466,27,90,73878,3499,100000
0$$HAR,15:14:39,421139492,-930495090,247131,12955466,167,102,73878,3499,100000
0$$HAR,15:14:42,421139495,-930495092,247187,12955466,45,97,73878,3499,100000
0$$HAR,15:14:45,421139501,-930495099,247070,12955466,52,102,73878,3499,100000
0$$HAR,15:14:48,421139492,-930495119,246601,12955466,133,96,73878,3499,100000
0$$HAR,15:14:51,421139488,-930495121,246607,12955466,65,102,73878,3499,100000
0$$HAR,15:14:54,421139487,-930495122,246668,12955466,106,96,73878,3499,100000
0$$HAR,15:14:57,421139486,-930495116,246902,12955466,44,101,73878,3499,100000
0$$HAR,15:15:00,421139503,-930495103,247045,12955466,13,96,73878,3499,100000
0$$HAR,15:15:03,421139503,-930495098,247262,12955466,91,94,73878,3499,100000
0$$HAR,15:15:06,421139505,-930495094,247501,12955466,66,90,73878,3499,100000
0$$HAR,15:15:09,421139511,-930495103,247482,12955466,69,89,73878,3499,100000
0$$HAR,15:15:12,421139505,-930495120,247169,12955466,88,90,73878,3499,100000
0$$HAR,15:15:15,421139513,-930495117,247604,12955466,28,92,73878,3499,100000
0$$HAR,15:15:18,421139528,-930495110,247709,12955466,18,93,73878,3499,100000
0$$HAR,15:15:21,421139531,-930495101,247819,12955466,110,89,73878,3499,100000
0$$HAR,15:15:24,421139525,-930495111,247567,12955466,115,93,73878,3499,100000
0$$HAR,15:15:27,421139532,-930495103,247621,12955466,31,93,73878,3499,100000
0$$HAR,15:15:30,421139501,-930495112,247265,12955466,67,94,73878,3499,100000
0$$HAR,15:15:33,421139498,-930495125,246956,12955466,39,90,73878,3499,100000
0$$HAR,15:15:36,421139487,-930495124,246788,12955466,27,89,73878,3499,100000
0$$HAR,15:15:39,421139471,-930495132,246625,12955466,103,89,73878,3499,100000
0$$HAR,15:15:42,421139468,-930495137,246809,12955466,105,90,73878,3499,100000
0$$HAR,15:15:45,421139513,-930495090,246825,12955466,1216,93,73878,3499,100000
0$$HAR,15:15:48,421139655,-930495016,246799,12955466,99,95,73878,3499,100000
0$$HAR,15:15:51,421139624,-930495081,246752,12955466,75,105,73878,3499,100000
0$$HAR,15:15:54,421139583,-930495125,246423,12955466,176,97,73878,3499,100000
0$$HAR,15:15:57,421139548,-930495157,246206,12955466,100,91,73878,3499,100000
0$$HAR,15:16:00,421139542,-930495161,246407,12955466,97,91,73878,3499,100000
0$$HAR,15:16:03,421139547,-930495165,246532,12955466,57,91,73878,3499,100000
0$$HAR,15:16:06,421139524,-930495182,245867,12955466,173,90,73878,3499,100000
0$$HAR,15:16:09,421139514,-930495181,245930,12955466,52,94,73878,3499,100000
0$$HAR,15:16:12,421139522,-930495185,245866,12955466,44,90,73878,3499,100000
0$$HAR,15:16:15,421139519,-930495169,246155,12955466,87,91,73878,3499,100000
0$$HAR,15:16:18,421139509,-930495163,246136,12955466,30,90,73878,3499,100000
0$$HAR,15:16:21,421139489,-930495169,245974,12955466,28,90,73878,3499,100000
0$$HAR,15:16:24,421139526,-930495162,245982,12955466,159,94,73878,3499,100000
1$$HAR,15:16:27,421139520,-930495146,246248,12955466,152,90,73878,3499,100000
0$$HAR,15:16:30,421139506,-930495146,246337,12955466,102,90,73878,3499,100000
0$$HAR,15:16:33,421139482,-930495145,246343,12955466,33,94,73878,3499,100000
0$$HAR,15:16:36,421139498,-930495128,246496,12955466,55,90,73878,3499,100000
0$$HAR,15:16:39,421139513,-930495119,246703,12955466,196,90,73878,3499,100000
0$$HAR,15:16:42,421139519,-930495113,246505,12955466,6,90,73878,3499,100000
0$$HAR,15:16:45,421139513,-930495115,246334,12955466,126,90,73878,3499,100000
0$$HAR,15:16:48,421139497,-930495112,246241,12955466,47,90,73878,3499,100000
0$$HAR,15:16:51,421139500,-930495108,246379,12955466,26,90,73878,3499,100000
0$$HAR,15:16:54,421139492,-930495121,246230,12955466,41,90,73878,3499,100000
0$$HAR,15:16:57,421139503,-930495116,246196,12955466,129,94,73878,3499,100000
0$$HAR,15:17:00,421139498,-930495120,246117,12955466,65,90,73878,3499,100000
0$$HAR,15:17:03,421139502,-930495125,246149,12955466,66,90,73878,3499,100000
0$$HAR,15:17:06,421139486,-930495122,246243,12955466,83,90,73878,3499,100000
0$$HAR,15:17:09,421139488,-930495122,246469,12955466,189,90,73878,3499,100000
0$$HAR,15:17:12,421139501,-930495133,246684,12955466,115,90,73878,3499,100000
0$$HAR,15:17:15,421139529,-930495135,246994,12955466,54,90,73878,3499,100000
0$$HAR,15:17:18,421139541,-930495127,247560,12955466,79,90,73878,3499,100000
0$$HAR,15:17:21,421139519,-930495131,247270,12955466,51,90,73878,3499,100000
0$$HAR,15:17:24,421139509,-930495114,247545,12955466,23,90,73878,3499,100000
0$$HAR,15:17:27,421139505,-930495123,247332,12955466,31,90,73878,3499,100000
0$$HAR,15:17:30,421139533,-930495096,247635,12955466,281,90,73878,3499,100000
1$$HAR,15:17:33,421139554,-930495092,247775,12955466,48,90,73878,3499,100000
0$$HAR,15:17:36,421139542,-930495081,248027,12955466,70,90,73878,3499,100000
0$$HAR,15:17:39,421139521,-930495085,247935,12955466,31,90,73878,3499,100000
0$$HAR,15:17:42,421139530,-930495092,247745,12955466,91,94,73878,3499,100000
0$$HAR,15:17:45,421139535,-930495084,247965,12955466,87,90,73878,3499,100000
0$$HAR,15:17:48,421139536,-930495083,247893,12955466,47,94,73878,3499,100000
0$$HAR,15:17:51,421139549,-930495080,247854,12955466,12,90,73878,3499,100000
0$$HAR,15:17:54,421139546,-930495077,247675,12955466,50,90,73878,3499,100000
0$$HAR,15:17:57,421139559,-930495077,247864,12955466,30,94,73878,3499,100000
0$$HAR,15:18:00,421139552,-930495082,247895,12955466,52,90,73878,3499,100000
0$$HAR,15:18:03,421139541,-930495097,247635,12955466,89,96,73878,3499,100000
0$$HAR,15:18:06,421139535,-930495114,247435,12955466,32,91,73878,3499,100000
0$$HAR,15:18:09,421139537,-930495121,247448,12955466,63,90,73878,3499,100000
0$$HAR,15:18:12,421139539,-930495145,247026,12955466,62,90,73878,3499,100000
0$$HAR,15:18:15,421139546,-930495141,247291,12955466,237,94,73878,3499,100000
0$$HAR,15:18:18,421139545,-930495200,246653,12955466,638,111,73878,3499,100000
0$$HAR,15:18:21,421139612,-930495237,245405,12955466,66,101,73878,3499,100000
0$$HAR,15:18:24,421139536,-930495292,244178,12955466,24,98,73878,3499,100000
1$$HAR,15:18:27,421139508,-930495300,244319,12955466,26,106,73878,3499,100000
0$$HAR,15:18:30,421139499,-930495299,244638,12955466,77,99,73878,3499,100000
0$$HAR,15:18:33,421139501,-930495286,244953,12955466,14,93,73878,3499,100000
0$$HAR,15:18:36,421139493,-930495284,244841,12955466,112,91,73878,3499,100000
0$$HAR,15:18:39,421139518,-930495251,245638,12955466,53,91,73878,3499,100000
0$$HAR,15:18:42,421139493,-930495264,245413,12955466,59,91,73878,3499,100000
0$$HAR,15:18:45,421139495,-930495265,245610,12955466,30,91,73878,3499,100000
0$$HAR,15:18:48,421139498,-930495260,245967,12955466,33,97,73878,3499,100000
0$$HAR,15:18:51,421139506,-930495249,246346,12955466,27,91,73878,3499,100000
0$$HAR,15:18:54,421139490,-930495239,246561,12955466,77,91,73878,3499,100000
0$$HAR,15:18:57,421139517,-930495216,247046,12955466,64,97,73878,3499,100000
0$$HAR,15:19:00,421139513,-930495213,247351,12955466,52,97,73878,3499,100000
0$$HAR,15:19:03,421139531,-930495218,247288,12955466,17,97,73878,3499,100000
0$$HAR,15:19:06,421139526,-930495227,247020,12955466,77,91,73878,3499,100000
0$$HAR,15:19:09,421139525,-930495235,247335,12955466,41,97,73878,3499,100000
0$$HAR,15:19:12,421139503,-930495239,247307,12955466,113,97,73878,3499,100000
0$$HAR,15:19:15,421139506,-930495245,247135,12955466,69,97,73878,3499,100000
0$$HAR,15:19:18,421139509,-930495245,246958,12955466,67,97,73878,3499,100000
0$$HAR,15:19:21,421139512,-930495226,247228,12955466,25,97,73878,3499,100000
0$$HAR,15:19:24,421139512,-930495220,247152,12955466,95,92,73878,3499,100000
0$$HAR,15:19:27,421139496,-930495220,247020,12955466,185,92,73878,3499,100000
0$$HAR,15:19:30,421139494,-930495221,247218,12955466,10,91,73878,3499,100000
0$$HAR,15:19:33,421139490,-930495199,247290,12955466,83,91,73878,3499,100000
0$$HAR,15:19:36,421139484,-930495189,247184,12955466,78,91,73878,3499,100000
0$$HAR,15:19:39,421139488,-930495179,247014,12955466,25,96,73878,3499,100000
0$$HAR,15:19:42,421139459,-930495191,246696,12955466,184,91,73878,3499,100000
0$$HAR,15:19:45,421139445,-930495182,246616,12955466,103,89,73878,3499,100000
0$$HAR,15:19:48,421139461,-930495177,246758,12955466,176,93,73878,3499,100000
0$$HAR,15:19:51,421139487,-930495167,246966,12955466,60,98,73878,3499,100000
0$$HAR,15:19:54,421139475,-930495179,246468,12955466,77,92,73878,3499,100000
0$$HAR,15:19:57,421139506,-930495149,246670,12955466,123,92,73878,3499,100000
0$$HAR,15:20:00,421139489,-930495133,246961,12955466,212,92,73878,3499,100000
0$$HAR,15:20:03,421139462,-930495129,247068,12955466,38,92,73878,3499,100000
0$$HAR,15:20:06,421139476,-930495122,247147,12955466,207,92,73878,3499,100000
0$$HAR,15:20:09,421139486,-930495112,247329,12955466,72,93,73878,3499,100000
0$$HAR,15:20:12,421139491,-930495089,247963,12955466,47,93,73878,3499,100000
0$$HAR,15:20:15,421139499,-930495097,248112,12955466,108,93,73878,3499,100000
0$$HAR,15:20:18,421139510,-930495090,248226,12955466,33,93,73878,3499,100000
0$$HAR,15:20:21,421139533,-930495092,248147,12955466,75,93,73878,3499,100000
0$$HAR,15:20:24,421139493,-930495132,249555,12955466,133,93,73878,3499,100000
0$$HAR,15:20:27,421139508,-930495089,250921,9498756,9,93,73878,3499,100000
0$$HAR,15:20:30,421139492,-930495018,250781,8471202,348,93,73878,3499,100000
0$$HAR,15:20:33,421139485,-930495046,250231,11265096,117,93,73878,3499,100000
0$$HAR,15:20:36,421139477,-930495048,250426,11265096,122,93,73878,3499,100000
0$$HAR,15:20:39,421139552,-930495065,251252,11265096,25,93,73878,3499,100000
0$$HAR,15:20:42,421139581,-930495071,251022,11265096,79,93,73878,3499,100000
0$$HAR,15:20:45,421139579,-930495086,250754,11265096,213,93,73878,3499,100000
0$$HAR,15:20:48,421139546,-930495096,250724,11265096,56,93,73878,3499,100000
0$$HAR,15:20:51,421139488,-930495097,251276,11265096,26,93,73878,3499,100000
0$$HAR,15:20:54,421139557,-930494940,251223,6870751,870,96,73878,3499,100000
0$$HAR,15:20:57,421139609,-930494839,251237,5333712,373,93,73878,3499,100000
0$$HAR,15:21:00,421139692,-930494854,251479,1719542,397,93,73878,3499,100000
0$$HAR,15:21:03,421139680,-930494866,251165,7197426,342,93,73878,3499,100000
0$$HAR,15:21:06,421139668,-930494805,251709,8187608,124,93,73878,3499,100000
0$$HAR,15:21:09,421139660,-930494809,251009,8187608,280,94,73878,3499,100000
0$$HAR,15:21:12,421139677,-930494812,250195,35383692,250,94,73878,3499,100000
0$$HAR,15:21:15,421139677,-930494818,251071,8466674,170,94,73878,3499,100000
0$$HAR,15:21:18,421139667,-930494808,251167,8466674,3,94,73878,3499,100000
0$$HAR,15:21:21,421139661,-930494814,251102,8466674,129,92,73878,3499,100000
0$$HAR,15:21:24,421139640,-930494838,250781,8466674,45,92,73878,3499,100000
1$$HAR,15:21:27,421139643,-930494861,250556,8466674,42,92,73878,3499,100000
0$$HAR,15:21:30,421139638,-930494882,250445,8466674,82,92,73878,3499,100000
1$$HAR,15:21:33,421139629,-930494891,250280,8466674,78,89,73878,3499,100000
0$$HAR,15:21:36,421139607,-930494864,250480,8466674,70,89,73878,3499,100000
0$$HAR,15:21:39,421139617,-930494857,250497,8466674,90,89,73878,3499,100000
0$$HAR,15:21:42,421139618,-930494860,250490,8466674,129,89,73878,3499,100000
0$$HAR,15:21:45,421139593,-930494883,250825,18467078,373,89,73878,3499,100000
0$$HAR,15:21:48,421139599,-930494911,250502,18467078,114,89,73878,3499,100000
0$$HAR,15:21:51,421139613,-930494920,250001,18467078,26,89,73878,3499,100000
0$$HAR,15:21:54,421139629,-930494946,249367,18467078,209,89,73878,3499,100000
0$$HAR,15:21:57,421139638,-930494950,248866,18467078,117,89,73878,3499,100000
0$$HAR,15:22:00,421139619,-930494939,248636,18467078,131,90,73878,3499,100000
0$$HAR,15:22:03,421139637,-930494918,248388,18467078,131,93,73878,3499,100000
0$$HAR,15:22:06,421139651,-930494915,248090,21062724,133,89,73878,3499,100000
0$$HAR,15:22:09,421139600,-930494885,247893,15767004,370,89,73878,3499,100000
0$$HAR,15:22:12,421139336,-930494798,247508,17399452,1080,89,73878,3499,100000
0$$HAR,15:22:15,421139069,-930494737,247948,17221570,678,89,73878,3499,100000
0$$HAR,15:22:18,421139026,-930494733,247989,17033660,317,89,73878,3499,100000
0$$HAR,15:22:21,421138945,-930494730,248182,18920234,129,90,73878,3499,100000
0$$HAR,15:22:24,421138924,-930494736,248002,18920234,202,89,73878,3499,100000
0$$HAR,15:22:27,421138898,-930494794,247382,20908320,137,90,73878,3499,100000
0$$HAR,15:22:30,421138888,-930494840,247155,23032232,840,93,73878,3499,100000
0$$HAR,15:22:33,421138891,-930494878,246672,23032232,117,89,73878,3499,100000
0$$HAR,15:22:36,421138927,-930494868,246586,26947544,59,89,73878,3499,100000
0$$HAR,15:22:39,421138917,-930494867,247361,26947544,68,89,73878,3499,100000
0$$HAR,15:22:42,421138938,-930494804,246913,26947544,51,93,73878,3499,100000
0$$HAR,15:22:45,421138938,-930494778,247061,26947544,42,90,73878,3499,100000
0$$HAR,15:22:48,421138929,-930494722,246653,26947544,82,90,73878,3499,100000
0$$HAR,15:22:51,421138904,-930494675,247002,26947544,15,90,73878,3499,100000
0$$HAR,15:22:54,421138872,-930494630,247346,26947544,47,90,73878,3499,100000
0$$HAR,15:22:57,421138854,-930494598,247603,26947544,70,89,73878,3499,100000
0$$HAR,15:23:00,421138840,-930494572,247643,26947544,36,89,73878,3499,100000
0$$HAR,15:23:03,421138816,-930494545,248206,26947544,52,89,73878,3499,100000
0$$HAR,15:23:06,421138808,-930494532,248350,26947544,5,93,73878,3499,100000
0$$HAR,15:23:09,421138792,-930494517,248420,26947544,26,89,73878,3499,100000
0$$HAR,15:23:12,421138776,-930494510,248601,26947544,86,89,73878,3499,100000
0$$HAR,15:23:15,421138764,-930494496,248679,26947544,42,89,73878,3499,100000
0$$HAR,15:23:18,421138754,-930494482,248771,26947544,17,93,73878,3499,100000
0$$HAR,15:23:21,421138746,-930494473,248811,26947544,49,93,73878,3499,100000
0$$HAR,15:23:24,421138736,-930494468,248879,26947544,65,93,73878,3499,100000
0$$HAR,15:23:27,421138736,-930494466,248857,26947544,53,93,73878,3499,100000
0$$HAR,15:23:30,421138741,-930494459,249021,26947544,9,93,73878,3499,100000
0$$HAR,15:23:33,421138730,-930494460,249044,26947544,42,93,73878,3499,100000
0$$HAR,15:23:36,421138721,-930494455,249058,26947544,23,93,73878,3499,100000
0$$HAR,15:23:39,421138715,-930494461,249250,26947544,17,93,73878,3499,100000
0$$HAR,15:23:42,421138711,-930494449,249183,26947544,17,89,73878,3499,100000
0$$HAR,15:23:45,421138713,-930494441,249024,26947544,21,89,73878,3499,100000
0$$HAR,15:23:48,421138704,-930494435,249054,26947544,48,94,73878,3499,100000
0$$HAR,15:23:51,421138704,-930494430,249073,26947544,35,89,73878,3499,100000
0$$HAR,15:23:54,421138694,-930494421,249026,26947544,72,93,73878,3499,100000
0$$HAR,15:23:57,421138692,-930494418,249077,26947544,48,93,73878,3499,100000
0$$HAR,15:24:00,421138688,-930494409,249025,26947544,41,93,73878,3499,100000
0$$HAR,15:24:03,421138685,-930494407,248985,26947544,29,93,73878,3499,100000
0$$HAR,15:24:06,421138685,-930494417,249170,26947544,67,93,73878,3499,100000
0$$HAR,15:24:09,421138685,-930494427,249572,26947544,23,90,73878,3499,100000
0$$HAR,15:24:12,421138349,-930494434,249928,18002274,2576,89,73878,3499,100000
0$$HAR,15:24:15,421137408,-930494429,250219,17876000,4513,89,73878,3499,100000
0$$HAR,15:24:18,421135805,-930494336,250987,17783356,7099,89,73878,3499,100000
0$$HAR,15:24:21,421133674,-930494275,252422,17990006,8708,89,73878,3499,100000
0$$HAR,15:24:24,421131123,-930494284,253883,18015036,10157,89,73878,3499,100000
0$$HAR,15:24:27,421128296,-930494300,255917,18022882,10567,89,73878,3499,100000
0$$HAR,15:24:30,421125395,-930494325,258102,18075046,10714,89,73878,3499,100000
0$$HAR,15:24:33,421122448,-930494376,260699,18032822,10911,92,73878,3499,100000
0$$HAR,15:24:36,421119573,-930494383,264106,18075656,10633,93,73878,3499,100000
0$$HAR,15:24:39,421116810,-930494495,266740,18014010,10636,111,73878,3499,100000
0$$HAR,15:24:42,421113840,-930494359,266678,17809486,11077,96,73878,3499,100000
0$$HAR,15:24:45,421110866,-930494288,263968,18109202,10857,96,73878,3499,100000
0$$HAR,15:24:48,421108005,-930494376,261796,18142090,10180,96,73878,3499,100000
0$$HAR,15:24:51,421105557,-930494450,260513,18054028,7859,96,73878,3499,100000
0$$HAR,15:24:54,421104410,-930494467,259674,17765708,2372,96,73878,3499,100000
0$$HAR,15:24:57,421103694,-930493631,259732,12686180,5560,97,73878,3499,100000
0$$HAR,15:25:00,421103367,-930491108,257690,9249918,9279,96,73878,3499,100000
0$$HAR,15:25:03,421103325,-930487212,255914,9128990,12263,97,73878,3499,100000
0$$HAR,15:25:06,421103281,-930482393,254778,9072480,14467,98,73878,3499,100000
0$$HAR,15:25:09,421103186,-930476974,253400,9152260,15560,97,73878,3499,100000
0$$HAR,15:25:12,421103033,-930471324,251184,9202986,16013,98,73878,3499,100000
0$$HAR,15:25:15,421102925,-930465559,250269,9153444,15831,98,73878,3499,100000
0$$HAR,15:25:18,421102804,-930459937,249480,9279758,14737,98,73878,3499,100000
0$$HAR,15:25:21,421102485,-930454934,248962,9973956,13537,98,73878,3499,100000
0$$HAR,15:25:24,421101390,-930450353,248555,11380552,13087,97,73878,3499,100000
0$$HAR,15:25:27,421099834,-930446581,248464,12041738,11067,98,73878,3499,100000
0$$HAR,15:25:30,421098332,-930443062,248952,11513046,11461,98,73878,3499,100000
0$$HAR,15:25:33,421097338,-930438969,249040,9849858,12493,97,73878,3499,100000
0$$HAR,15:25:36,421096976,-930434358,248980,9400832,13208,97,73878,3499,100000
0$$HAR,15:25:39,421096798,-930429513,248879,9208736,13469,98,73878,3499,100000
0$$HAR,15:25:42,421096678,-930424633,249073,9170718,13549,98,73878,3499,100000
0$$HAR,15:25:45,421096561,-930419658,249074,9164872,13985,98,73878,3499,100000
0$$HAR,15:25:48,421096443,-930414466,248593,9197780,14705,98,73878,3499,100000
0$$HAR,15:25:51,421096314,-930409138,247668,9192460,14308,98,73878,3499,100000
0$$HAR,15:25:54,421096183,-930404134,247159,9217118,13171,98,73878,3499,100000
0$$HAR,15:25:57,421096052,-930399806,247251,9178806,10410,98,73878,3499,100000
0$$HAR,15:26:00,421095925,-930396964,246970,9657560,5522,98,73878,3499,100000
0$$HAR,15:26:03,421095196,-930395665,247634,14761240,4554,97,73878,3499,100000
0$$HAR,15:26:06,421093578,-930395531,248901,18087630,7624,97,73878,3499,100000
0$$HAR,15:26:09,421091458,-930395602,250505,18003026,7999,97,73878,3499,100000
0$$HAR,15:26:12,421089166,-930395633,253072,18123010,8799,97,73878,3499,100000
0$$HAR,15:26:15,421086681,-930395685,256363,18049530,9459,97,73878,3499,100000
0$$HAR,15:26:18,421083923,-930395687,259249,18091794,10799,97,73878,3499,100000
0$$HAR,15:26:21,421080720,-930395734,262435,18105902,12733,97,73878,3499,100000
0$$HAR,15:26:24,421077378,-930395836,264732,18142726,11985,97,73878,3499,100000
0$$HAR,15:26:27,421074029,-930395823,265796,18077066,12263,97,73878,3499,100000
0$$HAR,15:26:30,421070523,-930395791,267104,18043924,13652,97,73878,3499,100000
0$$HAR,15:26:33,421066652,-930395819,268567,17870540,15261,102,73878,3499,100000
0$$HAR,15:26:36,421062682,-930395686,269764,17991976,14782,100,73878,3499,100000
0$$HAR,15:26:39,421058735,-930395741,268501,18027160,15111,95,73878,3499,100000
0$$HAR,15:26:42,421054565,-930395776,266509,17997760,15677,93,73878,3499,100000
0$$HAR,15:26:45,421050374,-930395791,264324,18058562,15343,93,73878,3499,100000
0$$HAR,15:26:48,421046315,-930395774,263743,18027066,14669,93,73878,3499,100000
0$$HAR,15:26:51,421042422,-930395832,264324,18032508,14108,93,73878,3499,100000
0$$HAR,15:26:54,421038604,-930395866,266016,18062810,14061,93,73878,3499,100000
0$$HAR,15:26:57,421034804,-930395941,268488,17994488,14556,93,73878,3499,100000
0$$HAR,15:27:00,421031000,-930395905,269781,18007300,12886,93,73878,3499,100000
0$$HAR,15:27:03,421027730,-930395944,269332,18097264,11384,93,73878,3499,100000
0$$HAR,15:27:06,421024797,-930396048,268907,17860078,10860,93,73878,3499,100000
0$$HAR,15:27:09,421021656,-930395939,268838,17929294,12355,93,73878,3499,100000
0$$HAR,15:27:12,421018127,-930396027,269261,18094166,14032,93,73878,3499,100000
0$$HAR,15:27:15,421014252,-930396222,270895,18073096,14543,93,73878,3499,100000
0$$HAR,15:27:18,421010192,-930396326,271787,18027198,15856,93,73878,3499,100000
0$$HAR,15:27:21,421005793,-930396344,272707,17958026,16707,93,73878,3499,100000
0$$HAR,15:27:24,421001222,-930396388,273877,18020854,17305,93,73878,3499,100000
0$$HAR,15:27:27,420996449,-930396407,274987,17970522,18182,93,73878,3499,100000
0$$HAR,15:27:30,420991613,-930396356,275794,17931238,17799,93,73878,3499,100000
0$$HAR,15:27:33,420986792,-930396393,276689,18005338,18044,93,73878,3499,100000
0$$HAR,15:27:36,420981787,-930396347,277418,17957890,18874,93,73878,3499,100000
0$$HAR,15:27:39,420976763,-930396324,278545,18017216,18215,93,73878,3499,100000
0$$HAR,15:27:42,420971922,-930396365,279706,17985536,17698,93,73878,3499,100000
0$$HAR,15:27:45,420967085,-930396382,278260,18045262,18043,93,73878,3499,100000
0$$HAR,15:27:48,420962209,-930396403,275837,18051776,17920,93,73878,3499,100000
0$$HAR,15:27:51,420957482,-930396399,274617,18002110,16913,95,73878,3499,100000
0$$HAR,15:27:54,420953007,-930396363,273038,17928744,16461,93,73878,3499,100000
0$$HAR,15:27:57,420948445,-930396271,271034,17942230,16965,93,73878,3499,100000
0$$HAR,15:28:00,420943750,-930396175,268353,17889302,17735,93,73878,3499,100000
0$$HAR,15:28:03,420938841,-930396036,266187,17860774,18155,93,73878,3499,100000
0$$HAR,15:28:06,420934001,-930395863,265080,17925350,17381,93,73878,3499,100000
0$$HAR,15:28:09,420929435,-930395831,265768,18022988,16218,93,73878,3499,100000
0$$HAR,15:28:12,420925520,-930395889,269929,17957776,12556,93,73878,3499,100000
0$$HAR,15:28:15,420922481,-930395861,272398,17898596,10604,93,73878,3499,100000
0$$HAR,15:28:18,420919335,-930395862,272363,17971018,12814,93,73878,3499,100000
0$$HAR,15:28:21,420915542,-930395885,271650,17983094,15401,93,73878,3499,100000
0$$HAR,15:28:24,420911035,-930395931,272093,18026624,17702,93,73878,3499,100000
0$$HAR,15:28:27,420906225,-930396031,273868,18050702,18034,93,73878,3499,100000
0$$HAR,15:28:30,420901364,-930396106,275163,18073730,17692,93,73878,3499,100000
0$$HAR,15:28:33,420896603,-930396197,275840,18093206,17544,93,73878,3499,100000
0$$HAR,15:28:36,420891896,-930396287,277174,18036292,17183,93,73878,3499,100000
1$$HAR,15:28:39,420887342,-930396345,277799,18031832,16846,93,73878,3499,100000
0$$HAR,15:28:42,420882859,-930396373,276693,18065374,16291,93,73878,3499,100000
0$$HAR,15:28:45,420878400,-930396351,274017,18058062,16675,93,73878,3499,100000
0$$HAR,15:28:48,420873827,-930396402,271492,18027866,16948,93,73878,3499,100000
0$$HAR,15:28:51,420869266,-930396397,270587,18014566,16654,93,73878,3499,100000
0$$HAR,15:28:54,420864863,-930396471,271036,17972446,16201,93,73878,3499,100000
0$$HAR,15:28:57,420860559,-930396490,272270,17967962,16048,93,73878,3499,100000
0$$HAR,15:29:00,420856149,-930396594,271367,18093138,16614,93,73878,3499,100000
0$$HAR,15:29:03,420851683,-930396757,270787,18117822,16633,93,73878,3499,100000
0$$HAR,15:29:06,420847251,-930396967,271356,18168164,16561,106,73878,3499,100000
0$$HAR,15:29:09,420842949,-930397019,274833,17970070,15356,99,73878,3499,100000
0$$HAR,15:29:12,420838762,-930397031,276141,17959498,15855,97,73878,3499,100000
0$$HAR,15:29:15,420834469,-930397166,276396,18019862,16258,97,73878,3499,100000
0$$HAR,15:29:18,420830147,-930397222,276515,18060492,15848,99,73878,3499,100000
0$$HAR,15:29:21,420825868,-930397299,277219,18049766,15707,97,73878,3499,100000
0$$HAR,15:29:24,420821575,-930397322,275655,18068574,16065,97,73878,3499,100000
0$$HAR,15:29:27,420817106,-930397392,273643,18090902,16799,94,73878,3499,100000
0$$HAR,15:29:30,420812527,-930397517,273776,18094544,17071,97,73878,3499,100000
0$$HAR,15:29:33,420808067,-930397600,275938,18049424,16145,94,73878,3499,100000
0$$HAR,15:29:36,420803794,-930397684,277906,17959460,16434,94,73878,3499,100000
0$$HAR,15:29:39,420799178,-930397751,279920,18095874,17364,94,73878,3499,100000
0$$HAR,15:29:42,420794749,-930397881,281442,18159916,14953,94,73878,3499,100000
0$$HAR,15:29:45,420791209,-930398004,281833,18070150,11332,94,73878,3499,100000
0$$HAR,15:29:48,420788914,-930398004,282345,17966428,5827,94,73878,3499,100000
0$$HAR,15:29:51,420787903,-930397978,282269,17878746,2281,94,73878,3499,100000
0$$HAR,15:29:54,420786994,-930397903,282237,17524238,5345,94,73878,3499,100000
0$$HAR,15:29:57,420784993,-930397645,281902,17523468,9186,94,73878,3499,100000
0$$HAR,15:30:00,420782203,-930397495,280951,17866942,11804,94,73878,3499,100000
0$$HAR,15:30:03,420778707,-930397429,280663,17987546,13718,94,73878,3499,100000
0$$HAR,15:30:06,420774886,-930397349,279353,17901328,14425,94,73878,3499,100000
0$$HAR,15:30:09,420770876,-930397198,277428,17845260,14981,95,73878,3499,100000
0$$HAR,15:30:12,420766740,-930397057,274690,17870232,15493,94,73878,3499,100000
0$$HAR,15:30:15,420762499,-930396915,273246,17861224,15887,94,73878,3499,100000
0$$HAR,15:30:18,420758192,-930396737,272402,17844542,16214,94,73878,3499,100000
0$$HAR,15:30:21,420753786,-930396660,272596,17882582,16507,94,73878,3499,100000
0$$HAR,15:30:24,420749303,-930396568,273574,17906726,16849,94,73878,3499,100000
0$$HAR,15:30:27,420744815,-930396487,274600,17932858,16538,94,73878,3499,100000
0$$HAR,15:30:30,420740361,-930396380,275796,17871172,16438,94,73878,3499,100000
0$$HAR,15:30:33,420735840,-930396242,278081,17884732,17139,96,73878,3499,100000
0$$HAR,15:30:36,420731234,-930396208,280842,17975776,16658,94,73878,3499,100000
0$$HAR,15:30:39,420726863,-930396119,283107,17811044,15575,94,73878,3499,100000
0$$HAR,15:30:42,420722673,-930395898,282959,17774892,15547,94,73878,3499,100000
0$$HAR,15:30:45,420718427,-930395755,281640,17918790,16165,94,73878,3499,100000
0$$HAR,15:30:48,420714052,-930395657,281503,17880000,16270,94,73878,3499,100000
0$$HAR,15:30:51,420709677,-930395538,282537,17924710,16411,94,73878,3499,100000
0$$HAR,15:30:54,420705111,-930395412,284442,17878416,17639,95,73878,3499,100000
0$$HAR,15:30:57,420700395,-930395262,286851,17900544,17276,94,73878,3499,100000
0$$HAR,15:31:00,420695852,-930395171,289248,17845452,16671,94,73878,3499,100000
0$$HAR,15:31:03,420691157,-930395056,290142,17902334,18015,94,73878,3499,100000
0$$HAR,15:31:06,420686142,-930394850,289775,17799280,18809,94,73878,3499,100000
0$$HAR,15:31:09,420681044,-930394660,287165,17921412,18882,94,73878,3499,100000
0$$HAR,15:31:12,420675883,-930394519,283580,17858820,19256,94,73878,3499,100000
1$$HAR,15:31:15,420670634,-930394311,280673,17860236,19354,94,73878,3499,100000
0$$HAR,15:31:18,420665460,-930394169,278992,17926480,18744,94,73878,3499,100000
0$$HAR,15:31:21,420660405,-930394098,277773,17982986,18513,94,73878,3499,100000
0$$HAR,15:31:24,420655446,-930393965,277752,17863114,18073,94,73878,3499,100000
0$$HAR,15:31:27,420650710,-930393847,277752,17929840,16893,94,73878,3499,100000
0$$HAR,15:31:30,420646220,-930393791,278685,17883616,16341,94,73878,3499,100000
0$$HAR,15:31:33,420641952,-930393724,281087,17967398,15515,94,73878,3499,100000
0$$HAR,15:31:36,420638045,-930393685,283339,17979120,14263,102,73878,3499,100000
0$$HAR,15:31:39,420634045,-930393600,282375,17931298,15644,93,73878,3499,100000
0$$HAR,15:31:42,420629623,-930393588,282111,17951072,17240,96,73878,3499,100000
0$$HAR,15:31:45,420624782,-930393588,281246,17972626,18201,96,73878,3499,100000
0$$HAR,15:31:48,420619849,-930393604,279401,18056344,18371,93,73878,3499,100000
0$$HAR,15:31:51,420614854,-930393661,276564,18048278,18429,93,73878,3499,100000
0$$HAR,15:31:54,420609819,-930393663,273236,18003648,18423,93,73878,3499,100000
0$$HAR,15:31:57,420604834,-930393677,270487,18046398,18403,98,73878,3499,100000
0$$HAR,15:32:00,420599874,-930393708,268414,17997804,18068,98,73878,3499,100000
0$$HAR,15:32:03,420595027,-930393691,266433,17978492,17804,96,73878,3499,100000
0$$HAR,15:32:06,420590228,-930393676,264782,17998832,17731,92,73878,3499,100000
0$$HAR,15:32:09,420585354,-930393616,264117,17899546,18355,92,73878,3499,100000
0$$HAR,15:32:12,420580383,-930393495,264038,17916412,18332,92,73878,3499,100000
0$$HAR,15:32:15,420575401,-930393375,264194,17925876,18412,92,73878,3499,100000
0$$HAR,15:32:18,420570519,-930393303,264003,17921022,17680,92,73878,3499,100000
0$$HAR,15:32:21,420565719,-930393241,264724,17957108,17688,92,73878,3499,100000
0$$HAR,15:32:24,420561056,-930393238,264631,18029596,17325,92,73878,3499,100000
0$$HAR,15:32:27,420556379,-930393205,264566,17907728,17133,92,73878,3499,100000
0$$HAR,15:32:30,420551773,-930393161,263885,18032314,16777,92,73878,3499,100000
0$$HAR,15:32:33,420547348,-930393279,262823,18142112,16148,92,73878,3499,100000
1$$HAR,15:32:36,420542932,-930393341,263071,18032558,16465,92,73878,3499,100000
0$$HAR,15:32:39,420538486,-930393427,264846,18108876,16480,92,73878,3499,100000
0$$HAR,15:32:42,420534062,-930393482,267642,17991106,16068,92,73878,3499,100000
0$$HAR,15:32:45,420529737,-930393499,270188,17977590,16525,94,73878,3499,100000
0$$HAR,15:32:48,420525231,-930393521,272482,18113910,16866,94,73878,3499,100000
0$$HAR,15:32:51,420520690,-930393574,273906,18004542,16768,94,73878,3499,100000
0$$HAR,15:32:54,420516071,-930393569,274979,18031128,17173,96,73878,3499,100000
0$$HAR,15:32:57,420511542,-930393566,275770,18019970,16431,96,73878,3499,100000
0$$HAR,15:33:00,420507115,-930393552,276273,17965628,16489,92,73878,3499,100000
0$$HAR,15:33:03,420502622,-930393504,276899,18005644,16970,92,73878,3499,100000
0$$HAR,15:33:06,420498133,-930393473,277424,18000038,14752,97,73878,3499,100000
0$$HAR,15:33:09,420494813,-930393428,277908,17974074,10052,97,73878,3499,100000
0$$HAR,15:33:12,420492537,-930393387,278400,17880980,6061,97,73878,3499,100000
0$$HAR,15:33:15,420491398,-930393318,278512,17701588,2901,93,73878,3499,100000
0$$HAR,15:33:18,420490112,-930393233,278674,17754202,6949,93,73878,3499,100000
0$$HAR,15:33:21,420487359,-930392983,278782,17518208,13822,93,73878,3499,100000
0$$HAR,15:33:24,420482954,-930392517,280164,17585880,18540,93,73878,3499,100000
0$$HAR,15:33:27,420477416,-930391945,283769,17607890,22409,93,73878,3499,100000
0$$HAR,15:33:30,420471028,-930391305,286670,17541690,24917,94,73878,3499,100000
0$$HAR,15:33:33,420464340,-930390559,287488,17573602,25249,93,73878,3499,100000
0$$HAR,15:33:36,420457576,-930389889,286288,17559736,25347,93,73878,3499,100000
1$$HAR,15:33:39,420450652,-930389206,284702,17573576,26573,93,73878,3499,100000
0$$HAR,15:33:42,420443478,-930388512,284281,17573406,26387,93,73878,3499,100000
0$$HAR,15:33:45,420436393,-930387762,284614,17535630,26237,94,73878,3499,100000
0$$HAR,15:33:48,420429296,-930387014,285581,17579152,26455,93,73878,3499,100000
0$$HAR,15:33:51,420422139,-930386356,286132,17639132,26735,93,73878,3499,100000
1$$HAR,15:33:54,420414950,-930385941,286328,17832600,26764,93,73878,3499,100000
0$$HAR,15:33:57,420407670,-930385803,286861,17962606,26859,93,73878,3499,100000
0$$HAR,15:34:00,420400417,-930385830,287227,18031110,26725,100,73878,3499,100000
0$$HAR,15:34:03,420393149,-930385885,285863,18076440,27132,104,73878,3499,100000
0$$HAR,15:34:06,420385948,-930385979,283680,18042428,27036,108,73878,3499,100000
0$$HAR,15:34:09,420378731,-930386042,283995,18013534,26853,95,73878,3499,100000
0$$HAR,15:34:12,420371525,-930386072,283370,18020356,26146,95,73878,3499,100000
0$$HAR,15:34:15,420364605,-930386065,281239,17994432,24801,96,73878,3499,100000
0$$HAR,15:34:18,420358221,-930386094,279699,18024036,22219,95,73878,3499,100000
0$$HAR,15:34:21,420352579,-930386134,278586,18031764,19640,95,73878,3499,100000
0$$HAR,15:34:24,420347562,-930386192,278043,18062774,17434,95,73878,3499,100000
0$$HAR,15:34:27,420342971,-930386256,278255,18017810,16831,94,73878,3499,100000
0$$HAR,15:34:30,420338375,-930386304,278702,18073168,17112,94,73878,3499,100000
0$$HAR,15:34:33,420333724,-930386309,280219,17984294,17277,95,73878,3499,100000
0$$HAR,15:34:36,420329053,-930386371,279154,18099532,16970,94,73878,3499,100000
0$$HAR,15:34:39,420324446,-930386447,279164,18087124,17223,95,73878,3499,100000
0$$HAR,15:34:42,420319785,-930386593,276381,18141022,17580,94,73878,3499,100000
0$$HAR,15:34:45,420315211,-930386717,273655,18184356,16625,94,73878,3499,100000
0$$HAR,15:34:48,420310786,-930386763,272450,17912068,15802,94,73878,3499,100000
0$$HAR,15:34:51,420306615,-930386814,269821,18079546,14928,94,73878,3499,100000
0$$HAR,15:34:54,420302654,-930386909,267477,18116480,14135,94,73878,3499,100000
0$$HAR,15:34:57,420299165,-930386994,264009,18092860,11928,94,73878,3499,100000
0$$HAR,15:35:00,420296164,-930387065,260952,18012566,9801,94,73878,3499,100000
0$$HAR,15:35:03,420293788,-930387162,259728,18242384,8221,95,73878,3499,100000
0$$HAR,15:35:06,420291238,-930387289,258929,18186470,11345,94,73878,3499,100000
0$$HAR,15:35:09,420287516,-930387433,259367,18118206,16155,94,73878,3499,100000
0$$HAR,15:35:12,420282745,-930387575,259343,18175156,18323,94,73878,3499,100000
0$$HAR,15:35:15,420277667,-930387732,259479,18106176,19096,94,73878,3499,100000
0$$HAR,15:35:18,420272480,-930387859,259520,18120202,19119,94,73878,3499,100000
0$$HAR,15:35:21,420267296,-930388016,260652,18120576,19166,94,73878,3499,100000
0$$HAR,15:35:24,420262106,-930388211,262769,18149804,19514,94,73878,3499,100000
0$$HAR,15:35:27,420256733,-930388328,265782,18082000,20096,94,73878,3499,100000
0$$HAR,15:35:30,420251281,-930388438,269617,18115506,20170,93,73878,3499,100000
0$$HAR,15:35:33,420245604,-930388615,272557,18123696,22057,93,73878,3499,100000
0$$HAR,15:35:36,420239315,-930388754,274536,18058232,24762,93,73878,3499,100000
0$$HAR,15:35:39,420232384,-930388864,274641,18069090,25771,93,73878,3499,100000
0$$HAR,15:35:42,420225584,-930388919,274291,18033160,24416,93,73878,3499,100000
0$$HAR,15:35:45,420218929,-930389018,274589,18094490,25008,93,73878,3499,100000
0$$HAR,15:35:48,420212020,-930389120,276103,18034176,26156,93,73878,3499,100000
0$$HAR,15:35:51,420204934,-930389124,280090,18036220,26091,93,73878,3499,100000
0$$HAR,15:35:54,420197821,-930389202,284478,18042952,26546,93,73878,3499,100000
0$$HAR,15:35:57,420190576,-930389336,286605,18144364,27017,93,73878,3499,100000
0$$HAR,15:36:00,420183237,-930389627,285672,18200294,26686,93,73878,3499,100000
0$$HAR,15:36:03,420176399,-930389956,284404,18224218,23723,93,73878,3499,100000
0$$HAR,15:36:06,420170365,-930390273,284725,18241480,21138,93,73878,3499,100000
0$$HAR,15:36:09,420165017,-930390543,285156,18185672,18438,94,73878,3499,100000
0$$HAR,15:36:12,420160581,-930390754,285400,18240600,14672,94,73878,3499,100000
0$$HAR,15:36:15,420157149,-930390933,285276,18162374,10194,93,73878,3499,100000
0$$HAR,15:36:18,420154938,-930391015,285213,18145636,6315,93,73878,3499,100000
0$$HAR,15:36:21,420153781,-930391068,285631,18149278,4099,93,73878,3499,100000
0$$HAR,15:36:24,420151961,-930391105,285752,18041552,9804,93,73878,3499,100000
0$$HAR,15:36:27,420148560,-930391119,285446,18019878,15280,93,73878,3499,100000
1$$HAR,15:36:30,420143741,-930391137,285197,18030294,20443,93,73878,3499,100000
0$$HAR,15:36:33,420137712,-930391179,285309,18025196,23693,93,73878,3499,100000
0$$HAR,15:36:36,420131134,-930391346,285780,18224248,24780,123,73878,3499,100000
0$$HAR,15:36:39,420124203,-930391372,286652,18003648,26111,99,73878,3499,100000
0$$HAR,15:36:42,420117222,-930391414,287970,18051200,25569,94,73878,3499,100000
0$$HAR,15:36:45,420110479,-930391474,288422,18065346,24763,94,73878,3499,100000
1$$HAR,15:36:45,420110479,-930391474,288422,18065346,24763,94,73878,3499,100000
1$$HAR,15:36:51,420097963,-930391488,290751,18043924,20451,94,73878,3499,100000
0$$HAR,15:36:54,420092920,-930391558,291378,18049284,17066,94,73878,3499,100000
0$$HAR,15:36:57,420088948,-930391561,291637,17924282,12433,94,73878,3499,100000
0$$HAR,15:37:00,420086249,-930391708,291528,18940554,7835,94,73878,3499,100000
0$$HAR,15:37:03,420084716,-930392615,291622,20888322,4177,95,73878,3499,100000
0$$HAR,15:37:06,420084025,-930393808,292212,23896344,6400,94,73878,3499,100000
0$$HAR,15:37:09,420083554,-930397016,292724,26574546,11585,94,73878,3499,100000
0$$HAR,15:37:12,420083476,-930402314,292709,26939714,17247,94,73878,3499,100000
0$$HAR,15:37:15,420083394,-930409492,292729,26897468,22393,94,73878,3499,100000
0$$HAR,15:37:18,420083319,-930418556,292322,26913978,27427,96,73878,3499,100000
0$$HAR,15:37:21,420083233,-930429001,291403,26937916,29803,97,73878,3499,100000
0$$HAR,15:37:24,420083120,-930440152,290458,26923224,31411,97,73878,3499,100000
0$$HAR,15:37:27,420083014,-930451532,289273,26932092,31279,94,73878,3499,100000
0$$HAR,15:37:30,420082916,-930462901,287645,26909992,31349,94,73878,3499,100000
0$$HAR,15:37:33,420082812,-930474281,286160,26909582,31350,94,73878,3499,100000
0$$HAR,15:37:36,420082684,-930485640,284761,26938720,31336,94,73878,3499,100000
0$$HAR,15:37:39,420082594,-930496939,285053,26912032,31116,94,73878,3499,100000
0$$HAR,15:37:42,420082432,-930508167,286347,26920574,30950,95,73878,3499,100000
0$$HAR,15:37:45,420082316,-930519371,287988,26909492,30974,95,73878,3499,100000
0$$HAR,15:37:48,420082192,-930530615,289105,26925970,31105,95,73878,3499,100000
1$$HAR,15:37:51,420082087,-930541909,290020,26949692,31241,97,73878,3499,100000
0$$HAR,15:37:54,420082014,-930553236,290021,26868124,31257,95,73878,3499,100000
0$$HAR,15:37:57,420081813,-930564608,290397,26845184,31404,95,73878,3499,100000
0$$HAR,15:38:00,420081573,-930575963,290029,26784984,31310,95,73878,3499,100000
0$$HAR,15:38:03,420081121,-930587297,289198,26656736,31249,94,73878,3499,100000
0$$HAR,15:38:06,420080715,-930598599,288595,26842202,31353,94,73878,3499,100000
0$$HAR,15:38:09,420080465,-930609913,288028,26814058,31366,94,73878,3499,100000
0$$HAR,15:38:12,420080158,-930621242,287705,26793438,31346,94,73878,3499,100000
0$$HAR,15:38:15,420079891,-930632555,287327,26843906,31306,94,73878,3499,100000
0$$HAR,15:38:18,420079723,-930643859,286919,26943864,31248,94,73878,3499,100000
0$$HAR,15:38:21,420079762,-930655155,286237,27104710,31391,94,73878,3499,100000
0$$HAR,15:38:24,420079907,-930666455,286154,27093574,31423,94,73878,3499,100000
0$$HAR,15:38:27,420080052,-930677829,283739,27122244,31344,94,73878,3499,100000
0$$HAR,15:38:30,420080244,-930689206,281545,27127992,31379,94,73878,3499,100000
0$$HAR,15:38:33,420080521,-930700548,279456,27254414,31215,94,73878,3499,100000
0$$HAR,15:38:36,420080917,-930711831,279184,27197738,31056,95,73878,3499,100000
0$$HAR,15:38:39,420081109,-930723106,279869,27120720,31041,94,73878,3499,100000
0$$HAR,15:38:42,420081263,-930734361,280581,27118706,31062,95,73878,3499,100000
0$$HAR,15:38:45,420081419,-930745631,281545,27069450,31114,95,73878,3499,100000
0$$HAR,15:38:48,420081540,-930756900,282167,27102166,31111,95,73878,3499,100000
0$$HAR,15:38:51,420081697,-930768172,282512,27103396,31125,96,73878,3499,100000
0$$HAR,15:38:54,420081811,-930779455,283162,27087960,31225,96,73878,3499,100000
0$$HAR,15:38:57,420081953,-930790817,283229,27104948,31412,96,73878,3499,100000
0$$HAR,15:39:00,420082103,-930802204,282170,27079562,31458,94,73878,3499,100000
0$$HAR,15:39:03,420082227,-930813605,280159,27093882,31390,94,73878,3499,100000
0$$HAR,15:39:06,420082390,-930824999,277385,27115502,31369,94,73878,3499,100000
0$$HAR,15:39:09,420082529,-930836324,275748,27107706,31163,94,73878,3499,100000
0$$HAR,15:39:12,420082697,-930847550,275310,27117228,30916,94,73878,3499,100000
0$$HAR,15:39:15,420082846,-930858700,275961,27109698,30737,96,73878,3499,100000
0$$HAR,15:39:18,420083010,-930869845,277611,27105114,30759,94,73878,3499,100000
0$$HAR,15:39:21,420083157,-930880961,280103,27090680,30756,94,73878,3499,100000
0$$HAR,15:39:24,420083280,-930892147,281990,27091952,31044,94,73878,3499,100000
0$$HAR,15:39:27,420083430,-930903430,283174,27123938,31289,94,73878,3499,100000
0$$HAR,15:39:30,420083587,-930914781,284091,27087668,31366,94,73878,3499,100000
1$$HAR,15:39:33,420083724,-930926122,285013,27111546,31315,94,73878,3499,100000
0$$HAR,15:39:36,420083768,-930937706,287581,27126034,31259,97,73878,3499,100000
0$$HAR,15:39:39,420083947,-930948856,287171,27092482,31270,96,73878,3499,100000
0$$HAR,15:39:42,420084073,-930960173,288598,27070794,31231,95,73878,3499,100000
0$$HAR,15:39:45,420084152,-930971502,289776,27018496,31231,95,73878,3499,100000
1$$HAR,15:39:48,420084162,-930982824,290954,26984212,31180,96,73878,3499,100000
0$$HAR,15:39:51,420084132,-930994117,292107,27006416,31171,96,73878,3499,100000
0$$HAR,15:39:54,420084128,-931005424,293149,27006102,31271,95,73878,3499,100000
0$$HAR,15:39:57,420084125,-931016744,294612,26992470,31261,95,73878,3499,100000
0$$HAR,15:40:00,420084135,-931028066,295706,26997740,31235,95,73878,3499,100000
0$$HAR,15:40:03,420084138,-931039420,296392,27016974,31379,95,73878,3499,100000
0$$HAR,15:40:06,420084139,-931050789,296366,26989984,31389,95,73878,3499,100000
0$$HAR,15:40:09,420084115,-931062147,295740,26994544,31404,95,73878,3499,100000
0$$HAR,15:40:12,420084100,-931073497,294527,26997812,31296,95,73878,3499,100000
0$$HAR,15:40:15,420084122,-931084840,293546,26986334,31301,95,73878,3499,100000
0$$HAR,15:40:18,420084100,-931096184,292175,26985950,31350,95,73878,3499,100000
0$$HAR,15:40:21,420084100,-931107514,291622,27013942,31214,96,73878,3499,100000
0$$HAR,15:40:24,420084109,-931118776,291512,27017410,31089,96,73878,3499,100000
0$$HAR,15:40:27,420084113,-931130055,292333,26974412,31191,96,73878,3499,100000
0$$HAR,15:40:30,420084104,-931141336,292869,26976564,31088,95,73878,3499,100000
0$$HAR,15:40:33,420084078,-931152602,293199,27010484,31072,95,73878,3499,100000
0$$HAR,15:40:36,420084083,-931163851,293824,26996820,31039,92,73878,3499,100000
0$$HAR,15:40:39,420084062,-931175140,294533,26960150,31197,92,73878,3499,100000
0$$HAR,15:40:42,420083951,-931186457,294880,26870334,31273,92,73878,3499,100000
1$$HAR,15:40:45,420083702,-931197817,294566,26789516,31396,93,73878,3499,100000
0$$HAR,15:40:48,420083378,-931209184,293816,26778334,31300,93,73878,3499,100000
0$$HAR,15:40:51,420083082,-931220522,293449,26780962,31316,93,73878,3499,100000
0$$HAR,15:40:54,420082734,-931231859,292985,26772296,31306,93,73878,3499,100000
0$$HAR,15:40:57,420082395,-931243185,292332,26764530,31302,93,73878,3499,100000
0$$HAR,15:41:00,420082089,-931254500,291990,26817670,31261,93,73878,3499,100000
0$$HAR,15:41:03,420081789,-931265797,292111,26792548,31146,93,73878,3499,100000
0$$HAR,15:41:06,420081455,-931277090,292196,26756036,31323,93,73878,3499,100000
0$$HAR,15:41:09,420081131,-931288395,291845,26786604,31203,93,73878,3499,100000
0$$HAR,15:41:12,420080847,-931299705,291475,26779050,31198,93,73878,3499,100000
0$$HAR,15:41:15,420080504,-931311020,291445,26764272,31270,93,73878,3499,100000
0$$HAR,15:41:18,420080162,-931322317,292005,26793296,31229,93,73878,3499,100000
0$$HAR,15:41:21,420079855,-931333605,292907,26777140,31123,93,73878,3499,100000
0$$HAR,15:41:24,420079511,-931344860,294760,26785178,31122,93,73878,3499,100000
0$$HAR,15:41:27,420079204,-931356117,296746,26814956,31060,93,73878,3499,100000
0$$HAR,15:41:30,420078981,-931367409,297621,26916754,31367,93,73878,3499,100000
0$$HAR,15:41:33,420078915,-931378762,297741,26980078,31433,93,73878,3499,100000
0$$HAR,15:41:36,420078893,-931390123,297287,27002650,31373,93,73878,3499,100000
0$$HAR,15:41:39,420078884,-931401474,296119,26976190,31354,93,73878,3499,100000
1$$HAR,15:41:42,420078854,-931412798,295072,26980374,31253,93,73878,3499,100000
0$$HAR,15:41:45,420078824,-931424085,294909,26980228,31108,93,73878,3499,100000
0$$HAR,15:41:48,420078800,-931435329,294942,26980848,31000,93,73878,3499,100000
0$$HAR,15:41:51,420078793,-931446573,294968,26985720,31040,93,73878,3499,100000
0$$HAR,15:41:54,420078775,-931457814,295318,26985816,31152,93,73878,3499,100000
1$$HAR,15:41:57,420078745,-931469091,295635,26996670,31221,93,73878,3499,100000
0$$HAR,15:42:00,420078740,-931480377,296213,26999758,31170,93,73878,3499,100000
0$$HAR,15:42:03,420078701,-931491676,296926,26963902,31225,93,73878,3499,100000
0$$HAR,15:42:06,420078685,-931502996,297190,27017772,31349,93,73878,3499,100000
0$$HAR,15:42:09,420078737,-931514326,296904,27034698,31302,93,73878,3499,100000
0$$HAR,15:42:12,420078793,-931525663,296521,27041750,31365,93,73878,3499,100000
1$$HAR,15:42:15,420078881,-931537026,295787,27055002,31429,93,73878,3499,100000
0$$HAR,15:42:18,420079030,-931548395,294349,27209794,31507,103,73878,3499,100000
0$$HAR,15:42:21,420079109,-931559752,292995,27019994,31359,98,73878,3499,100000
0$$HAR,15:42:24,420079156,-931571013,292054,27060344,31270,98,73878,3499,100000
0$$HAR,15:42:27,420079191,-931582329,290091,26994410,31229,98,73878,3499,100000
0$$HAR,15:42:30,420079139,-931593647,287736,26920414,31294,97,73878,3499,100000
0$$HAR,15:42:33,420078952,-931604965,286078,26834046,31279,98,73878,3499,100000
0$$HAR,15:42:36,420078651,-931616256,285500,26788578,31137,97,73878,3499,100000
0$$HAR,15:42:39,420078352,-931627523,285343,26807706,31091,96,73878,3499,100000
0$$HAR,15:42:42,420078010,-931638853,286398,26769796,31071,96,73878,3499,100000
0$$HAR,15:42:45,420077708,-931650121,286498,26786380,31057,96,73878,3499,100000
0$$HAR,15:42:48,420077392,-931661214,287262,26787396,29953,96,73878,3499,100000
0$$HAR,15:42:48,420077392,-931661214,287262,26787396,29953,96,73878,3499,100000
0$$HAR,15:42:54,420076478,-931683000,290833,26749174,30787,96,73878,3499,100000
0$$HAR,15:42:57,420076184,-931694404,292916,26825926,32322,96,73878,3499,100000
0$$HAR,15:43:00,420075834,-931706129,294599,26751034,32198,96,73878,3499,100000
0$$HAR,15:43:03,420075484,-931717758,295753,26788122,32290,96,73878,3499,100000
0$$HAR,15:43:06,420075194,-931729537,297103,26807104,32519,96,73878,3499,100000
0$$HAR,15:43:09,420074963,-931741211,298278,26922024,31930,96,73878,3499,100000
0$$HAR,15:43:12,420074964,-931752745,299030,27032034,31998,96,73878,3499,100000
0$$HAR,15:43:15,420075045,-931764348,299031,27075228,31943,96,73878,3499,100000
0$$HAR,15:43:18,420075173,-931775895,298785,27079924,31841,96,73878,3499,100000
1$$HAR,15:43:21,420075273,-931787446,297772,27062240,31679,96,73878,3499,100000
0$$HAR,15:43:24,420075375,-931798794,296260,27094404,30943,96,73878,3499,100000
0$$HAR,15:43:27,420075508,-931809969,294691,27061906,30770,96,73878,3499,100000
0$$HAR,15:43:30,420075605,-931821099,293427,27079612,30645,96,73878,3499,100000
0$$HAR,15:43:33,420075718,-931832094,293111,27075220,30288,96,73878,3499,100000
0$$HAR,15:43:36,420075809,-931842968,293026,27059896,29662,100,73878,3499,100000
0$$HAR,15:43:39,420075911,-931853774,292667,27077110,30132,100,73878,3499,100000
0$$HAR,15:43:42,420076033,-931864780,292611,27090800,30645,100,73878,3499,100000
0$$HAR,15:43:45,420076254,-931875721,292413,27251770,30053,100,73878,3499,100000
0$$HAR,15:43:48,420076546,-931886645,292162,27080168,30560,95,73878,3499,100000
0$$HAR,15:43:51,420076646,-931897789,292728,27073980,30823,95,73878,3499,100000
0$$HAR,15:43:54,420076741,-931908904,293808,27078192,30519,95,73878,3499,100000
0$$HAR,15:43:57,420076861,-931919997,294445,27073890,30784,95,73878,3499,100000
0$$HAR,15:44:00,420076957,-931931029,295209,27052224,30275,95,73878,3499,100000
0$$HAR,15:44:03,420077053,-931941908,296103,27064240,29849,95,73878,3499,100000
0$$HAR,15:44:06,420077161,-931952708,296990,27083570,29915,95,73878,3499,100000
0$$HAR,15:44:09,420077274,-931963512,298022,27054704,29936,95,73878,3499,100000
0$$HAR,15:44:12,420077497,-931974329,299379,27350222,29283,122,73878,3499,100000
0$$HAR,15:44:15,420077607,-931985041,301112,27058426,29656,96,73878,3499,100000
0$$HAR,15:44:18,420077625,-931995742,303405,27050700,29651,95,73878,3499,100000
0$$HAR,15:44:21,420077678,-932006474,305655,27037080,29657,95,73878,3499,100000
0$$HAR,15:44:24,420077760,-932017239,308119,27093068,29932,100,73878,3499,100000
0$$HAR,15:44:27,420077873,-932028134,309101,27055254,30363,96,73878,3499,100000
0$$HAR,15:44:30,420077949,-932039252,309809,27062220,30893,96,73878,3499,100000
0$$HAR,15:44:33,420078070,-932050427,309274,27086506,30932,96,73878,3499,100000
0$$HAR,15:44:36,420078177,-932061754,307777,27062462,31348,96,73878,3499,100000
0$$HAR,15:44:39,420078275,-932073092,306115,27080012,31347,96,73878,3499,100000
0$$HAR,15:44:42,420078376,-932084567,305334,27080406,31921,96,73878,3499,100000
0$$HAR,15:44:45,420078468,-932096243,305831,27073066,32471,96,73878,3499,100000
0$$HAR,15:44:48,420078577,-932108110,306119,27056282,33056,97,73878,3499,100000
0$$HAR,15:44:51,420078678,-932119998,306199,27073942,32361,97,73878,3499,100000
0$$HAR,15:44:54,420078779,-932131653,306552,27070524,32043,97,73878,3499,100000
0$$HAR,15:44:57,420078888,-932143304,306313,27078764,32324,97,73878,3499,100000
0$$HAR,15:45:00,420079023,-932154947,305215,27098376,31993,97,73878,3499,100000
0$$HAR,15:45:03,420079214,-932166638,303647,27163050,32543,97,73878,3499,100000
0$$HAR,15:45:06,420079441,-932178347,300994,27154108,32289,97,73878,3499,100000
0$$HAR,15:45:09,420079659,-932189994,298108,27154116,32302,97,73878,3499,100000
0$$HAR,15:45:12,420079883,-932201850,297236,27151830,32998,97,73878,3499,100000
0$$HAR,15:45:15,420080108,-932213977,296318,27149084,33858,97,73878,3499,100000
0$$HAR,15:45:18,420080357,-932226344,295707,27149626,34317,97,73878,3499,100000
0$$HAR,15:45:21,420080589,-932238748,295745,27145464,33899,97,73878,3499,100000
0$$HAR,15:45:24,420080826,-932251040,296338,27136990,34042,97,73878,3499,100000
0$$HAR,15:45:27,420080923,-932263406,296878,26995998,34282,97,73878,3499,100000
0$$HAR,15:45:30,420080854,-932275836,297474,26920234,34501,97,73878,3499,100000
0$$HAR,15:45:33,420080650,-932288279,298663,26851644,33613,97,73878,3499,100000
0$$HAR,15:45:36,420080432,-932300298,300623,26866192,33007,97,73878,3499,100000
0$$HAR,15:45:39,420080232,-932312200,302008,26876642,32649,97,73878,3499,100000
0$$HAR,15:45:42,420080010,-932324008,302778,26852080,32807,97,73878,3499,100000
0$$HAR,15:45:45,420079778,-932335907,302852,26874278,32962,97,73878,3499,100000
0$$HAR,15:45:48,420079581,-932347892,302195,26865430,33044,97,73878,3499,100000
0$$HAR,15:45:51,420079364,-932359871,300826,26869364,33241,97,73878,3499,100000
0$$HAR,15:45:54,420079155,-932371906,298909,26877204,33166,97,73878,3499,100000
0$$HAR,15:45:57,420078949,-932383945,297463,26874882,33155,97,73878,3499,100000
0$$HAR,15:46:00,420078758,-932395890,297037,26881996,32962,97,73878,3499,100000
0$$HAR,15:46:03,420078560,-932407842,296681,26873672,33083,100,73878,3499,100000
0$$HAR,15:46:06,420078461,-932419881,296108,26988122,33416,97,73878,3499,100000
0$$HAR,15:46:09,420078493,-932431900,295352,27027048,32972,97,73878,3499,100000
0$$HAR,15:46:12,420078567,-932443825,295402,27011432,32986,97,73878,3499,100000
0$$HAR,15:46:15,420078583,-932455832,296431,27009276,33284,97,73878,3499,100000
0$$HAR,15:46:18,420078586,-932467837,297310,26990848,32828,97,73878,3499,100000
0$$HAR,15:46:21,420078617,-932479659,297814,27038836,32568,97,73878,3499,100000
0$$HAR,15:46:24,420078676,-932491501,298655,27045460,32926,97,73878,3499,100000
0$$HAR,15:46:27,420078713,-932503395,299511,26999866,32687,97,73878,3499,100000
0$$HAR,15:46:30,420078695,-932515077,300587,26993116,32118,97,73878,3499,100000
0$$HAR,15:46:33,420078721,-932526746,300956,27010172,32334,97,73878,3499,100000
0$$HAR,15:46:36,420078762,-932538538,300886,27020608,32820,97,73878,3499,100000
0$$HAR,15:46:39,420078792,-932550464,300064,27008994,33016,97,73878,3499,100000
0$$HAR,15:46:42,420078821,-932562379,299301,27001716,32953,97,73878,3499,100000
0$$HAR,15:46:45,420078862,-932574368,298187,27030480,33125,97,73878,3499,100000
0$$HAR,15:46:48,420078908,-932586402,297626,27024720,33104,97,73878,3499,100000
0$$HAR,15:46:51,420078956,-932598385,297173,27010024,32892,97,73878,3499,100000
0$$HAR,15:46:54,420078987,-932610305,297051,27022180,32898,97,73878,3499,100000
0$$HAR,15:46:57,420079011,-932622231,297399,27026830,32897,97,73878,3499,100000
0$$HAR,15:47:00,420079038,-932634177,297377,27024816,33081,97,73878,3499,100000
0$$HAR,15:47:03,420079071,-932646218,297679,27023152,33448,97,73878,3499,100000
0$$HAR,15:47:06,420079099,-932658353,298275,26991928,33343,97,73878,3499,100000
0$$HAR,15:47:09,420079113,-932670428,298889,27016380,33447,97,73878,3499,100000
0$$HAR,15:47:12,420079134,-932682567,299085,27018034,33314,97,73878,3499,100000
0$$HAR,15:47:15,420079140,-932694527,298905,27020612,32881,97,73878,3499,100000
0$$HAR,15:47:18,420079086,-932706271,299245,27006464,32239,102,73878,3499,100000
0$$HAR,15:47:21,420079112,-932717992,298254,27008730,32895,93,73878,3499,100000
0$$HAR,15:47:24,420079107,-932730089,296972,27000834,33412,93,73878,3499,100000
1$$HAR,15:47:27,420079126,-932742114,295863,26993138,32872,93,73878,3499,100000
0$$HAR,15:47:30,420079140,-932753854,294703,27034644,32116,93,73878,3499,100000
0$$HAR,15:47:33,420079184,-932765572,292991,27008866,32611,93,73878,3499,100000
0$$HAR,15:47:36,420079212,-932777483,291399,27024764,33123,93,73878,3499,100000
0$$HAR,15:47:39,420079239,-932789569,290689,27020068,33581,93,73878,3499,100000
0$$HAR,15:47:42,420079255,-932801809,291775,27024266,33995,93,73878,3499,100000
0$$HAR,15:47:45,420079281,-932814187,293069,26996544,34387,93,73878,3499,100000
0$$HAR,15:47:48,420079263,-932826707,293378,26999284,34813,93,73878,3499,100000
0$$HAR,15:47:51,420079199,-932839360,293281,26941054,34799,93,73878,3499,100000
0$$HAR,15:47:54,420079067,-932851877,293188,26903348,34286,93,73878,3499,100000
0$$HAR,15:47:57,420078929,-932864085,292807,26920828,33261,93,73878,3499,100000
0$$HAR,15:48:00,420078807,-932876055,292295,26926486,32903,93,73878,3499,100000
0$$HAR,15:48:03,420078693,-932887837,291742,26942124,31932,93,73878,3499,100000
0$$HAR,15:48:06,420078593,-932899311,290943,26922052,31590,93,73878,3499,100000
0$$HAR,15:48:09,420078501,-932910684,289818,26963734,31428,93,73878,3499,100000
0$$HAR,15:48:12,420078439,-932922138,288318,26943786,31425,93,73878,3499,100000
0$$HAR,15:48:15,420078382,-932933490,287405,26976076,31472,93,73878,3499,100000
0$$HAR,15:48:18,420078335,-932944929,286512,26966376,31548,93,73878,3499,100000
0$$HAR,15:48:21,420078284,-932956333,287015,26938666,31484,93,73878,3499,100000
0$$HAR,15:48:24,420078201,-932967748,287462,26935198,31743,93,73878,3499,100000
0$$HAR,15:48:27,420078132,-932979290,288185,26953654,32100,93,73878,3499,100000
0$$HAR,15:48:30,420078074,-932991013,288569,26955442,32515,93,73878,3499,100000
0$$HAR,15:48:33,420078004,-933002653,289116,26978950,31572,93,73878,3499,100000
0$$HAR,15:48:36,420077961,-933014067,289231,26973174,31704,93,73878,3499,100000
0$$HAR,15:48:39,420077890,-933025517,288771,26962268,31727,93,73878,3499,100000
0$$HAR,15:48:42,420077838,-933037181,288133,26967324,32705,93,73878,3499,100000
0$$HAR,15:48:45,420077774,-933049070,286588,26933364,32778,93,73878,3499,100000
0$$HAR,15:48:48,420077670,-933060820,285237,26963928,32234,93,73878,3499,100000
0$$HAR,15:48:51,420077655,-933072486,283648,26993080,31940,93,73878,3499,100000
0$$HAR,15:48:54,420077673,-933083966,281868,27081768,31745,93,73878,3499,100000
0$$HAR,15:48:57,420077904,-933095565,280641,27140388,32323,93,73878,3499,100000
0$$HAR,15:49:00,420078389,-933107389,280324,27399712,32685,107,73878,3499,100000
0$$HAR,15:49:03,420078983,-933119330,284644,27471512,33208,99,73878,3499,100000
0$$HAR,15:49:06,420079742,-933131367,286150,27476622,33693,99,73878,3499,100000
0$$HAR,15:49:09,420080511,-933143532,287047,27480270,33781,99,73878,3499,100000
0$$HAR,15:49:12,420081242,-933155405,288461,27483766,32224,97,73878,3499,100000
0$$HAR,15:49:15,420081941,-933166778,288788,27475020,30972,97,73878,3499,100000
0$$HAR,15:49:18,420082590,-933177837,288515,27427354,30333,97,73878,3499,100000
0$$HAR,15:49:21,420083122,-933188585,287863,27299464,29264,95,73878,3499,100000
0$$HAR,15:49:24,420083407,-933199226,287471,27135626,29777,93,73878,3499,100000
0$$HAR,15:49:27,420083534,-933210131,286689,27027854,30345,93,73878,3499,100000
0$$HAR,15:49:30,420083554,-933221275,285927,27007554,31312,93,73878,3499,100000
0$$HAR,15:49:33,420083583,-933232755,285322,27025792,32141,93,73878,3499,100000
0$$HAR,15:49:36,420083642,-933244330,284882,27030602,31870,93,73878,3499,100000
0$$HAR,15:49:39,420083683,-933256002,284936,27023830,32533,93,73878,3499,100000
0$$HAR,15:49:42,420083748,-933267896,285179,27054688,33220,93,73878,3499,100000
0$$HAR,15:49:45,420083807,-933280021,285398,27004036,33777,93,73878,3499,100000
0$$HAR,15:49:48,420083843,-933292181,285491,27034134,33385,93,73878,3499,100000
0$$HAR,15:49:51,420083887,-933304286,285493,27026368,33567,93,73878,3499,100000
0$$HAR,15:49:54,420083924,-933316451,285216,27035186,33480,93,73878,3499,100000
0$$HAR,15:49:57,420083958,-933328493,285054,27043106,33007,93,73878,3499,100000
0$$HAR,15:50:00,420083989,-933340419,284457,27014734,32900,93,73878,3499,100000
0$$HAR,15:50:03,420084034,-933352348,284117,27015410,33033,94,73878,3499,100000
0$$HAR,15:50:06,420084080,-933364344,283340,27024324,33162,94,73878,3499,100000
0$$HAR,15:50:09,420084118,-933376247,283100,27031696,32815,94,73878,3499,100000
0$$HAR,15:50:12,420084176,-933388020,282779,27043736,32347,94,73878,3499,100000
0$$HAR,15:50:15,420084212,-933399731,282615,27014450,32433,94,73878,3499,100000
0$$HAR,15:50:18,420084245,-933411350,282224,27038124,31851,94,73878,3499,100000
0$$HAR,15:50:21,420084295,-933422853,282072,27031446,31409,94,73878,3499,100000
0$$HAR,15:50:24,420084330,-933434095,281388,27032808,31002,94,73878,3499,100000
0$$HAR,15:50:27,420084362,-933445483,280169,27003104,31839,94,73878,3499,100000
0$$HAR,15:50:30,420084398,-933456899,277718,27031034,31279,95,73878,3499,100000
0$$HAR,15:50:33,420084455,-933468132,274877,27026392,30813,95,73878,3499,100000
0$$HAR,15:50:36,420084493,-933479209,272334,27003588,30618,95,73878,3499,100000
0$$HAR,15:50:39,420084551,-933490441,270231,27031958,31452,93,73878,3499,100000
0$$HAR,15:50:42,420084591,-933501989,269586,27031480,32213,93,73878,3499,100000
0$$HAR,15:50:45,420084644,-933513722,270415,27018800,32533,93,73878,3499,100000
0$$HAR,15:50:48,420084606,-933525515,272783,26912918,32584,93,73878,3499,100000
0$$HAR,15:50:51,420084424,-933537335,274485,26847354,32766,93,73878,3499,100000
0$$HAR,15:50:54,420084121,-933549225,275965,26754424,32763,93,73878,3499,100000
0$$HAR,15:50:57,420083748,-933560999,276320,26745250,32493,93,73878,3499,100000
1$$HAR,15:51:00,420083382,-933572755,276307,26748740,32641,93,73878,3499,100000
0$$HAR,15:51:03,420082998,-933584437,276239,26738024,32181,96,73878,3499,100000
0$$HAR,15:51:06,420082624,-933596140,276283,26719810,32402,96,73878,3499,100000
0$$HAR,15:51:09,420082201,-933607829,276011,26738442,32304,96,73878,3499,100000
0$$HAR,15:51:12,420081817,-933619529,276013,26712842,32461,96,73878,3499,100000
0$$HAR,15:51:15,420081427,-933631360,276689,26757962,32851,96,73878,3499,100000
0$$HAR,15:51:18,420081060,-933643222,277175,26740660,32838,97,73878,3499,100000
0$$HAR,15:51:21,420080658,-933655105,277652,26733808,32971,97,73878,3499,100000
0$$HAR,15:51:24,420080252,-933667018,278130,26729736,32920,97,73878,3499,100000
0$$HAR,15:51:27,420079790,-933678949,278549,26582574,33142,115,73878,3499,100000
0$$HAR,15:51:30,420079422,-933690900,277959,26749732,32667,107,73878,3499,100000
0$$HAR,15:51:33,420079039,-933702553,276492,26758378,31623,97,73878,3499,100000
0$$HAR,15:51:36,420078678,-933714010,275316,26727880,31777,96,73878,3499,100000
0$$HAR,15:51:39,420078285,-933725587,272872,26712260,32283,96,73878,3499,100000
0$$HAR,15:51:42,420077894,-933737342,270041,26763802,32706,96,73878,3499,100000
0$$HAR,15:51:45,420077516,-933749175,267930,26710570,32386,96,73878,3499,100000
0$$HAR,15:51:48,420077103,-933760976,267011,26745992,32947,99,73878,3499,100000
0$$HAR,15:51:51,420076720,-933773017,267168,26830428,33538,96,73878,3499,100000
0$$HAR,15:51:54,420076573,-933785254,268520,27027616,33878,96,73878,3499,100000
0$$HAR,15:51:57,420076719,-933797629,268118,27164580,34375,98,73878,3499,100000
0$$HAR,15:52:00,420076991,-933810122,266934,27142642,34289,102,73878,3499,100000
0$$HAR,15:52:03,420077206,-933822395,266623,27139704,33609,102,73878,3499,100000
0$$HAR,15:52:06,420077412,-933834409,266558,27147644,32949,102,73878,3499,100000
0$$HAR,15:52:09,420077653,-933846441,266125,27154090,33418,102,73878,3499,100000
0$$HAR,15:52:12,420077869,-933858584,267166,27143248,33623,102,73878,3499,100000
0$$HAR,15:52:15,420078108,-933870779,267998,27142098,33817,102,73878,3499,100000
0$$HAR,15:52:18,420078329,-933883079,269114,27149046,34185,102,73878,3499,100000
0$$HAR,15:52:21,420078566,-933895456,270979,27146590,34143,99,73878,3499,100000
0$$HAR,15:52:24,420078809,-933907554,272425,27157896,32682,99,73878,3499,100000
0$$HAR,15:52:27,420079030,-933919404,272831,27129938,32871,102,73878,3499,100000
0$$HAR,15:52:30,420079164,-933931321,273257,27063802,32675,102,73878,3499,100000
0$$HAR,15:52:33,420079250,-933942998,272373,27051522,31869,102,73878,3499,100000
0$$HAR,15:52:36,420079274,-933954471,271566,27009098,31677,102,73878,3499,100000
0$$HAR,15:52:39,420079275,-933966021,271165,27019166,32227,102,73878,3499,100000
0$$HAR,15:52:42,420079302,-933977812,271806,27040006,32838,102,73878,3499,100000
0$$HAR,15:52:45,420079324,-933989766,273397,27030638,33223,102,73878,3499,100000
0$$HAR,15:52:48,420079364,-934001900,274739,27040208,33741,102,73878,3499,100000
0$$HAR,15:52:51,420079392,-934014181,276259,27014190,33883,102,73878,3499,100000
0$$HAR,15:52:54,420079389,-934026453,277612,27017754,33894,102,73878,3499,100000
0$$HAR,15:52:57,420079441,-934038629,278049,27039028,33059,102,73878,3499,100000
0$$HAR,15:53:00,420079490,-934050403,277650,27033900,31865,102,73878,3499,100000
0$$HAR,15:53:03,420079542,-934061759,277161,27043822,31335,102,73878,3499,100000
0$$HAR,15:53:06,420079579,-934073245,276314,27036660,32139,102,73878,3499,100000
0$$HAR,15:53:09,420079629,-934084978,275454,27029510,32660,102,73878,3499,100000
0$$HAR,15:53:12,420079695,-934096922,275309,27041110,33289,102,73878,3499,100000
0$$HAR,15:53:15,420079752,-934109035,275482,27020590,33608,102,73878,3499,100000
0$$HAR,15:53:18,420079786,-934121258,275806,27018168,33729,102,73878,3499,100000
0$$HAR,15:53:21,420079840,-934133402,276265,27064876,33587,102,73878,3499,100000
0$$HAR,15:53:24,420079947,-934145521,276602,27055762,33422,102,73878,3499,100000
0$$HAR,15:53:27,420080013,-934157555,277008,27025852,32844,102,73878,3499,100000
0$$HAR,15:53:30,420080052,-934169374,276875,27018836,32627,102,73878,3499,100000
0$$HAR,15:53:33,420080105,-934181294,276526,27050426,33155,102,73878,3499,100000
0$$HAR,15:53:36,420080210,-934193338,276702,27096088,33328,102,73878,3499,100000
0$$HAR,15:53:39,420080372,-934205338,275872,27101948,33184,102,73878,3499,100000
0$$HAR,15:53:42,420080539,-934217319,275894,27137852,32661,102,73878,3499,100000
0$$HAR,15:53:45,420080801,-934228984,275510,27163070,31988,102,73878,3499,100000
0$$HAR,15:53:48,420081017,-934240584,275091,27147746,32213,102,73878,3499,100000
0$$HAR,15:53:51,420081260,-934252302,274924,27170406,32481,102,73878,3499,100000
0$$HAR,15:53:54,420081504,-934264066,274958,27144434,32543,103,73878,3499,100000
0$$HAR,15:53:57,420081783,-934275865,274494,27111092,32080,117,73878,3499,100000
0$$HAR,15:54:00,420081882,-934287595,275568,27120130,32347,110,73878,3499,100000
0$$HAR,15:54:03,420082046,-934299276,276201,27156990,32342,105,73878,3499,100000
0$$HAR,15:54:06,420082263,-934311022,276770,27109180,32310,104,73878,3499,100000
1$$HAR,15:54:09,420082251,-934322777,277005,26881698,32434,104,73878,3499,100000
0$$HAR,15:54:12,420081787,-934334549,277843,26518824,32432,104,73878,3499,100000
0$$HAR,15:54:15,420080862,-934346226,278724,26224904,32564,104,73878,3499,100000
0$$HAR,15:54:18,420079488,-934357992,278576,25896402,32727,105,73878,3499,100000
0$$HAR,15:54:21,420077600,-934369539,278471,25593318,32700,105,73878,3499,100000
0$$HAR,15:54:24,420075266,-934380946,277402,25296480,32797,105,73878,3499,100000
0$$HAR,15:54:27,420072511,-934392212,276102,25080946,32744,107,73878,3499,100000
0$$HAR,15:54:30,420069859,-934403414,274278,25149694,32712,104,73878,3499,100000
0$$HAR,15:54:33,420067092,-934414503,273250,25150486,31886,113,73878,3499,100000
0$$HAR,15:54:36,420064412,-934425224,271891,25134246,30759,113,73878,3499,100000
0$$HAR,15:54:39,420061788,-934435514,271001,25102066,29629,113,73878,3499,100000
0$$HAR,15:54:42,420059350,-934445354,270153,25160892,28578,113,73878,3499,100000
0$$HAR,15:54:45,420057285,-934455259,269559,25659576,27911,113,73878,3499,100000
0$$HAR,15:54:48,420055856,-934465253,268423,26133526,28188,113,73878,3499,100000
0$$HAR,15:54:51,420055049,-934475360,267563,26602634,28299,105,73878,3499,100000
0$$HAR,15:54:54,420054876,-934485567,265778,27171574,28237,105,73878,3499,100000
0$$HAR,15:54:57,420055264,-934495800,263836,27413194,28202,113,73878,3499,100000
0$$HAR,15:55:00,420055903,-934506002,262315,27528578,28113,113,73878,3499,100000
0$$HAR,15:55:03,420056597,-934516123,261323,27501472,27793,114,73878,3499,100000
0$$HAR,15:55:06,420057168,-934526145,262135,27493108,27641,105,73878,3499,100000
0$$HAR,15:55:09,420057827,-934536149,262872,27528912,27801,104,73878,3499,100000
0$$HAR,15:55:12,420058481,-934546208,263890,27475998,27910,104,73878,3499,100000
0$$HAR,15:55:15,420059077,-934556286,264968,27494772,27910,104,73878,3499,100000
0$$HAR,15:55:18,420059752,-934566375,265750,27520794,28073,105,73878,3499,100000
0$$HAR,15:55:21,420060376,-934576502,266742,27471248,28071,105,73878,3499,100000
0$$HAR,15:55:24,420061005,-934586623,267855,27487662,27892,105,73878,3499,100000
0$$HAR,15:55:27,420061654,-934596723,268938,27516830,28145,105,73878,3499,100000
0$$HAR,15:55:30,420062348,-934606961,269605,27490900,28533,104,73878,3499,100000
0$$HAR,15:55:33,420062997,-934617273,271169,27500836,28642,105,73878,3499,100000
0$$HAR,15:55:36,420063649,-934627576,273187,27487756,28662,104,73878,3499,100000
0$$HAR,15:55:39,420064306,-934637904,275930,27506964,28686,104,73878,3499,100000
0$$HAR,15:55:42,420064949,-934648265,278844,27454688,28776,104,73878,3499,100000
0$$HAR,15:55:45,420065610,-934658681,280663,27524916,29156,105,73878,3499,100000
0$$HAR,15:55:48,420066350,-934669220,280495,27525428,29205,105,73878,3499,100000
0$$HAR,15:55:51,420067079,-934679774,278548,27585832,29318,105,73878,3499,100000
0$$HAR,15:55:54,420068163,-934690284,276230,27991790,29369,104,73878,3499,100000
0$$HAR,15:55:57,420069635,-934700658,274730,28194054,29023,104,73878,3499,100000
0$$HAR,15:56:00,420071446,-934710804,274541,28510914,28852,104,73878,3499,100000
0$$HAR,15:56:03,420073601,-934720776,275738,28715750,28717,104,73878,3499,100000
0$$HAR,15:56:06,420075872,-934730741,276667,28706536,29120,104,73878,3499,100000
0$$HAR,15:56:09,420078204,-934741045,276853,28731342,30493,104,73878,3499,100000
0$$HAR,15:56:12,420080603,-934751749,277044,28685708,31143,104,73878,3499,100000
0$$HAR,15:56:15,420082880,-934762665,276759,28394522,31305,104,73878,3499,100000
0$$HAR,15:56:18,420084701,-934773745,276157,28085730,31300,104,73878,3499,100000
0$$HAR,15:56:21,420086141,-934784943,275914,27830582,31316,104,73878,3499,100000
0$$HAR,15:56:24,420087111,-934796188,275188,27498598,31308,104,73878,3499,100000
0$$HAR,15:56:27,420087622,-934807563,274733,27203138,31210,128,73878,3499,100000
0$$HAR,15:56:30,420087764,-934818813,273744,27039854,31234,110,73878,3499,100000
0$$HAR,15:56:33,420087826,-934830093,272223,27012592,31267,106,73878,3499,100000
0$$HAR,15:56:36,420087907,-934841394,271414,27067172,31261,106,73878,3499,100000
0$$HAR,15:56:39,420088001,-934852698,271507,27050596,31269,106,73878,3499,100000
0$$HAR,15:56:42,420088040,-934864026,271400,27012648,31293,106,73878,3499,100000
0$$HAR,15:56:45,420088068,-934875340,271428,27029876,31230,106,73878,3499,100000
0$$HAR,15:56:48,420088140,-934886649,271137,27072088,31358,106,73878,3499,100000
0$$HAR,15:56:51,420088222,-934897973,271057,27027036,31314,106,73878,3499,100000
0$$HAR,15:56:54,420088240,-934909300,270863,26930996,31280,106,73878,3499,100000
0$$HAR,15:56:57,420088069,-934920674,270063,26979728,31376,106,73878,3499,100000
0$$HAR,15:57:00,420088104,-934932041,269076,27017082,31271,106,73878,3499,100000
0$$HAR,15:57:03,420088149,-934943396,268091,27037656,31353,106,73878,3499,100000
0$$HAR,15:57:06,420088230,-934954729,267122,27043602,31323,106,73878,3499,100000
0$$HAR,15:57:09,420088303,-934966049,266242,27049948,31291,106,73878,3499,100000
0$$HAR,15:57:12,420088383,-934977391,265294,27037954,31325,106,73878,3499,100000
0$$HAR,15:57:15,420088460,-934988749,264211,27063592,31374,106,73878,3499,100000
0$$HAR,15:57:18,420088588,-935000084,263583,27046014,31242,106,73878,3499,100000
0$$HAR,15:57:21,420088676,-935011393,262942,27025370,31188,106,73878,3499,100000
0$$HAR,15:57:24,420088746,-935022699,262826,27078484,31254,107,73878,3499,100000
0$$HAR,15:57:27,420089021,-935034010,263437,27265538,31207,106,73878,3499,100000
0$$HAR,15:57:30,420089193,-935045301,263518,27034914,31255,106,73878,3499,100000
0$$HAR,15:57:33,420089254,-935056594,263621,27060564,31263,102,73878,3499,100000
0$$HAR,15:57:36,420089322,-935067916,263668,27042922,31291,102,73878,3499,100000
0$$HAR,15:57:39,420089375,-935079246,263768,27039572,31309,102,73878,3499,100000
0$$HAR,15:57:42,420089435,-935090579,263847,27062366,31235,102,73878,3499,100000
0$$HAR,15:57:45,420089504,-935101904,264091,27038810,31258,102,73878,3499,100000
0$$HAR,15:57:48,420089549,-935113234,264158,27037476,31293,102,73878,3499,100000
0$$HAR,15:57:51,420089608,-935124558,264316,27052080,31283,102,73878,3499,100000
0$$HAR,15:57:54,420089682,-935135868,264233,27047236,31247,102,73878,3499,100000
0$$HAR,15:57:57,420089774,-935147191,264186,27067802,31229,102,73878,3499,100000
0$$HAR,15:58:00,420089838,-935158492,264576,27025540,31198,105,73878,3499,100000
0$$HAR,15:58:03,420089873,-935169805,264865,27047894,31201,102,73878,3499,100000
0$$HAR,15:58:06,420089955,-935181115,265418,27044416,31252,105,73878,3499,100000
0$$HAR,15:58:09,420090018,-935192414,266111,27042952,31221,102,73878,3499,100000
0$$HAR,15:58:12,420090074,-935203705,266686,27046842,31218,105,73878,3499,100000
0$$HAR,15:58:15,420090110,-935215011,266587,27015126,31161,105,73878,3499,100000
0$$HAR,15:58:18,420090110,-935226348,266220,27000858,31394,100,73878,3499,100000
0$$HAR,15:58:21,420090073,-935237710,266158,26982258,31245,104,73878,3499,100000
0$$HAR,15:58:24,420090058,-935249054,265870,26983252,31345,104,73878,3499,100000
0$$HAR,15:58:27,420090043,-935260412,265667,26989410,31323,104,73878,3499,100000
0$$HAR,15:58:30,420090000,-935271764,265464,26975732,31258,104,73878,3499,100000
0$$HAR,15:58:33,420089979,-935283104,265097,26988156,31251,100,73878,3499,100000
0$$HAR,15:58:36,420089966,-935294444,264746,26973906,31351,100,73878,3499,100000
0$$HAR,15:58:39,420089959,-935305785,265145,26984690,31240,100,73878,3499,100000
0$$HAR,15:58:42,420089929,-935317110,264951,26962276,31311,100,73878,3499,100000
0$$HAR,15:58:45,420089902,-935328445,264863,26989338,31277,100,73878,3499,100000
0$$HAR,15:58:48,420089892,-935339772,264662,26991416,31259,100,73878,3499,100000
0$$HAR,15:58:51,420089871,-935351112,264480,26973672,31359,100,73878,3499,100000
0$$HAR,15:58:54,420089854,-935362471,263942,27046350,31583,107,73878,3499,100000
0$$HAR,15:58:57,420089796,-935373827,263939,26958746,31282,111,73878,3499,100000
0$$HAR,15:59:00,420089743,-935385185,263758,26967060,31329,110,73878,3499,100000
0$$HAR,15:59:03,420089739,-935396491,263543,27126462,30734,104,73878,3499,100000
0$$HAR,15:59:06,420089726,-935407790,263121,26990162,31247,104,73878,3499,100000
0$$HAR,15:59:09,420089716,-935419100,263502,26977046,31208,104,73878,3499,100000
0$$HAR,15:59:12,420089666,-935430413,263750,26975138,31187,104,73878,3499,100000
0$$HAR,15:59:15,420089624,-935441725,264064,26977622,31218,100,73878,3499,100000
0$$HAR,15:59:18,420089613,-935453060,264176,26969814,31298,100,73878,3499,100000
0$$HAR,15:59:21,420089586,-935464388,264307,26971810,31266,100,73878,3499,100000
0$$HAR,15:59:24,420089576,-935475720,264548,27001148,31286,100,73878,3499,100000
0$$HAR,15:59:27,420089581,-935487034,264516,26985906,31283,100,73878,3499,100000
0$$HAR,15:59:30,420089564,-935498399,263807,26999054,31420,100,73878,3499,100000
0$$HAR,15:59:33,420089563,-935509775,262872,26990122,31350,104,73878,3499,100000
0$$HAR,15:59:36,420089531,-935521118,261924,26980588,31328,104,73878,3499,100000
0$$HAR,15:59:39,420089508,-935532460,261148,26953352,31257,104,73878,3499,100000
0$$HAR,15:59:42,420089259,-935543829,259735,26741268,31241,101,73878,3499,100000
0$$HAR,15:59:45,420088776,-935555146,259086,26603694,31236,101,73878,3499,100000
0$$HAR,15:59:48,420088154,-935566403,258762,26517556,31184,100,73878,3499,100000
0$$HAR,15:59:51,420087397,-935577625,258817,26421100,31128,100,73878,3499,100000
0$$HAR,15:59:54,420086637,-935588834,258816,26460442,31138,100,73878,3499,100000
0$$HAR,15:59:57,420085849,-935600048,258633,26461356,31142,100,73878,3499,100000
0$$HAR,16:00:00,420085077,-935611255,258336,26475966,31166,100,73878,3499,100000
1$$HAR,16:00:03,420084317,-935622480,258198,26465822,31229,100,73878,3499,100000
0$$HAR,16:00:06,420083536,-935633750,257099,26466428,31408,100,73878,3499,100000
0$$HAR,16:00:09,420082754,-935645062,255458,26480038,31403,100,73878,3499,100000
0$$HAR,16:00:12,420081989,-935656357,253604,26481184,31389,100,73878,3499,100000
0$$HAR,16:00:15,420081193,-935667645,251673,26452082,31377,100,73878,3499,100000
0$$HAR,16:00:18,420080399,-935678933,249526,26472884,31310,100,73878,3499,100000
0$$HAR,16:00:21,420079627,-935690215,247461,26463532,31305,100,73878,3499,100000
0$$HAR,16:00:24,420078825,-935701487,245445,26440472,31273,100,73878,3499,100000
0$$HAR,16:00:27,420078017,-935712855,242941,26565198,31344,102,73878,3499,100000
0$$HAR,16:00:30,420077285,-935724145,241427,26520158,31199,98,73878,3499,100000
0$$HAR,16:00:33,420076546,-935735296,241575,26526026,30920,98,73878,3499,100000
0$$HAR,16:00:36,420075767,-935746439,241366,26438348,30925,98,73878,3499,100000
0$$HAR,16:00:39,420074970,-935757629,241311,26454050,31026,98,73878,3499,100000
0$$HAR,16:00:42,420074173,-935768858,241071,26431412,31059,98,73878,3499,100000
0$$HAR,16:00:45,420073360,-935780082,241033,26468464,31104,98,73878,3499,100000
0$$HAR,16:00:48,420072589,-935791328,240437,26484556,31131,98,73878,3499,100000
0$$HAR,16:00:51,420071811,-935802586,239946,26464054,31191,98,73878,3499,100000
0$$HAR,16:00:54,420070995,-935813838,239886,26461374,31247,98,73878,3499,100000
0$$HAR,16:00:57,420070182,-935825090,239876,26467234,31210,98,73878,3499,100000
0$$HAR,16:01:00,420069394,-935836326,240116,26468100,31213,98,73878,3499,100000
0$$HAR,16:01:03,420068609,-935847556,239993,26457926,31149,98,73878,3499,100000
0$$HAR,16:01:06,420067826,-935858777,239968,26449176,31131,98,73878,3499,100000
0$$HAR,16:01:09,420067022,-935870041,239517,26446072,31157,98,73878,3499,100000
0$$HAR,16:01:12,420066207,-935881277,239764,26437764,31225,98,73878,3499,100000
0$$HAR,16:01:15,420065403,-935892548,239654,26458462,31345,98,73878,3499,100000
0$$HAR,16:01:18,420064623,-935903847,239528,26467720,31398,98,73878,3499,100000
0$$HAR,16:01:21,420063832,-935915126,239483,26463282,31276,98,73878,3499,100000
0$$HAR,16:01:24,420063055,-935926354,240611,26392010,31090,109,73878,3499,100000
0$$HAR,16:01:27,420062238,-935937520,242809,26437058,31086,102,73878,3499,100000
0$$HAR,16:01:30,420061422,-935948814,242782,26457490,31343,100,73878,3499,100000
0$$HAR,16:01:33,420060642,-935960129,242140,26461980,31402,100,73878,3499,100000
0$$HAR,16:01:36,420059829,-935971437,241413,26461058,31309,100,73878,3499,100000
0$$HAR,16:01:39,420059026,-935982725,240943,26471382,31268,100,73878,3499,100000
0$$HAR,16:01:42,420058219,-935993986,240854,26452878,31255,94,73878,3499,100000
0$$HAR,16:01:45,420057418,-936005256,240878,26465192,31277,93,73878,3499,100000
0$$HAR,16:01:48,420056641,-936016538,240806,26484832,31249,93,73878,3499,100000
0$$HAR,16:01:51,420055871,-936027792,240643,26453374,31264,93,73878,3499,100000
0$$HAR,16:01:54,420055058,-936039057,240624,26455942,31285,93,73878,3499,100000
0$$HAR,16:01:57,420054287,-936050310,241602,26469780,31097,93,73878,3499,100000
0$$HAR,16:02:00,420053523,-936061481,243910,26461358,30869,93,73878,3499,100000
0$$HAR,16:02:03,420052735,-936072595,246304,26447878,30875,93,73878,3499,100000
0$$HAR,16:02:06,420051975,-936083754,248115,26486570,30986,93,73878,3499,100000
0$$HAR,16:02:09,420051172,-936094987,249408,26435436,31329,93,73878,3499,100000
0$$HAR,16:02:12,420050364,-936106285,249627,26475060,31390,93,73878,3499,100000
0$$HAR,16:02:15,420049598,-936117611,248528,26488072,31424,93,73878,3499,100000
0$$HAR,16:02:18,420048823,-936128965,246955,26448612,31528,93,73878,3499,100000
0$$HAR,16:02:21,420048000,-936140304,245527,26446974,31407,93,73878,3499,100000
0$$HAR,16:02:24,420047207,-936151591,244898,26466634,31153,93,73878,3499,100000
0$$HAR,16:02:27,420046400,-936162795,244930,26424220,30986,93,73878,3499,100000
0$$HAR,16:02:30,420045587,-936173974,245259,26434496,31036,93,73878,3499,100000
0$$HAR,16:02:33,420044813,-936185174,245274,26503880,31065,93,73878,3499,100000
0$$HAR,16:02:36,420044070,-936196382,245586,26463836,31052,93,73878,3499,100000
0$$HAR,16:02:39,420043259,-936207597,246027,26427900,31224,94,73878,3499,100000
0$$HAR,16:02:42,420042470,-936218845,246458,26492050,31260,94,73878,3499,100000
0$$HAR,16:02:45,420041694,-936230119,246597,26456732,31312,94,73878,3499,100000
0$$HAR,16:02:48,420040878,-936241394,246926,26445922,31228,94,73878,3499,100000
0$$HAR,16:02:51,420040081,-936252609,249034,26463256,30946,94,73878,3499,100000
0$$HAR,16:02:54,420039291,-936263772,251629,26451670,30907,94,73878,3499,100000
0$$HAR,16:02:57,420038471,-936274930,254856,26463210,30948,97,73878,3499,100000
0$$HAR,16:03:00,420037669,-936286106,257893,26454238,31010,97,73878,3499,100000
0$$HAR,16:03:03,420036866,-936297285,260843,26480274,30741,97,73878,3499,100000
0$$HAR,16:03:06,420036103,-936308088,262485,26460844,29345,97,73878,3499,100000
0$$HAR,16:03:09,420035349,-936318508,262930,26493600,28422,96,73878,3499,100000
0$$HAR,16:03:12,420034663,-936328730,261939,26528056,28177,96,73878,3499,100000
0$$HAR,16:03:15,420034207,-936338748,261660,26807242,27155,96,73878,3499,100000
0$$HAR,16:03:18,420034007,-936348383,261434,26862780,25884,96,73878,3499,100000
0$$HAR,16:03:21,420033870,-936357478,261482,26967388,24343,96,73878,3499,100000
0$$HAR,16:03:24,420034102,-936366075,260149,27484260,23177,93,73878,3499,100000
0$$HAR,16:03:27,420034851,-936374066,258249,27972882,21106,93,73878,3499,100000
0$$HAR,16:03:30,420036087,-936381030,255578,28930922,18595,93,73878,3499,100000
0$$HAR,16:03:33,420038405,-936386627,254423,31053676,17357,93,73878,3499,100000
0$$HAR,16:03:36,420041975,-936390542,253533,32979342,16718,101,73878,3499,100000
0$$HAR,16:03:39,420046309,-936392663,253835,34880248,17373,96,73878,3499,100000
0$$HAR,16:03:42,420051199,-936393268,253045,35728044,18725,96,73878,3499,100000
0$$HAR,16:03:45,420056455,-936393533,252528,35821612,20098,93,73878,3499,100000
0$$HAR,16:03:48,420061964,-936393663,251999,35976712,20445,93,73878,3499,100000
1$$HAR,16:03:51,420067468,-936393658,250887,6891,19957,93,73878,3499,100000
0$$HAR,16:03:54,420072638,-936393760,250726,35971676,18502,99,73878,3499,100000
0$$HAR,16:03:57,420077188,-936393886,250317,36460,15087,110,73878,3499,100000
0$$HAR,16:04:00,420080722,-936393495,249914,832796,10949,104,73878,3499,100000
0$$HAR,16:04:03,420082847,-936393002,250970,925969,4834,99,73878,3499,100000
0$$HAR,16:04:06,420083851,-936393186,251044,34364836,4913,98,73878,3499,100000
0$$HAR,16:04:09,420084542,-936395296,251735,27915680,8302,98,73878,3499,100000
0$$HAR,16:04:12,420084880,-936398293,251005,27617960,9472,104,73878,3499,100000
0$$HAR,16:04:15,420084882,-936402070,251044,26854216,11226,104,73878,3499,100000
0$$HAR,16:04:18,420085054,-936406436,251690,27867514,12489,104,73878,3499,100000
0$$HAR,16:04:21,420085995,-936410916,252577,29229842,13487,104,73878,3499,100000
0$$HAR,16:04:24,420087752,-936415099,253936,30513136,13092,104,73878,3499,100000
0$$HAR,16:04:27,420089581,-936419052,256034,29466806,12490,105,73878,3499,100000
0$$HAR,16:04:30,420090526,-936423301,257936,27917186,12493,98,73878,3499,100000
0$$HAR,16:04:33,420090701,-936427809,260434,26431594,12901,103,73878,3499,100000
0$$HAR,16:04:36,420090098,-936432630,260968,25787838,13808,104,73878,3499,100000
0$$HAR,16:04:39,420089315,-936437749,261884,25897250,14931,104,73878,3499,100000
0$$HAR,16:04:42,420088492,-936443076,262837,26161892,14679,99,73878,3499,100000
0$$HAR,16:04:45,420088794,-936448067,263056,28555240,13840,99,73878,3499,100000
0$$HAR,16:04:48,420090614,-936452517,261710,31406726,13759,104,73878,3499,100000
0$$HAR,16:04:51,420093815,-936455194,263518,34219364,13979,99,73878,3499,100000
0$$HAR,16:04:54,420097623,-936456211,263028,35287212,14209,104,73878,3499,100000
0$$HAR,16:04:57,420101534,-936457053,263313,34812432,15080,104,73878,3499,100000
0$$HAR,16:05:00,420105540,-936458776,263565,33674580,15648,104,73878,3499,100000
0$$HAR,16:05:03,420109191,-936461334,264163,32729242,15016,104,73878,3499,100000
0$$HAR,16:05:06,420112357,-936464838,265021,31680772,15266,95,73878,3499,100000
0$$HAR,16:05:09,420115084,-936469178,266673,30529672,16032,95,73878,3499,100000
0$$HAR,16:05:12,420117219,-936474195,267224,29404238,16026,95,73878,3499,100000
0$$HAR,16:05:15,420118464,-936479076,266794,28425362,13183,95,73878,3499,100000
0$$HAR,16:05:18,420118991,-936483831,267031,27463410,14283,95,73878,3499,100000
0$$HAR,16:05:21,420118960,-936489312,267115,26671756,15436,95,73878,3499,100000
0$$HAR,16:05:24,420118810,-936494785,267716,26924104,14958,95,73878,3499,100000
0$$HAR,16:05:27,420118811,-936500343,267907,27041934,15742,95,73878,3499,100000
0$$HAR,16:05:30,420118822,-936505915,268488,27045224,14895,95,73878,3499,100000
0$$HAR,16:05:33,420118816,-936511198,270360,27005050,14402,97,73878,3499,100000
0$$HAR,16:05:36,420118840,-936516446,271699,27066160,14649,95,73878,3499,100000
0$$HAR,16:05:39,420118869,-936521886,272326,27010966,15378,95,73878,3499,100000
0$$HAR,16:05:42,420118882,-936527609,272318,27023898,16049,95,73878,3499,100000
0$$HAR,16:05:45,420118871,-936533522,272789,27012896,16557,95,73878,3499,100000
0$$HAR,16:05:48,420118875,-936539488,272261,27063604,16418,97,73878,3499,100000
0$$HAR,16:05:51,420118876,-936545595,272224,26963494,17344,95,73878,3499,100000
0$$HAR,16:05:54,420118872,-936552051,272329,26994690,18193,95,73878,3499,100000
0$$HAR,16:05:57,420118880,-936558621,270186,27007446,17778,95,73878,3499,100000
0$$HAR,16:06:00,420118911,-936564885,267914,27070338,16467,95,73878,3499,100000
0$$HAR,16:06:03,420118941,-936570533,268687,27082734,14571,95,73878,3499,100000
0$$HAR,16:06:06,420119032,-936575576,270005,27130664,13934,95,73878,3499,100000
0$$HAR,16:06:09,420119066,-936580318,270912,27037856,12105,95,73878,3499,100000
0$$HAR,16:06:12,420119090,-936584793,271287,27059836,12179,95,73878,3499,100000
0$$HAR,16:06:15,420119289,-936588208,271455,28459836,6902,95,73878,3499,100000
0$$HAR,16:06:18,420120936,-936589456,270685,35647568,8716,95,73878,3499,100000
0$$HAR,16:06:21,420123925,-936589457,270379,35919736,13137,99,73878,3499,100000
0$$HAR,16:06:24,420127916,-936589614,270409,35774020,15476,109,73878,3499,100000
0$$HAR,16:06:27,420132575,-936589511,271933,35886608,18243,107,73878,3499,100000
0$$HAR,16:06:30,420137740,-936589624,272735,35912000,19718,99,73878,3499,100000
0$$HAR,16:06:33,420143320,-936589763,273161,35890496,21389,95,73878,3499,100000
0$$HAR,16:06:36,420149240,-936589905,273491,35886332,21958,95,73878,3499,100000
0$$HAR,16:06:39,420155165,-936590050,273380,35901596,21737,95,73878,3499,100000
0$$HAR,16:06:42,420160911,-936590174,272752,35910952,20883,99,73878,3499,100000
0$$HAR,16:06:45,420166459,-936590309,271464,35870200,20240,99,73878,3499,100000
0$$HAR,16:06:48,420171818,-936590425,268635,35922472,19461,95,73878,3499,100000
0$$HAR,16:06:51,420176889,-936590577,265926,35896380,18173,99,73878,3499,100000
0$$HAR,16:06:54,420181717,-936590667,263481,35940576,17537,99,73878,3499,100000
0$$HAR,16:06:57,420186380,-936590773,262734,35907592,16861,99,73878,3499,100000
0$$HAR,16:07:00,420190725,-936590862,263710,35916684,15286,99,73878,3499,100000
0$$HAR,16:07:03,420194778,-936590943,264653,35899064,14629,99,73878,3499,100000
0$$HAR,16:07:06,420198752,-936591021,265377,35929936,14849,99,73878,3499,100000
0$$HAR,16:07:09,420202631,-936591135,265826,35828004,13681,103,73878,3499,100000
0$$HAR,16:07:12,420206304,-936591182,265560,6019,13416,99,73878,3499,100000
0$$HAR,16:07:15,420209918,-936591213,265819,32371,13408,104,73878,3499,100000
0$$HAR,16:07:18,420213546,-936591321,266197,35905020,13889,99,73878,3499,100000
0$$HAR,16:07:21,420217347,-936591312,267356,709,14338,99,73878,3499,100000
0$$HAR,16:07:24,420220812,-936591107,268637,246029,11614,99,73878,3499,100000
0$$HAR,16:07:27,420223725,-936591001,269052,35840,8944,99,73878,3499,100000
0$$HAR,16:07:30,420225439,-936590864,269229,710260,3442,99,73878,3499,100000
0$$HAR,16:07:33,420226048,-936590584,268839,2234945,2380,99,73878,3499,100000
0$$HAR,16:07:36,420226663,-936589276,269956,7229286,7017,99,73878,3499,100000
1$$HAR,16:07:39,420226700,-936585676,269938,8829358,12494,104,73878,3499,100000
0$$HAR,16:07:42,420226918,-936580517,268624,8722444,16119,99,73878,3499,100000
0$$HAR,16:07:45,420226995,-936574731,267344,8900384,15662,99,73878,3499,100000
0$$HAR,16:07:48,420227093,-936569349,266292,8931200,14193,99,73878,3499,100000
0$$HAR,16:07:51,420227065,-936564353,265311,9070162,13582,105,73878,3499,100000
0$$HAR,16:07:54,420227055,-936559501,264573,8983070,13294,99,73878,3499,100000
0$$HAR,16:07:57,420227034,-936555030,263760,9101484,10826,99,73878,3499,100000
0$$HAR,16:08:00,420227057,-936551927,263592,8843426,6845,109,73878,3499,100000
0$$HAR,16:08:03,420227081,-936550244,263413,8793846,2789,121,73878,3499,100000
0$$HAR,16:08:06,420227095,-936549879,263268,8667410,267,112,73878,3499,100000
0$$HAR,16:08:09,420227088,-936549686,263785,8101121,1096,115,73878,3499,100000
0$$HAR,16:08:12,420227064,-936549049,263952,9097570,3247,118,73878,3499,100000
0$$HAR,16:08:15,420227025,-936547278,263661,9071032,5974,129,73878,3499,100000
0$$HAR,16:08:18,420227012,-936545790,262954,8957136,2568,121,73878,3499,100000
0$$HAR,16:08:21,420227047,-936545367,262953,9046404,58,122,73878,3499,100000
0$$HAR,16:08:24,420227083,-936545155,263648,8906516,1401,117,73878,3499,100000
0$$HAR,16:08:27,420227091,-936543985,264361,8164706,4472,109,73878,3499,100000
0$$HAR,16:08:30,420228350,-936542831,268052,1699254,7627,102,73878,3499,100000
0$$HAR,16:08:33,420230979,-936542772,269591,35730936,11833,101,73878,3499,100000
0$$HAR,16:08:36,420234397,-936542845,269172,35744672,12965,101,73878,3499,100000
0$$HAR,16:08:39,420237908,-936542890,270384,35913260,12740,101,73878,3499,100000
0$$HAR,16:08:42,420241408,-936542931,270125,35922832,12925,103,73878,3499,100000
0$$HAR,16:08:45,420244820,-936542935,269853,35956308,12507,101,73878,3499,100000
0$$HAR,16:08:48,420248095,-936542940,269529,35973944,10883,107,73878,3499,100000
0$$HAR,16:08:51,420250519,-936542909,269266,35942228,6457,111,73878,3499,100000
0$$HAR,16:08:54,420251706,-936542949,269552,35699092,3820,105,73878,3499,100000
0$$HAR,16:08:57,420252545,-936542947,270456,35875340,3666,110,73878,3499,100000
0$$HAR,16:09:00,420254344,-936543084,268985,35356548,8986,102,73878,3499,100000
0$$HAR,16:09:03,420257129,-936543297,267778,35812760,11463,115,73878,3499,100000
0$$HAR,16:09:06,420260223,-936543380,267297,35846788,11673,115,73878,3499,100000
0$$HAR,16:09:09,420263383,-936543409,266185,35861656,11902,105,73878,3499,100000
0$$HAR,16:09:12,420266534,-936543453,265565,35958228,11293,99,73878,3499,100000
0$$HAR,16:09:15,420269518,-936543507,263813,36611,10707,101,73878,3499,100000
0$$HAR,16:09:18,420272298,-936543608,262680,35409376,9613,99,73878,3499,100000
0$$HAR,16:09:21,420274725,-936544199,262913,35496856,8783,118,73878,3499,100000
0$$HAR,16:09:24,420277122,-936544514,264643,34334100,9439,112,73878,3499,100000
0$$HAR,16:09:27,420279397,-936545399,266552,34407812,7018,113,73878,3499,100000
0$$HAR,16:09:30,420280772,-936544930,267476,3232216,5951,113,73878,3499,100000
0$$HAR,16:09:33,420281217,-936542675,268377,8174463,6875,113,73878,3499,100000
0$$HAR,16:09:36,420280575,-936540795,268726,13798788,5689,113,73878,3499,100000
0$$HAR,16:09:39,420278583,-936540647,269417,18208162,8792,112,73878,3499,100000
0$$HAR,16:09:42,420276288,-936540728,269753,18098582,8376,112,73878,3499,100000
0$$HAR,16:09:45,420274239,-936540825,269389,18243428,6463,112,73878,3499,100000
0$$HAR,16:09:48,420273008,-936540475,268568,15887976,3572,111,73878,3499,100000
0$$HAR,16:09:51,420272598,-936539505,268715,10897708,2981,116,73878,3499,100000
0$$HAR,16:09:54,420272564,-936538767,268022,9821582,488,116,73878,3499,100000
0$$HAR,16:09:57,420272578,-936538799,267888,9821582,305,108,73878,3499,100000
0$$HAR,16:10:00,420272546,-936539166,268231,23211814,935,107,73878,3499,100000
0$$HAR,16:10:03,420272556,-936539508,267917,26392794,855,107,73878,3499,100000
0$$HAR,16:10:06,420272579,-936539813,267756,26927196,530,116,73878,3499,100000
0$$HAR,16:10:09,420272567,-936540019,267293,26446070,543,116,73878,3499,100000
0$$HAR,16:10:12,420272533,-936540179,267050,25835396,242,116,73878,3499,100000
0$$HAR,16:10:15,420272521,-936540201,266779,25835396,14,119,73878,3499,100000
0$$HAR,16:10:18,420272530,-936540207,266803,25835396,48,119,73878,3499,100000
0$$HAR,16:10:21,420272532,-936540232,266988,25835396,67,116,73878,3499,100000
1$$HAR,16:10:24,420272561,-936540255,268058,25835396,80,108,73878,3499,100000
0$$HAR,16:10:27,420272613,-936540277,269689,25835396,71,114,73878,3499,100000
0$$HAR,16:10:30,420272608,-936540302,269376,25835396,14,119,73878,3499,100000
0$$HAR,16:10:33,420272613,-936540324,269156,25835396,30,119,73878,3499,100000
0$$HAR,16:10:36,420272690,-936540286,271608,25835396,40,106,73878,3499,100000
0$$HAR,16:10:39,420272792,-936540266,274882,25835396,67,106,73878,3499,100000
0$$HAR,16:10:42,420272930,-936540252,279093,25835396,34,106,73878,3499,100000
0$$HAR,16:10:45,420273089,-936540206,283789,25835396,98,108,73878,3499,100000
0$$HAR,16:10:48,420273183,-936540203,286936,25835396,185,101,73878,3499,100000
0$$HAR,16:10:51,420273059,-936540259,282236,25835396,77,106,73878,3499,100000
0$$HAR,16:10:54,420273015,-936540281,279354,25835396,81,116,73878,3499,100000
0$$HAR,16:10:57,420272996,-936540315,277438,25835396,28,120,73878,3499,100000
0$$HAR,16:11:00,420273015,-936540286,277062,25835396,64,120,73878,3499,100000
0$$HAR,16:11:03,420273020,-936540296,277539,25835396,33,112,73878,3499,100000
0$$HAR,16:11:06,420273005,-936540297,277040,25835396,96,109,73878,3499,100000
0$$HAR,16:11:09,420273002,-936540264,277439,25835396,88,108,73878,3499,100000
0$$HAR,16:11:12,420272993,-936540217,278133,25835396,46,107,73878,3499,100000
0$$HAR,16:11:15,420273037,-936540116,279427,25835396,64,112,73878,3499,100000
0$$HAR,16:11:18,420273064,-936540037,280443,25835396,60,106,73878,3499,100000
0$$HAR,16:11:21,420273129,-936540094,281240,25835396,527,129,73878,3499,100000
0$$HAR,16:11:24,420273011,-936540255,278917,25835396,273,125,73878,3499,100000
0$$HAR,16:11:27,420272552,-936540282,273491,16140854,621,112,73878,3499,100000
0$$HAR,16:11:30,420272468,-936539966,270366,14673522,44,114,73878,3499,100000
0$$HAR,16:11:33,420272430,-936539859,269587,14673522,46,111,73878,3499,100000
0$$HAR,16:11:36,420272392,-936539812,268198,14673522,11,111,73878,3499,100000
0$$HAR,16:11:39,420272382,-936539800,267094,14673522,45,111,73878,3499,100000
0$$HAR,16:11:42,420272383,-936539810,266422,14673522,118,111,73878,3499,100000
0$$HAR,16:11:45,420272373,-936539821,266355,14673522,31,111,73878,3499,100000
0$$HAR,16:11:48,420272375,-936539822,266243,14673522,37,111,73878,3499,100000
0$$HAR,16:11:51,420272381,-936539820,265901,14673522,35,114,73878,3499,100000
0$$HAR,16:11:54,420272381,-936539828,265667,14673522,6,114,73878,3499,100000
0$$HAR,16:11:57,420272375,-936539835,265634,14673522,67,114,73878,3499,100000
0$$HAR,16:12:00,420272372,-936539845,265538,14673522,29,107,73878,3499,100000
0$$HAR,16:12:03,420272370,-936539855,265599,14673522,40,117,73878,3499,100000
0$$HAR,16:12:06,420272367,-936539865,265687,14673522,17,107,73878,3499,100000
0$$HAR,16:12:09,420272368,-936539857,265375,14673522,52,107,73878,3499,100000
0$$HAR,16:12:12,420272365,-936539846,265074,14673522,31,107,73878,3499,100000
0$$HAR,16:12:15,420272363,-936539845,264531,14673522,69,114,73878,3499,100000
0$$HAR,16:12:18,420272354,-936539837,264370,14673522,99,114,73878,3499,100000
0$$HAR,16:12:21,420272357,-936539838,264424,14673522,13,114,73878,3499,100000
0$$HAR,16:12:24,420272352,-936539842,264400,14673522,63,114,73878,3499,100000
0$$HAR,16:12:27,420272346,-936539852,264511,14673522,22,107,73878,3499,100000
0$$HAR,16:12:30,420272345,-936539845,264114,14673522,4,107,73878,3499,100000
0$$HAR,16:12:33,420272340,-936539832,263722,14673522,9,107,73878,3499,100000
0$$HAR,16:12:36,420272329,-936539823,263526,14673522,43,107,73878,3499,100000
0$$HAR,16:12:39,420272318,-936539810,263563,14673522,19,107,73878,3499,100000
0$$HAR,16:12:42,420272303,-936539797,263458,14673522,53,107,73878,3499,100000
0$$HAR,16:12:45,420272274,-936539783,263469,14673522,53,107,73878,3499,100000
0$$HAR,16:12:48,420272252,-936539768,263385,14673522,88,107,73878,3499,100000
0$$HAR,16:12:51,420272237,-936539784,263177,14673522,36,107,73878,3499,100000
0$$HAR,16:12:54,420272227,-936539777,263078,14673522,60,113,73878,3499,100000
0$$HAR,16:12:57,420272222,-936539768,262674,14673522,40,113,73878,3499,100000
0$$HAR,16:13:00,420272213,-936539772,262249,14673522,57,113,73878,3499,100000
0$$HAR,16:13:03,420272180,-936539729,262653,14673522,42,113,73878,3499,100000
0$$HAR,16:13:06,420272187,-936539732,262631,14673522,48,113,73878,3499,100000
0$$HAR,16:13:09,420272198,-936539745,262772,14673522,90,113,73878,3499,100000
0$$HAR,16:13:12,420272216,-936539762,262633,14673522,49,113,73878,3499,100000
0$$HAR,16:13:15,420272231,-936539776,262362,14673522,38,113,73878,3499,100000
0$$HAR,16:13:18,420272242,-936539783,262463,14673522,26,113,73878,3499,100000
0$$HAR,16:13:21,420272254,-936539789,262582,14673522,41,113,73878,3499,100000
0$$HAR,16:13:24,420272258,-936539783,262691,14673522,50,120,73878,3499,100000
0$$HAR,16:13:27,420272260,-936539786,262917,14673522,47,120,73878,3499,100000
0$$HAR,16:13:30,420272252,-936539782,263207,14673522,26,120,73878,3499,100000
0$$HAR,16:13:33,420272249,-936539768,262949,14673522,52,111,73878,3499,100000
0$$HAR,16:13:36,420272245,-936539753,262765,14673522,47,111,73878,3499,100000
0$$HAR,16:13:39,420272238,-936539745,262586,14673522,22,111,73878,3499,100000
0$$HAR,16:13:42,420272239,-936539745,262134,14673522,61,111,73878,3499,100000
0$$HAR,16:13:45,420272236,-936539751,261723,14673522,34,114,73878,3499,100000
0$$HAR,16:13:48,420272109,-936539898,261389,14673522,55,121,73878,3499,100000
0$$HAR,16:13:51,420272235,-936539688,261263,14673522,40,114,73878,3499,100000
0$$HAR,16:13:54,420272250,-936539650,260503,14673522,46,114,73878,3499,100000
0$$HAR,16:13:57,420272293,-936539663,259997,14673522,85,112,73878,3499,100000
0$$HAR,16:14:00,420272308,-936539681,259501,14673522,13,112,73878,3499,100000
0$$HAR,16:14:03,420272323,-936539702,259500,14673522,8,112,73878,3499,100000
0$$HAR,16:14:06,420272344,-936539716,259316,14673522,57,112,73878,3499,100000
0$$HAR,16:14:09,420272355,-936539734,259418,14673522,46,112,73878,3499,100000
0$$HAR,16:14:12,420272370,-936539754,259621,14673522,65,112,73878,3499,100000
0$$HAR,16:14:15,420272376,-936539764,259805,14673522,53,112,73878,3499,100000
0$$HAR,16:14:18,420272383,-936539788,259976,14673522,67,112,73878,3499,100000
0$$HAR,16:14:21,420272392,-936539806,260117,14673522,74,112,73878,3499,100000
0$$HAR,16:14:24,420272394,-936539812,260348,14673522,41,112,73878,3499,100000
0$$HAR,16:14:27,420272403,-936539829,260550,14673522,76,112,73878,3499,100000
0$$HAR,16:14:30,420272406,-936539845,260255,14673522,24,112,73878,3499,100000
0$$HAR,16:14:33,420272401,-936539854,260362,14673522,39,112,73878,3499,100000
0$$HAR,16:14:36,420272403,-936539865,260513,14673522,82,112,73878,3499,100000
0$$HAR,16:14:39,420272403,-936539858,260508,14673522,33,112,73878,3499,100000
0$$HAR,16:14:42,420272402,-936539859,260309,14673522,58,112,73878,3499,100000
0$$HAR,16:14:45,420272412,-936539861,260290,14673522,67,112,73878,3499,100000
0$$HAR,16:14:48,420272416,-936539859,260475,14673522,50,112,73878,3499,100000
0$$HAR,16:14:51,420272418,-936539858,260647,14673522,77,112,73878,3499,100000
0$$HAR,16:14:54,420272417,-936539871,260701,14673522,23,112,73878,3499,100000
0$$HAR,16:14:57,420272416,-936539881,260539,14673522,24,112,73878,3499,100000
0$$HAR,16:15:00,420272419,-936539889,260635,14673522,55,112,73878,3499,100000
0$$HAR,16:15:03,420272412,-936539897,260681,14673522,17,112,73878,3499,100000
0$$HAR,16:15:06,420272416,-936539910,260680,14673522,46,112,73878,3499,100000
0$$HAR,16:15:09,420272420,-936539931,260653,14673522,18,112,73878,3499,100000
0$$HAR,16:15:12,420272420,-936539931,260695,14673522,28,112,73878,3499,100000
0$$HAR,16:15:15,420272428,-936539945,260800,14673522,38,110,73878,3499,100000
0$$HAR,16:15:18,420272418,-936539950,261170,14673522,38,107,73878,3499,100000
0$$HAR,16:15:21,420272419,-936539978,261424,14673522,94,107,73878,3499,100000
0$$HAR,16:15:24,420272422,-936539995,261514,14673522,29,107,73878,3499,100000
0$$HAR,16:15:27,420272420,-936539990,261779,14673522,15,107,73878,3499,100000
0$$HAR,16:15:30,420272402,-936539992,261844,14673522,75,107,73878,3499,100000
0$$HAR,16:15:33,420272418,-936539985,261784,14673522,24,107,73878,3499,100000
0$$HAR,16:15:36,420272419,-936539994,261853,14673522,98,107,73878,3499,100000
0$$HAR,16:15:39,420272401,-936539990,261979,14673522,71,107,73878,3499,100000
0$$HAR,16:15:42,420272387,-936539993,261878,14673522,58,112,73878,3499,100000
0$$HAR,16:15:45,420272373,-936540006,262118,14673522,20,112,73878,3499,100000
0$$HAR,16:15:48,420272368,-936540021,262275,14673522,27,112,73878,3499,100000
0$$HAR,16:15:51,420272373,-936540026,262159,14673522,227,112,73878,3499,100000
0$$HAR,16:15:54,420272365,-936540022,262119,14673522,40,112,73878,3499,100000
0$$HAR,16:15:57,420272353,-936540017,262210,14673522,35,112,73878,3499,100000
0$$HAR,16:16:00,420272356,-936540008,262174,14673522,8,112,73878,3499,100000
0$$HAR,16:16:03,420272357,-936539998,262255,14673522,68,112,73878,3499,100000
0$$HAR,16:16:06,420272343,-936539990,262313,14673522,3,112,73878,3499,100000
0$$HAR,16:16:09,420272335,-936539998,262179,14673522,115,112,73878,3499,100000
0$$HAR,16:16:12,420272350,-936539983,262285,14673522,96,112,73878,3499,100000
0$$HAR,16:16:15,420272352,-936539992,262354,14673522,20,112,73878,3499,100000
0$$HAR,16:16:18,420272242,-936539931,262589,14673522,74,126,73878,3499,100000
0$$HAR,16:16:21,420272467,-936540033,262047,14673522,16,121,73878,3499,100000
0$$HAR,16:16:24,420272530,-936540037,262266,14673522,31,111,73878,3499,100000
0$$HAR,16:16:27,420272569,-936540040,262286,14673522,89,109,73878,3499,100000
0$$HAR,16:16:30,420272555,-936540039,262225,14673522,36,109,73878,3499,100000
0$$HAR,16:16:33,420272543,-936540037,262308,14673522,53,109,73878,3499,100000
0$$HAR,16:16:36,420272543,-936540041,262387,14673522,29,109,73878,3499,100000
0$$HAR,16:16:39,420272534,-936540043,262417,14673522,12,109,73878,3499,100000
0$$HAR,16:16:42,420272525,-936540044,262308,14673522,30,111,73878,3499,100000
0$$HAR,16:16:45,420272519,-936540042,262249,14673522,43,121,73878,3499,100000
0$$HAR,16:16:48,420272508,-936540033,262122,14673522,24,110,73878,3499,100000
0$$HAR,16:16:51,420272487,-936540030,261814,14673522,3,115,73878,3499,100000
0$$HAR,16:16:54,420272476,-936540022,261330,14673522,69,108,73878,3499,100000
0$$HAR,16:16:57,420272457,-936540033,260196,14673522,35,120,73878,3499,100000
0$$HAR,16:17:00,420272439,-936539966,258756,14673522,55,117,73878,3499,100000
0$$HAR,16:17:03,420272410,-936539950,258651,14673522,27,118,73878,3499,100000
0$$HAR,16:17:06,420272400,-936539937,258283,14673522,22,118,73878,3499,100000
0$$HAR,16:17:09,420272397,-936539938,257725,14673522,64,118,73878,3499,100000
0$$HAR,16:17:12,420272399,-936539938,257442,14673522,15,118,73878,3499,100000
0$$HAR,16:17:15,420272397,-936539942,257316,14673522,57,118,73878,3499,100000
0$$HAR,16:17:18,420272388,-936539944,257288,14673522,52,118,73878,3499,100000
0$$HAR,16:17:21,420272385,-936539948,257179,14673522,69,118,73878,3499,100000
0$$HAR,16:17:24,420272371,-936539950,257190,14673522,54,115,73878,3499,100000
0$$HAR,16:17:27,420272352,-936539945,257389,14673522,107,115,73878,3499,100000
0$$HAR,16:17:30,420272346,-936539956,257384,14673522,62,117,73878,3499,100000
0$$HAR,16:17:33,420272355,-936539960,257317,14673522,162,117,73878,3499,100000
0$$HAR,16:17:36,420272352,-936539973,257354,14673522,19,117,73878,3499,100000
0$$HAR,16:17:39,420272346,-936540002,257983,14673522,53,117,73878,3499,100000
0$$HAR,16:17:42,420272310,-936539999,258575,14673522,19,117,73878,3499,100000
0$$HAR,16:17:45,420272296,-936539983,259103,14673522,43,117,73878,3499,100000
0$$HAR,16:17:48,420272285,-936539976,259157,14673522,74,117,73878,3499,100000
0$$HAR,16:17:51,420272261,-936539951,258963,14673522,50,117,73878,3499,100000
0$$HAR,16:17:54,420272237,-936539962,259625,14673522,54,117,73878,3499,100000
0$$HAR,16:17:57,420272225,-936539949,260249,14673522,47,117,73878,3499,100000
0$$HAR,16:18:00,420272215,-936539945,260545,14673522,11,112,73878,3499,100000
0$$HAR,16:18:03,420272218,-936539945,260429,14673522,50,112,73878,3499,100000
0$$HAR,16:18:06,420272217,-936539945,260296,14673522,30,109,73878,3499,100000
0$$HAR,16:18:09,420272254,-936539936,261595,14673522,57,117,73878,3499,100000
0$$HAR,16:18:12,420272242,-936539901,262331,14673522,14,109,73878,3499,100000
0$$HAR,16:18:15,420272242,-936539874,262586,14673522,29,109,73878,3499,100000
0$$HAR,16:18:18,420272246,-936539866,262533,14673522,32,117,73878,3499,100000
0$$HAR,16:18:21,420272254,-936539863,262425,14673522,60,118,73878,3499,100000
0$$HAR,16:18:24,420272253,-936539869,262487,14673522,50,117,73878,3499,100000
0$$HAR,16:18:27,420272254,-936539882,262580,14673522,24,117,73878,3499,100000
0$$HAR,16:18:30,420272247,-936539874,262891,14673522,81,117,73878,3499,100000
0$$HAR,16:18:33,420272241,-936539903,262998,14673522,76,117,73878,3499,100000
0$$HAR,16:18:36,420272199,-936539999,261769,14673522,20,117,73878,3499,100000
0$$HAR,16:18:39,420272176,-936539999,261988,14673522,22,117,73878,3499,100000
0$$HAR,16:18:42,420272162,-936540013,262418,14673522,91,117,73878,3499,100000
0$$HAR,16:18:45,420272131,-936540010,262766,14673522,92,117,73878,3499,100000
0$$HAR,16:18:48,420272101,-936539999,263093,14673522,53,117,73878,3499,100000
0$$HAR,16:18:51,420272088,-936540019,263074,14673522,5,117,73878,3499,100000
0$$HAR,16:18:54,420272090,-936540043,263246,14673522,50,117,73878,3499,100000
0$$HAR,16:18:57,420272102,-936540063,262955,14673522,45,117,73878,3499,100000
0$$HAR,16:19:00,420272122,-936540088,263040,14673522,23,117,73878,3499,100000
0$$HAR,16:19:03,420272126,-936540091,262940,14673522,53,117,73878,3499,100000
0$$HAR,16:19:06,420272141,-936540124,262785,14673522,56,116,73878,3499,100000
0$$HAR,16:19:09,420272150,-936540147,262705,14673522,53,116,73878,3499,100000
0$$HAR,16:19:12,420272152,-936540147,262832,14673522,72,116,73878,3499,100000
0$$HAR,16:19:15,420272163,-936540135,262827,14673522,67,116,73878,3499,100000
0$$HAR,16:19:18,420272235,-936540037,263213,14673522,42,118,73878,3499,100000
0$$HAR,16:19:21,420272260,-936540023,263217,14673522,3,118,73878,3499,100000
0$$HAR,16:19:24,420272242,-936539953,262742,14673522,49,118,73878,3499,100000
0$$HAR,16:19:27,420272214,-936539890,262688,14673522,82,118,73878,3499,100000
0$$HAR,16:19:30,420272194,-936539842,262935,14673522,76,118,73878,3499,100000
0$$HAR,16:19:33,420272421,-936539821,259384,14673522,29,126,73878,3499,100000
0$$HAR,16:19:36,420272412,-936539931,261241,14419264,454,120,73878,3499,100000
0$$HAR,16:19:39,420272370,-936539872,262521,14519608,115,121,73878,3499,100000
0$$HAR,16:19:42,420272356,-936539840,262716,14519608,5,111,73878,3499,100000
0$$HAR,16:19:45,420272301,-936539849,262709,15443864,82,111,73878,3499,100000
0$$HAR,16:19:48,420272259,-936539850,262234,15443864,53,120,73878,3499,100000