0$$HAR,13:41:00,420271920,-936539548,262769,15917246,84,123,98353,3008,100000
1$$HAR,13:41:03,420271913,-936539552,262419,15917246,105,123,98351,3009,100000
0$$HAR,13:41:06,420271921,-936539545,262220,15917246,87,127,98355,3011,100000
0$$HAR,13:41:09,420271879,-936539530,261625,15917246,41,127,98355,3012,100000
0$$HAR,13:41:12,420271862,-936539526,261175,15917246,133,133,98357,3014,100000
0$$HAR,13:41:15,420271853,-936539530,261342,15917246,94,127,98355,3015,100000
0$$HAR,13:41:18,420271850,-936539531,261176,15917246,59,127,98355,3016,100000
0$$HAR,13:41:21,420271833,-936539547,261148,15917246,50,127,98355,3018,100000
0$$HAR,13:41:24,420271793,-936539543,260900,15917246,67,127,98355,3020,100000
0$$HAR,13:41:27,420271770,-936539533,260621,15917246,116,127,98353,3021,100000
0$$HAR,13:41:30,420271753,-936539531,260480,15917246,40,127,98353,3022,100000
0$$HAR,13:41:33,420271775,-936539500,260344,15917246,232,127,98355,3024,100000
0$$HAR,13:41:36,420271792,-936539465,260205,9649784,131,127,98351,3025,100000
0$$HAR,13:41:39,420271852,-936539445,261152,9649784,55,116,98355,3027,100000
0$$HAR,13:41:42,420271914,-936539442,261938,9649784,214,116,98355,3028,100000
0$$HAR,13:41:45,420271973,-936539413,262691,9649784,155,116,98353,3029,100000
0$$HAR,13:41:48,420271949,-936539419,262819,9649784,85,122,98355,3031,100000
0$$HAR,13:41:51,420271971,-936539452,262984,9649784,44,113,98355,3032,100000
0$$HAR,13:41:54,420272009,-936539455,263230,9649784,372,133,98355,3034,100000
0$$HAR,13:41:57,420272075,-936539476,264144,9649784,160,118,98353,3035,100000
0$$HAR,13:42:00,420272105,-936539500,264208,9649784,102,121,98353,3037,100000
0$$HAR,13:42:03,420272085,-936539518,263928,9649784,89,116,98353,3039,100000
0$$HAR,13:42:06,420272076,-936539521,264025,9649784,52,116,98355,3040,100000
0$$HAR,13:42:09,420272066,-936539520,263841,14230532,344,110,98353,3041,100000
0$$HAR,13:42:12,420272025,-936539498,263368,14230532,16,116,98355,3043,100000
0$$HAR,13:42:15,420271994,-936539478,263103,14230532,141,116,98355,3044,100000
0$$HAR,13:42:18,420271984,-936539472,262849,14230532,79,110,98355,3046,100000
0$$HAR,13:42:21,420271977,-936539464,262589,14230532,43,122,98353,3047,100000
0$$HAR,13:42:24,420271979,-936539450,262973,14230532,44,118,98353,3049,100000
0$$HAR,13:42:27,420271989,-936539440,263214,14230532,51,110,98353,3050,100000
0$$HAR,13:42:30,420272016,-936539402,263314,14230532,5,118,98353,3052,100000
0$$HAR,13:42:33,420272045,-936539364,263625,14230532,63,118,98351,3053,100000
0$$HAR,13:42:36,420271980,-936539368,263610,20371172,261,115,98353,3055,100000
0$$HAR,13:42:39,420271973,-936539359,263725,20371172,61,115,98351,3056,100000
0$$HAR,13:42:42,420271977,-936539355,263890,20371172,86,115,98349,3057,100000
0$$HAR,13:42:45,420271966,-936539349,263647,20371172,38,148,98353,3059,100000
0$$HAR,13:42:48,420271959,-936539343,263553,20371172,84,121,98353,3060,100000
0$$HAR,13:42:51,420271963,-936539328,263738,20371172,31,127,98351,3061,100000
0$$HAR,13:42:54,420271979,-936539333,263966,20371172,43,127,98351,3063,100000
0$$HAR,13:42:57,420272002,-936539348,264079,20371172,14,121,98353,3064,100000
0$$HAR,13:43:00,420272032,-936539366,264531,20371172,64,115,98351,3066,100000
0$$HAR,13:43:03,420272049,-936539341,264766,20371172,84,115,98351,3067,100000
0$$HAR,13:43:06,420272017,-936539343,264350,20371172,21,110,98353,3068,100000
0$$HAR,13:43:09,420272016,-936539362,264169,20371172,44,115,98349,3070,100000
0$$HAR,13:43:12,420272017,-936539354,264136,20371172,118,115,98351,3071,100000
0$$HAR,13:43:15,420272026,-936539359,264238,20371172,43,115,98351,3073,100000
0$$HAR,13:43:18,420272010,-936539353,264148,20371172,114,118,98355,3074,100000
0$$HAR,13:43:21,420271990,-936539361,264049,20371172,121,115,98353,3075,100000
0$$HAR,13:43:24,420272001,-936539387,264173,20371172,16,126,98353,3077,100000
0$$HAR,13:43:27,420271964,-936539389,263561,20371172,40,126,98353,3078,100000
0$$HAR,13:43:30,420271930,-936539397,263269,20371172,157,126,98351,3080,100000
0$$HAR,13:43:33,420271900,-936539405,263016,20371172,179,115,98351,3081,100000
0$$HAR,13:43:36,420271890,-936539422,262880,20371172,173,115,98351,3083,100000
0$$HAR,13:43:39,420271926,-936539413,262556,28107174,397,115,98351,3084,100000
0$$HAR,13:43:42,420272029,-936539470,262374,33285048,524,115,98349,3086,100000
0$$HAR,13:43:45,420272217,-936539545,262188,34462208,1231,115,98349,3087,100000
0$$HAR,13:43:48,420272386,-936539814,262108,31370384,853,115,98349,3088,100000
0$$HAR,13:43:51,420272564,-936539991,261986,33375178,976,115,98347,3090,100000
1$$HAR,13:43:54,420272679,-936540172,261791,31185248,708,115,98349,3091,100000
0$$HAR,13:43:57,420272804,-936540363,261586,32251482,676,115,98353,3093,100000
0$$HAR,13:44:00,420272997,-936540528,261677,33061414,905,115,98353,3095,100000
0$$HAR,13:44:03,420273239,-936540616,261566,35387308,1149,115,98351,3096,100000
0$$HAR,13:44:06,420273516,-936540633,261543,35699072,1116,115,98351,3098,100000
0$$HAR,13:44:09,420273807,-936540621,261710,35829204,992,107,98353,3099,100000
0$$HAR,13:44:12,420274078,-936540613,262223,35833056,935,107,98353,3101,100000
0$$HAR,13:44:15,420274353,-936540535,263262,344457,904,107,98351,3102,100000
0$$HAR,13:44:18,420274603,-936540466,263327,999288,1135,111,98353,3103,100000
0$$HAR,13:44:21,420274798,-936540411,262893,1765968,152,106,98353,3105,100000
0$$HAR,13:44:24,420274955,-936540486,262660,35105492,1026,106,98353,3107,100000
0$$HAR,13:44:27,420275187,-936540479,262869,227897,703,106,98351,3108,100000
0$$HAR,13:44:30,420275360,-936540434,262752,484082,623,101,98355,3110,100000
0$$HAR,13:44:33,420275405,-936540434,262622,484082,13,106,98355,3111,100000
0$$HAR,13:44:36,420275255,-936540282,262881,9825180,1063,106,98355,3112,100000
0$$HAR,13:44:39,420275210,-936540127,262887,10165576,80,106,98351,3114,100000
0$$HAR,13:44:42,420275237,-936540102,263349,10165576,7,106,98351,3116,100000
0$$HAR,13:44:45,420275259,-936540080,263790,10165576,94,102,98353,3117,100000
0$$HAR,13:44:48,420275277,-936540050,263767,10165576,37,106,98353,3119,100000
0$$HAR,13:44:51,420275299,-936540034,264007,10165576,83,111,98351,3120,100000
0$$HAR,13:44:54,420275296,-936540045,263927,10165576,103,106,98351,3122,100000
0$$HAR,13:44:57,420275317,-936540022,264312,10165576,28,106,98351,3123,100000
0$$HAR,13:45:00,420275339,-936540019,264767,10165576,53,106,98355,3125,100000
0$$HAR,13:45:03,420275363,-936540003,265279,10165576,44,106,98353,3126,100000
0$$HAR,13:45:06,420275388,-936539993,265719,10165576,33,112,98353,3128,100000
0$$HAR,13:45:09,420275400,-936539987,266176,10165576,76,106,98353,3129,100000
0$$HAR,13:45:12,420275383,-936540000,265903,10165576,120,112,98353,3131,100000
0$$HAR,13:45:15,420275377,-936539998,265952,10165576,55,112,98351,3132,100000
0$$HAR,13:45:18,420275361,-936539992,265727,10165576,71,106,98351,3133,100000
0$$HAR,13:45:21,420275346,-936540000,265534,10165576,129,106,98351,3135,100000
1$$HAR,13:45:24,420275328,-936539965,265540,10165576,130,106,98349,3137,100000
0$$HAR,13:45:27,420275324,-936539965,265568,10165576,25,106,98349,3138,100000
0$$HAR,13:45:30,420275321,-936539975,265569,10165576,63,106,98351,3139,100000
0$$HAR,13:45:33,420275307,-936539991,265447,10165576,27,111,98353,3141,100000
0$$HAR,13:45:36,420275313,-936539990,266012,10165576,40,106,98351,3142,100000
0$$HAR,13:45:39,420275307,-936540014,266187,10165576,4,106,98351,3144,100000
0$$HAR,13:45:42,420275329,-936540028,266733,10165576,232,106,98351,3145,100000
0$$HAR,13:45:45,420275329,-936540044,266649,10165576,166,106,98351,3147,100000
0$$HAR,13:45:48,420275329,-936540066,266558,10165576,112,106,98347,3149,100000
0$$HAR,13:45:51,420275329,-936540074,265826,10165576,74,108,98347,3150,100000
0$$HAR,13:45:54,420275351,-936540094,265114,3636415,323,108,98347,3152,100000
0$$HAR,13:45:57,420275415,-936540091,264672,3636436,201,106,98349,3153,100000
0$$HAR,13:46:00,420275434,-936540106,264364,2137207,144,106,98349,3155,100000
0$$HAR,13:46:03,420275443,-936540128,264179,2137207,294,106,98345,3156,100000
0$$HAR,13:46:06,420275449,-936540160,263798,2137207,17,106,98349,3158,100000
0$$HAR,13:46:09,420275448,-936540162,263591,2137207,56,106,98349,3160,100000
0$$HAR,13:46:12,420275463,-936540136,263087,2137207,158,106,98349,3161,100000
0$$HAR,13:46:15,420275464,-936540129,262984,2137207,16,106,98349,3163,100000
0$$HAR,13:46:18,420275454,-936540134,262950,2137207,75,106,98347,3165,100000
0$$HAR,13:46:21,420275471,-936540103,262572,2137207,248,106,98347,3166,100000
0$$HAR,13:46:24,420275488,-936540105,262097,2137207,139,110,98349,3168,100000
0$$HAR,13:46:27,420275524,-936540101,261490,2137207,86,105,98349,3169,100000
0$$HAR,13:46:30,420275526,-936540115,260726,2137207,26,105,98347,3171,100000
0$$HAR,13:46:33,420275543,-936540093,260726,2137207,278,105,98349,3172,100000
0$$HAR,13:46:36,420275567,-936540077,260913,2137207,61,105,98349,3174,100000
0$$HAR,13:46:39,420275578,-936540072,261513,2137207,48,105,98353,3176,100000
0$$HAR,13:46:42,420275590,-936540047,261979,10789518,8,105,98353,3178,100000
0$$HAR,13:46:45,420275574,-936540030,263182,10789518,103,105,98349,3179,100000
0$$HAR,13:46:48,420275565,-936540035,263284,10789518,92,105,98349,3181,100000
0$$HAR,13:46:51,420275566,-936540006,263381,10789518,92,105,98349,3182,100000
0$$HAR,13:46:54,420275569,-936539994,263456,10789518,58,105,98349,3184,100000
0$$HAR,13:46:57,420275580,-936539966,263583,10789518,128,105,98347,3185,100000
0$$HAR,13:47:00,420275565,-936539978,264106,10789518,128,105,98345,3186,100000
0$$HAR,13:47:03,420275571,-936539977,263969,10789518,95,105,98345,3188,100000
0$$HAR,13:47:06,420275569,-936539979,263613,10789518,60,105,98345,3190,100000
0$$HAR,13:47:09,420275555,-936539956,269476,10789518,147,105,98341,3191,100000
0$$HAR,13:47:12,420276269,-936539798,289346,409399,5967,100,98328,3192,100000
0$$HAR,13:47:15,420277885,-936540010,308329,35719984,1338,100,98251,3193,100000
0$$HAR,13:47:18,420277930,-936538168,327540,6679910,7941,100,98141,3194,100000
0$$HAR,13:47:21,420278343,-936537886,350723,24817558,2949,100,98010,3194,100000
0$$HAR,13:47:24,420278211,-936537344,370710,4443715,8546,100,97846,3194,100000
0$$HAR,13:47:27,420279470,-936535868,391301,1707002,1341,100,97664,3193,100000
0$$HAR,13:47:30,420279332,-936535870,412101,4640092,6821,100,97481,3192,100000
0$$HAR,13:47:33,420279898,-936533323,430562,11820650,6067,100,97273,3190,100000
0$$HAR,13:47:36,420279450,-936533301,449264,35518864,4815,100,97071,3188,100000
1$$HAR,13:47:39,420280251,-936531448,467928,11000590,7340,95,96863,3185,100000
0$$HAR,13:47:42,420279138,-936530076,484976,15368138,2794,95,96653,3183,100000
0$$HAR,13:47:45,420278799,-936530534,503312,24924076,958,95,96457,3180,100000
0$$HAR,13:47:48,420279552,-936529594,520994,8392078,4959,95,96250,3177,100000
0$$HAR,13:47:51,420278481,-936528589,541644,20243356,4378,95,96050,3174,100000
0$$HAR,13:47:54,420279144,-936528358,560904,6566553,8155,95,95840,3171,100000
0$$HAR,13:47:57,420278905,-936525417,577187,10153774,5563,95,95634,3168,100000
0$$HAR,13:48:00,420278354,-936523869,596322,16114194,6409,95,95438,3165,100000
0$$HAR,13:48:03,420278207,-936523439,617345,2183273,5908,95,95238,3161,100000
0$$HAR,13:48:06,420278654,-936522009,639702,11344204,8080,95,95028,3157,100000
0$$HAR,13:48:09,420278763,-936519302,659495,4472352,5492,95,94808,3154,100000
0$$HAR,13:48:12,420278131,-936517981,682145,13954122,9721,95,94590,3151,100000
0$$HAR,13:48:15,420277579,-936515454,702377,5646498,9064,95,94382,3148,100000
0$$HAR,13:48:18,420278326,-936512548,720291,11344806,9275,100,94171,3145,100000
0$$HAR,13:48:21,420277703,-936510015,739892,7745478,3307,95,93961,3142,100000
0$$HAR,13:48:24,420278501,-936509179,760344,9502222,8384,95,93749,3139,100000
0$$HAR,13:48:27,420278117,-936505995,780592,5224580,6348,95,93533,3136,100000
0$$HAR,13:48:30,420279356,-936505183,797799,3322262,3280,95,93316,3132,100000
1$$HAR,13:48:33,420279796,-936501433,815122,5826885,15683,95,93114,3127,100000
0$$HAR,13:48:36,420280966,-936498773,833108,11068794,6865,95,92906,3123,100000
0$$HAR,13:48:39,420280799,-936494956,850548,6902588,13773,95,92698,3119,100000
0$$HAR,13:48:42,420282553,-936490884,869606,7523705,11910,95,92494,3115,100000
0$$HAR,13:48:45,420282665,-936485888,887192,8479438,14005,95,92291,3112,100000
0$$HAR,13:48:48,420283925,-936482133,908449,5961011,7997,95,92094,3108,100000
0$$HAR,13:48:51,420286286,-936478266,925808,5735513,22565,95,91888,3104,100000
0$$HAR,13:48:54,420287949,-936472431,943184,8141539,11595,95,91689,3100,100000
0$$HAR,13:48:57,420288635,-936467425,962475,6868730,18407,95,91493,3096,100000
0$$HAR,13:49:00,420291171,-936461411,981888,5930184,15130,95,91306,3093,100000
0$$HAR,13:49:03,420292541,-936457940,999333,7187116,11423,91,91109,3088,100000
0$$HAR,13:49:06,420293556,-936452049,1019040,7985731,18741,91,90913,3085,100000
0$$HAR,13:49:09,420295576,-936447131,1038186,3808164,13458,91,90721,3082,100000
0$$HAR,13:49:12,420297320,-936442282,1058928,7884560,19245,91,90529,3079,100000
0$$HAR,13:49:15,420297660,-936437306,1078570,8050770,6599,91,90331,3076,100000
0$$HAR,13:49:18,420298973,-936433448,1098438,6464083,18361,91,90129,3073,100000
0$$HAR,13:49:21,420300670,-936428183,1118105,6408388,9510,91,89930,3070,100000
0$$HAR,13:49:24,420301114,-936425198,1136800,9613962,12086,91,89730,3066,100000
0$$HAR,13:49:27,420301556,-936419547,1154794,7249781,16569,91,89530,3063,100000
0$$HAR,13:49:30,420303405,-936415718,1172845,4896463,9307,91,89332,3060,100000
0$$HAR,13:49:33,420304028,-936411244,1193944,9093614,16805,91,89131,3057,100000
0$$HAR,13:49:36,420304395,-936406968,1216163,4499191,7830,91,88929,3054,100000
0$$HAR,13:49:39,420305999,-936403610,1238684,8271268,15674,91,88727,3051,100000
0$$HAR,13:49:42,420306152,-936399009,1260109,5868056,6883,88,88516,3047,100000
0$$HAR,13:49:45,420307132,-936396856,1280043,9167282,9550,88,88310,3044,100000
0$$HAR,13:49:48,420307182,-936392692,1301966,7484233,14777,88,88101,3040,100000
0$$HAR,13:49:51,420308865,-936387975,1321218,5349265,10067,88,87890,3036,100000
0$$HAR,13:49:54,420309711,-936386040,1339969,8909424,7812,88,87682,3033,100000
0$$HAR,13:49:57,420310040,-936382010,1362405,7050941,13796,88,87486,3030,100000
0$$HAR,13:50:00,420312010,-936378494,1381973,4922302,6199,88,87277,3027,100000
0$$HAR,13:50:03,420311965,-936376222,1401061,8708620,10263,88,87068,3024,100000
0$$HAR,13:50:06,420313099,-936372073,1423780,6245238,10866,88,86860,3021,100000
0$$HAR,13:50:09,420312793,-936369371,1444161,11344716,9596,88,86651,3018,100000
0$$HAR,13:50:12,420313466,-936365177,1464916,5206777,14348,88,86449,3015,100000
0$$HAR,13:50:15,420314395,-936362009,1486545,11245592,8379,88,86236,3013,100000
0$$HAR,13:50:18,420314658,-936359742,1508832,3438961,11010,87,86025,3010,100000
0$$HAR,13:50:21,420315662,-936355641,1530662,11131554,12087,87,85806,3006,100000
0$$HAR,13:50:24,420315823,-936352958,1552833,4891850,10947,87,85593,3003,100000
0$$HAR,13:50:27,420316941,-936349206,1575090,10603512,9920,87,85376,3000,100000
0$$HAR,13:50:30,420316495,-936346948,1594499,6908674,8918,87,85160,2996,100000
0$$HAR,13:50:33,420318284,-936344158,1614338,3622893,9662,87,84943,2993,100000
0$$HAR,13:50:36,420319462,-936340898,1639980,9230110,11472,93,84726,2990,100000
0$$HAR,13:50:39,420319402,-936338260,1662667,3716104,3757,91,84517,2988,100000
0$$HAR,13:50:42,420320897,-936337021,1683595,6284629,11493,91,84304,2985,100000
0$$HAR,13:50:45,420321943,-936332787,1700903,6675949,9054,91,84089,2983,100000
0$$HAR,13:50:48,420323262,-936329384,1720836,5809378,12741,91,83893,2980,100000
0$$HAR,13:50:51,420325251,-936327067,1739791,2252133,4733,91,83694,2977,100000
0$$HAR,13:50:54,420325194,-936325397,1759979,9457992,8139,91,83491,2975,100000
0$$HAR,13:50:57,420325432,-936321986,1779379,8036177,11654,90,83294,2972,100000
0$$HAR,13:51:00,420327026,-936319291,1800546,1261798,6678,90,83105,2970,100000
0$$HAR,13:51:03,420327174,-936317741,1820770,10639228,9789,90,82906,2968,100000
0$$HAR,13:51:06,420327708,-936314610,1842744,4424179,9688,91,82711,2966,100000
0$$HAR,13:51:09,420329443,-936311927,1864916,8761466,6400,91,82512,2964,100000
0$$HAR,13:51:12,420328948,-936309460,1886651,7428742,10668,88,82312,2961,100000
0$$HAR,13:51:15,420330621,-936305689,1907217,7322149,7381,88,82109,2959,100000
0$$HAR,13:51:18,420330393,-936304060,1928572,6651571,6488,88,81900,2957,100000
0$$HAR,13:51:21,420331750,-936300638,1951036,7664226,12832,88,81697,2955,100000
0$$HAR,13:51:24,420331581,-936296282,1970334,10595210,7477,88,81492,2952,100000
0$$HAR,13:51:27,420331770,-936294511,1989457,6737201,8219,88,81300,2950,100000
0$$HAR,13:51:30,420332824,-936290339,2010630,7340865,15531,88,81105,2948,100000
0$$HAR,13:51:33,420333446,-936287018,2032792,7840351,1418,88,80908,2946,100000
0$$HAR,13:51:36,420334344,-936284841,2053752,7546749,14130,88,80709,2943,100000
0$$HAR,13:51:39,420335662,-936280949,2076715,4658392,5882,88,80502,2941,100000
0$$HAR,13:51:42,420336294,-936279360,2098025,6763176,11408,88,80304,2938,100000
0$$HAR,13:51:45,420338178,-936276030,2119023,2321505,8539,88,80101,2936,100000
0$$HAR,13:51:48,420339165,-936274354,2142165,8795316,11351,88,79900,2933,100000
0$$HAR,13:51:51,420339533,-936270244,2162993,6531160,6177,88,79693,2930,100000
0$$HAR,13:51:54,420340940,-936269026,2182347,5781609,8505,88,79495,2927,100000
0$$HAR,13:51:57,420341626,-936264925,2204399,7532302,8756,88,79288,2924,100000
0$$HAR,13:52:00,420342088,-936263963,2224916,7141703,2858,88,79086,2921,100000
0$$HAR,13:52:03,420342521,-936260411,2247303,6591607,12992,88,78885,2919,100000
0$$HAR,13:52:06,420343704,-936258087,2269934,7014981,2969,88,78690,2916,100000
0$$HAR,13:52:09,420343155,-936255711,2291854,7994910,10114,88,78492,2913,100000
0$$HAR,13:52:12,420344409,-936251241,2310285,7062481,11554,88,78289,2911,100000
0$$HAR,13:52:15,420345673,-936249011,2332528,2925206,10569,88,78092,2908,100000
0$$HAR,13:52:18,420347129,-936244864,2352123,9067594,13723,88,77902,2905,100000
0$$HAR,13:52:21,420347442,-936242116,2372283,4934154,4388,88,77717,2902,100000
0$$HAR,13:52:24,420348388,-936239847,2394003,8509570,10750,88,77530,2900,100000
0$$HAR,13:52:27,420348250,-936236382,2412975,7295173,9757,88,77339,2897,100000
0$$HAR,13:52:30,420350575,-936232456,2434061,4220453,11871,88,77150,2895,100000
0$$HAR,13:52:33,420351313,-936230697,2451966,6773526,6205,88,76962,2892,100000
0$$HAR,13:52:36,420353759,-936227025,2473802,4944704,14667,88,76775,2889,100000
0$$HAR,13:52:39,420354602,-936224560,2493693,7593092,4465,88,76590,2886,100000
0$$HAR,13:52:42,420356381,-936220890,2515181,5991512,18145,88,76405,2884,100000
0$$HAR,13:52:45,420358269,-936216590,2536720,5156789,9978,88,76225,2881,100000
0$$HAR,13:52:48,420360964,-936212950,2557852,3585364,16660,88,76038,2878,100000
0$$HAR,13:52:51,420362862,-936210820,2578311,6054488,4745,88,75843,2876,100000
0$$HAR,13:52:54,420364099,-936207128,2597728,5555389,17312,88,75655,2872,100000
0$$HAR,13:52:57,420366847,-936203789,2616823,2293875,9828,88,75474,2868,100000
0$$HAR,13:53:00,420369006,-936201621,2638128,6287272,11756,88,75291,2866,100000
0$$HAR,13:53:03,420370421,-936196992,2659150,5151800,16460,88,75106,2862,100000
0$$HAR,13:53:06,420373781,-936194207,2679026,2870230,11140,88,74927,2859,100000
0$$HAR,13:53:09,420375355,-936191592,2698964,6405609,7788,88,74745,2855,100000
0$$HAR,13:53:12,420376950,-936187769,2719692,5463218,17961,96,74564,2852,100000
0$$HAR,13:53:15,420379784,-936183920,2742616,4416833,7672,88,74389,2848,100000
1$$HAR,13:53:18,420380558,-936180387,2760527,6593049,14531,88,74196,2845,100000
0$$HAR,13:53:21,420383804,-936176493,2781866,3566683,14847,88,74010,2842,100000
0$$HAR,13:53:24,420385424,-936173332,2805571,6710120,8638,88,73825,2838,100000
0$$HAR,13:53:27,420387508,-936171611,2826410,1594116,14882,88,73644,2835,100000
0$$HAR,13:53:30,420390995,-936168658,2844492,4795270,13782,88,73462,2831,100000
0$$HAR,13:53:33,420393122,-936165550,2867778,4525728,7601,88,73287,2828,100000
0$$HAR,13:53:36,420394935,-936164095,2889204,3415072,15284,88,73101,2825,100000
0$$HAR,13:53:39,420398267,-936159754,2907872,4960991,11533,88,72919,2821,100000
1$$HAR,13:53:42,420399737,-936157633,2928676,4917396,8738,88,72739,2818,100000
0$$HAR,13:53:45,420402086,-936155684,2949994,768806,11475,88,72556,2815,100000
0$$HAR,13:53:48,420405112,-936154115,2971661,4968996,15161,88,72383,2813,100000
0$$HAR,13:53:51,420407856,-936149731,2992012,3281297,12193,88,72199,2810,100000
0$$HAR,13:53:54,420410386,-936148647,3010940,1289817,7504,88,72022,2807,100000
0$$HAR,13:53:57,420411892,-936146371,3030735,6744926,13045,88,71847,2803,100000
0$$HAR,13:54:00,420413884,-936143271,3052264,1296596,7301,88,71670,2801,100000
0$$HAR,13:54:03,420416046,-936142440,3072149,3541345,14012,88,71492,2798,100000
0$$HAR,13:54:06,420419440,-936139046,3089828,3421888,12527,88,71312,2795,100000
0$$HAR,13:54:09,420421590,-936137515,3112102,1130518,5411,88,71136,2792,100000
0$$HAR,13:54:12,420423489,-936134822,3135389,4605425,18554,90,70962,2789,100000
0$$HAR,13:54:15,420426719,-936132294,3155116,1085380,6709,88,70778,2785,100000
0$$HAR,13:54:18,420428672,-936131043,3177309,3404184,12749,88,70604,2782,100000
0$$HAR,13:54:21,420431829,-936128149,3198775,4157117,15741,89,70424,2779,100000
0$$HAR,13:54:24,420433908,-936124367,3217321,4452165,7920,89,70242,2776,100000
0$$HAR,13:54:27,420436243,-936123395,3238312,1361958,11998,89,70072,2772,100000
0$$HAR,13:54:30,420439480,-936120244,3256043,5502515,14002,89,69896,2769,100000
0$$HAR,13:54:33,420441670,-936118236,3278489,713953,10217,89,69723,2766,100000
1$$HAR,13:54:36,420443674,-936117636,3298379,5776744,6233,89,69554,2762,100000
0$$HAR,13:54:39,420444892,-936114378,3317939,4878510,14252,89,69378,2757,100000
0$$HAR,13:54:42,420448083,-936112006,3337295,2780962,9947,89,69203,2754,100000
0$$HAR,13:54:45,420449084,-936109617,3357564,7064712,6927,89,69034,2750,100000
0$$HAR,13:54:48,420451832,-936107073,3378676,2284669,16107,89,68860,2746,100000
0$$HAR,13:54:51,420453250,-936104831,3400699,8786810,6287,89,68683,2743,100000
0$$HAR,13:54:54,420455896,-936103042,3423284,2255352,17899,89,68505,2739,100000
0$$HAR,13:54:57,420458007,-936100480,3444552,7021198,3644,89,68334,2735,100000
0$$HAR,13:55:00,420460073,-936099546,3464840,1453498,14486,89,68157,2731,100000
0$$HAR,13:55:03,420463178,-936097640,3484438,4798776,10113,89,67981,2726,100000
0$$HAR,13:55:06,420464701,-936095522,3507147,1146114,6233,89,67808,2722,100000
0$$HAR,13:55:09,420467318,-936094790,3528875,3381558,14634,89,67634,2717,100000
0$$HAR,13:55:12,420469990,-936090800,3549140,3878928,9843,89,67455,2712,100000
0$$HAR,13:55:15,420472070,-936089877,3571343,3475136,7766,89,67282,2707,100000
0$$HAR,13:55:18,420474227,-936085795,3593616,5769174,15366,89,67106,2701,100000
0$$HAR,13:55:21,420476224,-936083915,3618557,4154813,7471,89,66928,2696,100000
0$$HAR,13:55:24,420477753,-936079589,3638727,5466495,14915,90,66746,2691,100000
0$$HAR,13:55:27,420480010,-936078274,3660461,2777458,4433,89,66568,2686,100000
0$$HAR,13:55:30,420481308,-936075282,3682873,4321995,14983,90,66390,2681,100000
0$$HAR,13:55:33,420484443,-936072751,3703511,1620590,9638,89,66212,2675,100000
0$$HAR,13:55:36,420486113,-936071353,3724968,4541259,11210,89,66041,2668,100000
0$$HAR,13:55:39,420489262,-936068442,3745172,2155187,14457,89,65866,2661,100000
0$$HAR,13:55:42,420491508,-936067226,3765029,4298362,4520,89,65694,2655,100000
0$$HAR,13:55:45,420492406,-936064687,3784602,4782507,11030,91,65527,2650,100000
0$$HAR,13:55:48,420495041,-936061606,3807580,2187464,14801,91,65359,2644,100000
0$$HAR,13:55:51,420497336,-936060796,3826329,4689541,5001,89,65190,2640,100000
0$$HAR,13:55:54,420498743,-936058027,3848012,4491752,13866,89,65027,2636,100000
0$$HAR,13:55:57,420501650,-936054946,3870378,3361627,6986,89,64859,2632,100000
0$$HAR,13:56:00,420502641,-936053305,3893732,4656615,12433,89,64683,2628,100000
0$$HAR,13:56:03,420505750,-936049789,3915196,3820998,8629,89,64509,2624,100000
0$$HAR,13:56:06,420506776,-936048577,3936130,3061939,9743,89,64333,2621,100000
0$$HAR,13:56:09,420509134,-936045188,3958584,7297209,13223,89,64161,2616,100000
0$$HAR,13:56:12,420510265,-936042752,3980269,1171512,9013,89,63990,2613,100000
0$$HAR,13:56:15,420512645,-936041638,4000393,4896028,8927,89,63820,2608,100000
0$$HAR,13:56:18,420514396,-936037904,4021574,5601007,12817,89,63649,2603,100000
0$$HAR,13:56:21,420515212,-936035794,4041468,7724640,1630,89,63482,2598,100000
0$$HAR,13:56:24,420516888,-936033577,4064594,4030337,13587,89,63314,2593,100000
0$$HAR,13:56:27,420519195,-936031844,4087614,3262874,3984,89,63142,2588,100000
0$$HAR,13:56:30,420519570,-936029478,4107021,6181186,11917,89,62970,2580,100000
0$$HAR,13:56:33,420521814,-936025968,4131455,4306483,7741,89,62802,2573,100000
0$$HAR,13:56:36,420523086,-936025152,4152464,3599883,9683,89,62632,2568,100000
0$$HAR,13:56:39,420525431,-936021365,4176665,6608820,11917,89,62463,2562,100000
0$$HAR,13:56:42,420526668,-936018618,4203412,2692663,10913,89,62293,2557,100000
0$$HAR,13:56:45,420529968,-936016250,4225846,5373748,14988,89,62115,2552,100000
0$$HAR,13:56:48,420531012,-936012235,4246324,4694721,8021,89,61941,2547,100000
0$$HAR,13:56:51,420533409,-936010948,4266387,2785435,8720,89,61770,2542,100000
0$$HAR,13:56:54,420534718,-936008813,4288979,6647610,11985,89,61602,2538,100000
0$$HAR,13:56:57,420536871,-936004149,4307687,4423854,11510,89,61434,2532,100000
0$$HAR,13:57:00,420539048,-936002083,4328842,2513210,13193,89,61268,2528,100000
0$$HAR,13:57:03,420542078,-935999613,4350643,5943082,9471,89,61106,2522,100000
0$$HAR,13:57:06,420542851,-935995985,4371889,6301129,14833,89,60936,2517,100000
0$$HAR,13:57:09,420545565,-935993490,4393951,343532,6700,89,60772,2512,100000
0$$HAR,13:57:12,420546704,-935991843,4413169,7212747,10875,89,60604,2506,100000
0$$HAR,13:57:15,420548204,-935988398,4436642,3476995,8025,89,60445,2502,100000
0$$HAR,13:57:18,420550483,-935987553,4457055,2943271,13900,89,60279,2496,100000
0$$HAR,13:57:21,420553143,-935983217,4475405,5637010,12442,89,60113,2491,100000
0$$HAR,13:57:24,420555378,-935980701,4500490,4521035,8341,89,59953,2486,100000
0$$HAR,13:57:27,420555999,-935979126,4522986,3188557,7250,89,59781,2480,100000
0$$HAR,13:57:30,420559142,-935976195,4544745,3773067,15728,89,59620,2475,100000
0$$HAR,13:57:33,420560595,-935972840,4566123,8125436,9738,89,59458,2468,100000
0$$HAR,13:57:36,420561977,-935970546,4587954,3096983,7654,89,59296,2462,100000
0$$HAR,13:57:39,420563803,-935969691,4605809,2065240,8701,89,59136,2458,100000
0$$HAR,13:57:42,420566684,-935967287,4626544,4482397,15643,89,58982,2453,100000
0$$HAR,13:57:45,420568180,-935962913,4647285,6970466,8927,89,58828,2449,100000
0$$HAR,13:57:48,420569763,-935961387,4667721,2049547,8825,89,58672,2444,100000
0$$HAR,13:57:51,420572159,-935957832,4689351,5551801,17554,89,58518,2438,100000
0$$HAR,13:57:54,420573780,-935955260,4711911,3975721,2311,89,58360,2432,100000
0$$HAR,13:57:57,420575441,-935952834,4734673,5433067,17491,89,58204,2426,100000
0$$HAR,13:58:00,420576517,-935948788,4756338,9162608,3671,89,58045,2420,100000
0$$HAR,13:58:03,420577580,-935945751,4779632,7051440,15572,89,57885,2413,100000
0$$HAR,13:58:06,420580053,-935942585,4800429,1050865,12573,89,57718,2408,100000
0$$HAR,13:58:09,420581451,-935939446,4823006,8673700,14577,89,57560,2402,100000
0$$HAR,13:58:12,420583906,-935935370,4845629,2409885,11677,89,57393,2396,100000
0$$HAR,13:58:15,420584490,-935932221,4869308,9426232,14353,108,57231,2390,100000
0$$HAR,13:58:18,420586998,-935928387,4891344,1874299,9924,91,57066,2382,100000
0$$HAR,13:58:21,420588796,-935924830,4915309,5783272,17952,91,56908,2375,100000
0$$HAR,13:58:24,420591460,-935920394,4938639,4812376,9200,91,56743,2369,100000
0$$HAR,13:58:27,420592977,-935918738,4959121,4798700,11261,91,56578,2363,100000
0$$HAR,13:58:30,420595028,-935913710,4980011,6138731,15060,91,56418,2356,100000
0$$HAR,13:58:33,420596545,-935911148,5001964,5991818,4052,91,56258,2351,100000
0$$HAR,13:58:36,420597198,-935907242,5023381,7154455,16221,91,56105,2343,100000
0$$HAR,13:58:39,420599070,-935902677,5041627,4154189,11930,91,55947,2337,100000
0$$HAR,13:58:42,420600457,-935899389,5064930,10002666,11310,89,55801,2332,100000
0$$HAR,13:58:45,420600518,-935895936,5089977,5191939,11065,89,55648,2327,100000
0$$HAR,13:58:48,420601996,-935891226,5110665,9295346,15590,89,55491,2322,100000
0$$HAR,13:58:51,420601841,-935887441,5131893,5436578,8217,89,55335,2317,100000
0$$HAR,13:58:54,420602875,-935884740,5155047,9676746,12511,89,55182,2312,100000
0$$HAR,13:58:57,420602414,-935879830,5177666,7004995,10821,89,55023,2307,100000
0$$HAR,13:59:00,420603942,-935876895,5200413,9204914,11516,89,54865,2301,100000
0$$HAR,13:59:03,420602922,-935871758,5220177,9937636,11662,89,54705,2295,100000
0$$HAR,13:59:06,420603609,-935868951,5243502,7117097,11331,89,54553,2289,100000
0$$HAR,13:59:09,420603430,-935863357,5262967,9120242,13872,89,54394,2283,100000
0$$HAR,13:59:12,420604442,-935860172,5286404,7493819,7045,89,54241,2276,100000
0$$HAR,13:59:15,420604524,-935856546,5311496,8338162,16055,89,54089,2268,100000
0$$HAR,13:59:18,420604733,-935851169,5334308,9851312,6603,89,53932,2261,100000
0$$HAR,13:59:21,420603926,-935849024,5355866,10659634,11729,89,53777,2253,100000
0$$HAR,13:59:24,420603713,-935843997,5377473,7382109,13589,89,53626,2245,100000
0$$HAR,13:59:27,420604760,-935841233,5396503,9425404,5854,89,53474,2239,100000
0$$HAR,13:59:30,420604109,-935838161,5419259,12104442,11018,89,53329,2231,100000
0$$HAR,13:59:33,420603123,-935834266,5443124,8401930,8367,89,53181,2225,100000
0$$HAR,13:59:36,420602707,-935830723,5466096,11298026,15361,89,53028,2218,100000
0$$HAR,13:59:39,420600992,-935826673,5483343,12183186,6359,89,52872,2213,100000
0$$HAR,13:59:42,420600649,-935824576,5506618,8572222,7415,89,52728,2207,100000
0$$HAR,13:59:45,420601095,-935820967,5527018,7798721,14950,89,52576,2203,100000
0$$HAR,13:59:48,420600458,-935816541,5548567,13399202,10628,89,52426,2197,100000
0$$HAR,13:59:51,420599145,-935814242,5570094,8418504,5386,89,52280,2194,100000
0$$HAR,13:59:54,420599703,-935811194,5593143,9327252,13274,89,52129,2188,100000
0$$HAR,13:59:57,420598374,-935806683,5610935,11723498,9496,89,51980,2182,100000
0$$HAR,14:00:00,420597355,-935804334,5632859,14065736,4722,89,51838,2177,100000
1$$HAR,14:00:03,420596980,-935802907,5653237,9559632,7089,89,51694,2173,100000
0$$HAR,14:00:06,420596457,-935800374,5679605,11390562,9433,89,51555,2167,100000
0$$HAR,14:00:09,420595547,-935795404,5698705,9582832,14860,89,51406,2163,100000
0$$HAR,14:00:12,420595399,-935792927,5719588,8429440,3554,89,51261,2158,100000
0$$HAR,14:00:15,420594444,-935791047,5739196,14310602,9919,89,51119,2151,100000
0$$HAR,14:00:18,420593564,-935787680,5762341,8448478,12443,89,50981,2148,100000
0$$HAR,14:00:21,420593510,-935784743,5782920,14382608,4915,89,50839,2144,100000
0$$HAR,14:00:24,420591914,-935782739,5805370,10914876,13412,89,50698,2140,100000
0$$HAR,14:00:27,420590476,-935779208,5828094,14338132,4666,89,50553,2135,100000
0$$HAR,14:00:30,420588877,-935778011,5849773,13029788,13993,89,50409,2130,100000
0$$HAR,14:00:33,420587596,-935774037,5872382,8356998,5760,89,50263,2125,100000
0$$HAR,14:00:36,420587325,-935772505,5893771,14078064,5837,89,50116,2121,100000
0$$HAR,14:00:39,420587389,-935770436,5913296,7828969,10996,89,49975,2115,100000
0$$HAR,14:00:42,420586425,-935766852,5936955,13025944,10204,89,49836,2109,100000
0$$HAR,14:00:45,420584390,-935763174,5958749,11991802,13616,95,49695,2104,100000
0$$HAR,14:00:48,420584181,-935758613,5979599,6122611,12023,89,49554,2099,100000
0$$HAR,14:00:51,420583703,-935756433,5999542,14062486,10498,89,49411,2095,100000
0$$HAR,14:00:54,420582286,-935752374,6020185,10195720,15906,89,49273,2088,100000
0$$HAR,14:00:57,420581677,-935747488,6042172,9584610,8979,89,49135,2084,100000
0$$HAR,14:01:00,420581343,-935745115,6065241,13232850,9352,89,49001,2081,100000
0$$HAR,14:01:03,420579200,-935740398,6084917,9951222,15818,89,48859,2078,100000
0$$HAR,14:01:06,420579431,-935735247,6104640,8662328,14661,89,48723,2074,100000
0$$HAR,14:01:09,420579088,-935731036,6128378,11507252,7518,89,48589,2070,100000
0$$HAR,14:01:12,420577727,-935727922,6150514,10527124,17341,89,48454,2068,100000
0$$HAR,14:01:15,420577672,-935721465,6171332,8968364,12307,89,48316,2065,100000
0$$HAR,14:01:18,420578031,-935717832,6190751,6850520,12392,89,48180,2060,100000
0$$HAR,14:01:21,420578811,-935712785,6212034,8698196,16865,89,48050,2057,100000
0$$HAR,14:01:24,420578772,-935705744,6232476,8485454,16508,89,47921,2055,100000
0$$HAR,14:01:27,420579852,-935700890,6255123,7938326,14048,89,47789,2052,100000
0$$HAR,14:01:30,420578562,-935695614,6275488,11609350,17300,89,47658,2048,100000
0$$HAR,14:01:33,420578687,-935689380,6296363,7834224,19745,89,47526,2045,100000
0$$HAR,14:01:36,420578112,-935683384,6318103,11854344,15464,89,47394,2042,100000
0$$HAR,14:01:39,420576825,-935679050,6336958,9514904,9689,89,47266,2039,100000
0$$HAR,14:01:42,420576934,-935675392,6358729,7696310,13778,89,47140,2036,100000
0$$HAR,14:01:45,420577595,-935668920,6380102,9747892,18309,89,47010,2031,100000
0$$HAR,14:01:48,420576302,-935663994,6401265,9602240,12504,89,46881,2028,100000
0$$HAR,14:01:51,420577515,-935659111,6421209,7040745,13956,90,46749,2023,100000
0$$HAR,14:01:54,420577392,-935655350,6443222,10412084,9025,89,46620,2019,100000
0$$HAR,14:01:57,420576449,-935649359,6463135,8693768,20879,89,46489,2016,100000
0$$HAR,14:02:00,420577067,-935644722,6483554,8540104,8402,89,46358,2012,100000
0$$HAR,14:02:03,420576703,-935641103,6503443,10689550,12020,89,46229,2008,100000
0$$HAR,14:02:06,420576609,-935635086,6525682,8048409,21631,91,46101,2005,100000
0$$HAR,14:02:09,420577113,-935629375,6547079,9882400,9073,89,45973,2001,100000
0$$HAR,14:02:12,420576671,-935625192,6567235,7746695,14709,89,45844,1997,100000
0$$HAR,14:02:15,420577454,-935620862,6588621,9289726,14166,89,45718,1992,100000
0$$HAR,14:02:18,420576180,-935614165,6611504,10591320,20759,89,45590,1988,100000
0$$HAR,14:02:21,420576693,-935607153,6631746,6844687,18188,89,45464,1984,100000
0$$HAR,14:02:24,420576712,-935601528,6653678,10351352,13571,89,45333,1981,100000
0$$HAR,14:02:27,420575332,-935595774,6674658,10624016,21971,89,45207,1977,100000
0$$HAR,14:02:30,420575313,-935589541,6696353,7014440,15073,89,45082,1973,100000
0$$HAR,14:02:33,420575606,-935582723,6719547,10736390,21358,89,44955,1968,100000
0$$HAR,14:02:36,420573986,-935575315,6739583,10015606,20663,89,44828,1962,100000
0$$HAR,14:02:39,420574411,-935568936,6761741,7253814,17298,89,44702,1956,100000
0$$HAR,14:02:42,420574273,-935560768,6782600,10622644,24421,89,44574,1950,100000
1$$HAR,14:02:45,420573215,-935554519,6804569,10259776,13272,89,44447,1943,100000
0$$HAR,14:02:48,420572530,-935548812,6830188,9470368,22212,89,44322,1938,100000
0$$HAR,14:02:51,420572289,-935540247,6849899,9043648,20937,89,44188,1931,100000
0$$HAR,14:02:54,420572867,-935534394,6870163,7351305,12246,89,44062,1925,100000
0$$HAR,14:02:57,420572453,-935528773,6894437,10497078,16090,89,43939,1920,100000
0$$HAR,14:03:00,420571491,-935522488,6918824,10224952,23202,89,43814,1915,100000
0$$HAR,14:03:03,420569649,-935515320,6939064,10119510,12293,89,43684,1910,100000
0$$HAR,14:03:06,420569438,-935510465,6959301,10532650,18439,89,43555,1904,100000
0$$HAR,14:03:09,420567932,-935503440,6982017,9528746,21201,89,43430,1899,100000
0$$HAR,14:03:12,420568449,-935496770,7003621,7860686,17277,89,43306,1892,100000
0$$HAR,14:03:15,420568743,-935491271,7024612,10921642,11757,94,43180,1887,100000
1$$HAR,14:03:18,420567663,-935485839,7046081,8679178,19546,89,43053,1881,100000
0$$HAR,14:03:21,420568732,-935478771,7065540,7497674,16149,89,42925,1876,100000
0$$HAR,14:03:24,420568383,-935474096,7086365,10310014,16120,89,42799,1871,100000
0$$HAR,14:03:24,420568383,-935474096,7086365,10310014,16120,89,42675,1864,100000
0$$HAR,14:03:30,420566767,-935459395,7129287,8740152,20197,89,42553,1860,100000
0$$HAR,14:03:33,420567625,-935453301,7150713,9097828,11674,89,42432,1855,100000
0$$HAR,14:03:36,420566108,-935447877,7172690,11089038,20589,89,42311,1851,100000
0$$HAR,14:03:39,420565423,-935440738,7195452,8828500,19269,89,42189,1846,100000
0$$HAR,14:03:42,420565469,-935433529,7217833,9558874,21281,89,42068,1841,100000
0$$HAR,14:03:45,420564525,-935428194,7240893,11850778,10552,89,41948,1835,100000
0$$HAR,14:03:48,420563810,-935423926,7261680,8913282,18562,89,41824,1830,100000
0$$HAR,14:03:51,420563396,-935416690,7283481,10108570,22073,89,41702,1824,100000
0$$HAR,14:03:54,420561605,-935409488,7302000,11018240,15583,89,41581,1820,100000
0$$HAR,14:03:57,420560566,-935404420,7326845,9414254,14564,89,41461,1815,100000
0$$HAR,14:04:00,420561492,-935398028,7348448,8933860,19607,89,41337,1809,100000
0$$HAR,14:04:03,420559878,-935392115,7369233,11646712,15532,89,41214,1805,100000
0$$HAR,14:04:06,420558708,-935385771,7393867,10362770,21286,89,41094,1800,100000
0$$HAR,14:04:09,420559019,-935379773,7416066,5966050,15253,89,40967,1794,100000
0$$HAR,14:04:12,420558708,-935373958,7439201,11705440,21324,89,40843,1788,100000
0$$HAR,14:04:12,420558708,-935373958,7439201,11705440,21324,89,40718,1782,100000
0$$HAR,14:04:18,420557819,-935360417,7484231,10343562,19404,89,40594,1774,100000
0$$HAR,14:04:21,420556332,-935355916,7507207,12465824,15893,89,40468,1767,100000
0$$HAR,14:04:24,420555017,-935348530,7532596,8702648,18968,89,40344,1761,100000
0$$HAR,14:04:27,420554436,-935344064,7552253,11839156,12483,89,40216,1754,100000
0$$HAR,14:04:30,420552817,-935339070,7575393,11213982,17391,89,40094,1748,100000
0$$HAR,14:04:33,420552009,-935331735,7596822,9152818,22896,89,39973,1742,100000
0$$HAR,14:04:36,420550470,-935324503,7619274,11731616,16329,89,39853,1737,100000
0$$HAR,14:04:39,420550225,-935319455,7641757,9135746,13842,89,39733,1732,100000
0$$HAR,14:04:42,420548302,-935314769,7663157,12864926,14369,89,39610,1727,100000
0$$HAR,14:04:45,420546238,-935309584,7683102,11904954,21175,89,39490,1720,100000
0$$HAR,14:04:48,420544885,-935303398,7706446,8395904,14911,89,39375,1714,100000
0$$HAR,14:04:51,420545027,-935297502,7727301,11169648,16294,89,39255,1708,100000
0$$HAR,14:04:54,420542759,-935291862,7751256,11481664,21202,89,39135,1702,100000
0$$HAR,14:04:57,420540443,-935284627,7771528,10019064,19765,89,39017,1695,100000
0$$HAR,14:05:00,420540166,-935278970,7794870,10688602,12110,89,38900,1689,100000
0$$HAR,14:05:03,420539044,-935273797,7821305,9640844,18035,89,38782,1682,100000
0$$HAR,14:05:06,420537682,-935266052,7841355,11194090,23114,89,38657,1677,100000
0$$HAR,14:05:09,420535559,-935260830,7862650,12373520,13777,89,38535,1673,100000
0$$HAR,14:05:12,420534257,-935255941,7884015,9282292,13856,89,38415,1669,100000
0$$HAR,14:05:15,420534451,-935249812,7904036,9008286,20592,89,38302,1663,100000
0$$HAR,14:05:18,420533797,-935242180,7924844,10450538,18351,89,38190,1660,100000
0$$HAR,14:05:21,420531931,-935237210,7945327,12461228,14621,89,38077,1655,100000
0$$HAR,14:05:24,420530883,-935231162,7969146,8844450,21638,89,37966,1652,100000
0$$HAR,14:05:27,420529805,-935223895,7992248,12199806,15558,89,37854,1648,100000
0$$HAR,14:05:30,420527563,-935219142,8011909,10682540,17396,89,37739,1644,100000
0$$HAR,14:05:33,420527070,-935212883,8035164,8907684,19509,89,37624,1640,100000
0$$HAR,14:05:36,420525968,-935204838,8055996,10579470,22617,89,37510,1636,100000
0$$HAR,14:05:39,420525385,-935196877,8073283,9376228,21166,89,37397,1633,100000
0$$HAR,14:05:42,420524462,-935190794,8097305,10281444,13262,89,37291,1630,100000
0$$HAR,14:05:45,420522135,-935186334,8121527,13095240,17551,125,37181,1627,100000
1$$HAR,14:05:48,420520946,-935178071,8142872,9411698,17729,94,37068,1625,100000
0$$HAR,14:05:51,420520699,-935172218,8160680,9777586,14917,94,36955,1619,100000
0$$HAR,14:05:54,420519148,-935167406,8182065,11975940,17123,94,36848,1617,100000
0$$HAR,14:05:57,420517507,-935159737,8205428,9480782,25211,94,36738,1611,100000
0$$HAR,14:06:00,420517266,-935153319,8226756,10582220,12739,94,36626,1608,100000
0$$HAR,14:06:03,420515478,-935147768,8249589,11123552,21475,94,36517,1604,100000
0$$HAR,14:06:06,420514400,-935140325,8273526,8629874,16735,94,36404,1597,100000
0$$HAR,14:06:09,420514193,-935135361,8293593,11657562,16877,94,36291,1589,100000
0$$HAR,14:06:12,420511930,-935129407,8316288,10659668,16488,91,36181,1582,100000
0$$HAR,14:06:15,420511633,-935124014,8339136,8229691,15298,91,36068,1577,100000
0$$HAR,14:06:18,420511895,-935117405,8358369,10037840,22443,91,35957,1570,100000
0$$HAR,14:06:21,420510273,-935109576,8379803,11303136,19970,91,35848,1565,100000
0$$HAR,14:06:24,420508416,-935104648,8400875,9879416,12515,91,35738,1559,100000
0$$HAR,14:06:27,420508247,-935099224,8422490,9510820,15577,91,35630,1553,100000
0$$HAR,14:06:30,420508746,-935093091,8440497,8789626,20406,91,35524,1547,100000
0$$HAR,14:06:33,420507573,-935085774,8464310,11406248,17762,91,35422,1542,100000
0$$HAR,14:06:36,420505660,-935080987,8484716,10508490,16833,91,35317,1539,100000
0$$HAR,14:06:39,420505462,-935074449,8508272,7994831,19439,91,35212,1532,100000
0$$HAR,14:06:42,420504732,-935066511,8530604,11239812,22693,90,35105,1527,100000
0$$HAR,14:06:45,420502730,-935060841,8552109,10696182,12014,90,34998,1521,100000
0$$HAR,14:06:48,420502481,-935055354,8574484,8791470,19667,90,34889,1515,100000
0$$HAR,14:06:51,420501692,-935047221,8596790,10872674,20658,90,34781,1508,100000
0$$HAR,14:06:54,420500536,-935042113,8621215,9555984,12756,90,34672,1498,100000
0$$HAR,14:06:57,420500124,-935034247,8644013,9466036,26405,90,34559,1491,100000
0$$HAR,14:07:00,420498932,-935026695,8666385,11387318,19980,90,34446,1483,100000
0$$HAR,14:07:03,420497277,-935021507,8689646,9332342,11038,90,34337,1476,100000
0$$HAR,14:07:06,420497299,-935016177,8710842,9729514,17625,90,34228,1470,100000
0$$HAR,14:07:09,420496861,-935008208,8733647,10187950,25792,90,34119,1464,100000
0$$HAR,14:07:12,420494737,-935001477,8756135,11386092,15992,90,34010,1457,100000
0$$HAR,14:07:15,420493745,-934996416,8777796,10144568,14667,90,33900,1452,100000
0$$HAR,14:07:18,420493604,-934988959,8802050,8822536,26476,90,33794,1444,100000
0$$HAR,14:07:21,420492033,-934981111,8823414,12032716,20357,92,33684,1439,100000
0$$HAR,14:07:24,420490604,-934975373,8845740,9009374,13284,90,33576,1432,100000
0$$HAR,14:07:27,420490612,-934968968,8869254,9663362,23272,90,33470,1426,100000
0$$HAR,14:07:30,420489298,-934960586,8888887,10570920,20423,90,33362,1419,100000
0$$HAR,14:07:33,420487524,-934954319,8912678,11413960,13930,90,33258,1412,100000
1$$HAR,14:07:36,420487584,-934949076,8933447,8614950,20954,90,33152,1407,100000
0$$HAR,14:07:39,420487197,-934941383,8957293,10500792,19760,90,33049,1401,100000
0$$HAR,14:07:42,420484841,-934935518,8979460,11402450,13713,90,32943,1394,100000
0$$HAR,14:07:45,420484841,-934929718,9000923,8741900,20800,90,32837,1385,100000
0$$HAR,14:07:48,420483806,-934922247,9022816,11225596,23131,90,32735,1379,100000
0$$HAR,14:07:51,420481631,-934915771,9046395,11037832,13128,90,32632,1373,100000
0$$HAR,14:07:54,420480974,-934910363,9071845,10267130,22775,90,32527,1367,100000
0$$HAR,14:07:57,420479072,-934901867,9092486,10746102,20242,90,32419,1362,100000
0$$HAR,14:08:00,420476487,-934895811,9113782,13155342,19553,90,32312,1358,100000
0$$HAR,14:08:03,420474916,-934890998,9137438,9185418,17534,90,32207,1350,100000
0$$HAR,14:08:06,420474269,-934883354,9156872,10540206,21230,90,32103,1345,100000
0$$HAR,14:08:09,420472247,-934876590,9181021,12009176,18946,90,32003,1340,100000
0$$HAR,14:08:12,420471319,-934872470,9201694,8062773,11600,90,31901,1335,100000
0$$HAR,14:08:15,420470982,-934866333,9223992,9610440,20418,91,31798,1331,100000
0$$HAR,14:08:18,420469711,-934860498,9247671,13157746,13647,90,31699,1328,100000
0$$HAR,14:08:21,420468165,-934856464,9270299,10085510,14856,90,31596,1324,100000
0$$HAR,14:08:24,420466709,-934850000,9298479,9447854,21463,92,31493,1321,100000
0$$HAR,14:08:27,420467491,-934843679,9317768,9010026,13080,90,31383,1315,100000
0$$HAR,14:08:30,420466136,-934839209,9338684,11265866,13248,90,31278,1311,100000
0$$HAR,14:08:33,420465334,-934832341,9362578,9100834,22493,90,31174,1305,100000
0$$HAR,14:08:36,420465665,-934827220,9384813,9412440,9319,90,31068,1298,100000
0$$HAR,14:08:39,420464036,-934821876,9407633,11668640,20695,90,30966,1292,100000
0$$HAR,14:08:42,420462810,-934816012,9433085,8917920,15990,90,30863,1285,100000
0$$HAR,14:08:45,420463352,-934810439,9453339,8638054,13604,90,30758,1278,100000
0$$HAR,14:08:48,420462852,-934806117,9477570,12407806,11203,90,30658,1271,100000
0$$HAR,14:08:51,420460710,-934800244,9498110,9745212,21191,90,30557,1266,100000
0$$HAR,14:08:54,420460801,-934794004,9519818,9091868,14903,90,30457,1260,100000
0$$HAR,14:08:57,420461372,-934788853,9539224,7498856,14462,90,30357,1254,100000
0$$HAR,14:09:00,420460422,-934782855,9562646,11586228,20635,90,30264,1249,100000
0$$HAR,14:09:03,420458698,-934777583,9585475,9911128,10727,90,30166,1244,100000
0$$HAR,14:09:06,420459013,-934773484,9605019,8148342,14562,90,30068,1238,100000
0$$HAR,14:09:09,420458622,-934767121,9628230,10776812,19553,90,29974,1231,100000
0$$HAR,14:09:12,420456647,-934761815,9652594,11456260,12166,90,29878,1228,100000
0$$HAR,14:09:15,420455768,-934758383,9674557,9763184,12124,90,29782,1222,100000
0$$HAR,14:09:18,420455734,-934751779,9696725,9359770,20832,90,29684,1215,100000
0$$HAR,14:09:21,420454465,-934746475,9720423,12178788,11177,90,29587,1207,100000
0$$HAR,14:09:24,420452943,-934742653,9742820,10211036,15896,90,29490,1201,100000
0$$HAR,14:09:27,420452868,-934735991,9763794,8082115,19082,90,29392,1196,100000
0$$HAR,14:09:30,420453078,-934731523,9784163,11735016,10244,90,29296,1192,100000
0$$HAR,14:09:33,420452419,-934727094,9808592,8896194,17571,90,29202,1188,100000
0$$HAR,14:09:36,420452172,-934720255,9830080,10582864,14638,90,29105,1184,100000
0$$HAR,14:09:39,420450447,-934716128,9850636,11553852,9962,90,29009,1177,100000
0$$HAR,14:09:42,420450904,-934712162,9872608,7181676,15170,90,28913,1172,100000
0$$HAR,14:09:45,420451274,-934705802,9895062,10022302,17993,90,28819,1165,100000
0$$HAR,14:09:48,420450082,-934700657,9915580,11269514,11456,90,28724,1160,100000
0$$HAR,14:09:51,420450170,-934697429,9936796,6338037,9991,90,28633,1153,100000
0$$HAR,14:09:54,420451693,-934692740,9959130,7715426,16851,90,28540,1148,100000
0$$HAR,14:09:57,420451231,-934686606,9979929,10780424,15756,90,28449,1140,100000
0$$HAR,14:10:00,420450982,-934682687,10002272,7750391,9759,90,28357,1134,100000
0$$HAR,14:10:03,420452388,-934678770,10025382,7207197,15128,90,28265,1128,100000
0$$HAR,14:10:06,420452881,-934672215,10047282,9664918,19351,90,28174,1122,100000
0$$HAR,14:10:09,420452524,-934667567,10070121,8040950,8165,90,28082,1116,100000
0$$HAR,14:10:12,420453321,-934664328,10092698,8013744,12645,90,27989,1110,100000
0$$HAR,14:10:15,420453298,-934658273,10115160,9024594,21473,90,27897,1103,100000
0$$HAR,14:10:18,420453612,-934652878,10141145,7967714,7836,90,27802,1094,100000
0$$HAR,14:10:21,420455289,-934649575,10160314,6277262,17692,90,27706,1085,100000
0$$HAR,14:10:24,420456763,-934643900,10181217,6914558,16457,90,27614,1076,100000
0$$HAR,14:10:27,420458654,-934639328,10203344,6519646,9860,90,27523,1067,100000
0$$HAR,14:10:30,420459860,-934635865,10225797,7104330,15490,90,27433,1056,100000
0$$HAR,14:10:33,420460258,-934628954,10248051,8777756,19684,90,27341,1048,100000
0$$HAR,14:10:36,420461641,-934622447,10269951,7346162,21147,90,27248,1038,100000
0$$HAR,14:10:39,420461707,-934615241,10289716,9988758,19489,90,27158,1032,100000
0$$HAR,14:10:42,420460982,-934609862,10307743,10387708,11033,90,27069,1025,100000
0$$HAR,14:10:45,420461150,-934606572,10330253,5704081,11596,108,26984,1017,100000
0$$HAR,14:10:48,420463010,-934601521,10352316,7198137,16258,95,26898,1009,100000
0$$HAR,14:10:51,420462901,-934595135,10375567,10578082,17407,95,26812,1002,100000
0$$HAR,14:10:54,420462168,-934591008,10397439,7806517,10763,92,26721,995,100000
0$$HAR,14:10:57,420463725,-934586160,10422140,7336130,16420,92,26634,989,100000
0$$HAR,14:11:00,420463113,-934581882,10444007,11990312,10522,92,26542,981,100000
0$$HAR,14:11:03,420463566,-934578516,10467271,5969647,13549,92,26450,971,100000
0$$HAR,14:11:06,420464881,-934572713,10491692,8309979,22197,92,26361,963,100000
0$$HAR,14:11:09,420465019,-934566274,10513900,8754044,11613,92,26272,956,100000
0$$HAR,14:11:12,420466194,-934562796,10536371,5081308,12605,90,26182,951,100000
0$$HAR,14:11:15,420468260,-934557175,10557859,7068847,19683,90,26092,944,100000
0$$HAR,14:11:18,420468995,-934550266,10579412,9067274,19142,90,26003,935,100000
0$$HAR,14:11:21,420469406,-934545452,10603840,6924224,7180,90,25917,928,100000
0$$HAR,14:11:24,420470730,-934541844,10626338,6239896,17530,90,25828,922,100000
0$$HAR,14:11:27,420472906,-934535193,10646162,7182330,21321,90,25738,914,100000
0$$HAR,14:11:30,420474074,-934529152,10672321,8280659,12786,90,25653,907,100000
0$$HAR,14:11:33,420473749,-934525178,10693073,7980939,10590,90,25562,900,100000
0$$HAR,14:11:36,420475316,-934520909,10718817,7254504,17243,90,25473,895,100000
0$$HAR,14:11:39,420476899,-934513250,10737874,8019926,19851,90,25385,888,100000
0$$HAR,14:11:42,420477904,-934506703,10760396,7809476,22323,90,25297,883,100000
0$$HAR,14:11:45,420478809,-934500801,10789283,7766060,9912,90,25215,877,100000
0$$HAR,14:11:48,420479488,-934497869,10808002,5486331,9795,90,25122,872,100000
0$$HAR,14:11:51,420480976,-934493757,10832420,6277321,14580,90,25035,868,100000
0$$HAR,14:11:54,420482917,-934486810,10856094,7879134,22530,90,24949,862,100000
0$$HAR,14:11:57,420484506,-934482614,10880370,2801653,12021,90,24861,856,100000
0$$HAR,14:12:00,420486556,-934478582,10904242,6412349,11010,90,24768,849,100000
0$$HAR,14:12:03,420488268,-934476097,10921410,5885496,11268,90,24680,841,100000
0$$HAR,14:12:06,420490132,-934472127,10944956,4471407,13806,90,24596,834,100000
0$$HAR,14:12:09,420492523,-934465604,10966869,8180674,20923,90,24512,827,100000
0$$HAR,14:12:12,420492933,-934460563,10990629,8889240,10848,90,24426,820,100000
0$$HAR,14:12:15,420494104,-934456561,11017452,5262809,14813,90,24342,813,100000
0$$HAR,14:12:18,420496782,-934451643,11038392,6971151,17771,90,24255,809,100000
0$$HAR,14:12:21,420496852,-934446464,11061148,10492354,13294,90,24169,801,100000
0$$HAR,14:12:24,420496467,-934441566,11082822,8890902,16368,90,24082,796,100000
0$$HAR,14:12:27,420497425,-934434541,11106337,5991723,19236,90,23998,788,100000
0$$HAR,14:12:30,420499467,-934430025,11129551,7408049,11910,90,23914,783,100000
0$$HAR,14:12:33,420499719,-934426180,11151887,8037739,11822,90,23830,778,100000
0$$HAR,14:12:36,420499780,-934421364,11177199,9863464,16274,90,23746,774,100000
0$$HAR,14:12:39,420501466,-934415073,11203045,5406802,23299,90,23660,769,100000
0$$HAR,14:12:42,420503653,-934409838,11226731,8459404,9750,90,23572,764,100000
0$$HAR,14:12:45,420504155,-934405162,11251876,7921053,19042,90,23483,759,100000
0$$HAR,14:12:48,420505541,-934397580,11273311,7268737,18795,90,23395,752,100000
0$$HAR,14:12:51,420508003,-934390964,11294661,5532111,19922,90,23309,747,100000
0$$HAR,14:12:54,420510339,-934386846,11317454,6031129,11372,90,23224,742,100000
0$$HAR,14:12:57,420510663,-934381671,11339077,9120636,16795,90,23141,733,100000
0$$HAR,14:13:00,420511447,-934375761,11363456,6675287,16660,90,23057,726,100000
0$$HAR,14:13:03,420514156,-934370867,11388413,5294797,14226,90,22974,717,100000
0$$HAR,14:13:06,420517322,-934366032,11406513,4176704,22762,90,22890,706,100000
0$$HAR,14:13:09,420519660,-934360080,11430816,7882389,14659,111,22809,699,100000
0$$HAR,14:13:12,420520783,-934355672,11454631,7550774,7776,91,22729,692,100000
0$$HAR,14:13:15,420523028,-934352363,11474805,5536728,19869,91,22647,686,100000
0$$HAR,14:13:18,420525703,-934345904,11496408,7061553,21616,91,22565,678,100000
0$$HAR,14:13:21,420526281,-934340089,11519896,8388288,10541,91,22486,673,100000
0$$HAR,14:13:24,420527423,-934335669,11548319,6989134,17909,91,22406,667,100000
0$$HAR,14:13:27,420530015,-934328685,11570232,7088015,23013,91,22320,661,100000
0$$HAR,14:13:30,420530813,-934323260,11595750,7238649,10384,91,22237,654,100000
0$$HAR,14:13:33,420532497,-934319713,11615173,5874033,14513,91,22154,649,100000
0$$HAR,14:13:36,420535134,-934314475,11640732,6378691,22394,91,22074,645,100000
0$$HAR,14:13:39,420536219,-934306881,11662681,8334345,17564,91,21990,641,100000
0$$HAR,14:13:42,420536981,-934301761,11686017,7676304,12174,90,21910,636,100000
1$$HAR,14:13:45,420539775,-934296800,11710229,4820924,23211,90,21830,632,100000
0$$HAR,14:13:48,420542115,-934290246,11734475,7426341,17186,92,21749,630,100000
0$$HAR,14:13:51,420542720,-934285089,11760846,6395901,14796,92,21667,627,100000
0$$HAR,14:13:54,420545854,-934278737,11786302,5690034,23885,92,21584,623,100000
0$$HAR,14:13:57,420546890,-934272486,11812186,9459516,14296,92,21500,620,100000
0$$HAR,14:14:00,420547603,-934267911,11837357,6105797,14670,92,21413,613,100000
0$$HAR,14:14:03,420550541,-934261881,11861222,5909255,24230,92,21328,604,100000
0$$HAR,14:14:06,420552434,-934254818,11885824,7099617,19316,92,21243,598,100000
0$$HAR,14:14:09,420553048,-934247911,11906675,9259492,17453,92,21162,592,100000
0$$HAR,14:14:12,420553865,-934243036,11932571,6712554,11009,92,21083,587,100000
0$$HAR,14:14:15,420555946,-934239150,11959112,5928837,17712,92,21001,580,100000
0$$HAR,14:14:18,420557054,-934231840,11983034,8661110,21563,92,20919,574,100000
0$$HAR,14:14:21,420557607,-934225502,12007343,9144382,17785,92,20836,568,100000
0$$HAR,14:14:24,420558342,-934221470,12032560,3973185,14321,92,20754,562,100000
0$$HAR,14:14:27,420560785,-934217060,12055842,6454886,13024,92,20672,555,100000
0$$HAR,14:14:30,420563139,-934212910,12083463,6125944,14235,92,20592,549,100000
0$$HAR,14:14:33,420563344,-934208630,12109268,10538112,14466,92,20510,542,100000
0$$HAR,14:14:36,420563361,-934201718,12129641,7290727,20064,92,20428,537,100000
0$$HAR,14:14:39,420565364,-934194963,12150303,6195554,20845,92,20349,534,100000
0$$HAR,14:14:42,420567902,-934189630,12176028,6248958,13146,92,20274,531,100000
0$$HAR,14:14:45,420568344,-934185287,12199927,8661232,17630,92,20196,528,100000
0$$HAR,14:14:48,420570275,-934178439,12227750,5389155,20429,92,20118,525,100000
0$$HAR,14:14:51,420571853,-934174407,12253153,8537856,8523,92,20039,517,100000
0$$HAR,14:14:54,420573391,-934169857,12280777,5291093,14663,92,19956,513,100000
0$$HAR,14:14:57,420575169,-934163338,12309428,7129212,27231,92,19872,510,100000
0$$HAR,14:15:00,420576555,-934157308,12338314,6695754,9463,92,19790,506,100000
0$$HAR,14:15:03,420577720,-934154055,12360179,5075929,10831,92,19703,501,100000
0$$HAR,14:15:06,420578902,-934149307,12390279,8531060,18178,92,19621,497,100000
0$$HAR,14:15:09,420580005,-934141730,12411572,7021175,21758,92,19536,493,100000
0$$HAR,14:15:12,420581231,-934136067,12442710,7447781,14879,92,19454,489,100000
0$$HAR,14:15:15,420581983,-934132456,12466216,8315156,12463,92,19368,484,100000
0$$HAR,14:15:18,420584200,-934125843,12493911,6786061,24568,92,19285,479,100000
0$$HAR,14:15:21,420584902,-934118411,12516268,8547416,16809,92,19201,472,100000
0$$HAR,14:15:24,420585626,-934113297,12541441,7496190,12027,92,19121,467,100000
0$$HAR,14:15:27,420588620,-934108956,12565866,4613211,21492,92,19041,462,100000
0$$HAR,14:15:30,420591622,-934102613,12591652,6115575,21109,92,18964,457,100000
0$$HAR,14:15:33,420593200,-934094896,12613493,8523930,18140,92,18885,453,100000
0$$HAR,14:15:36,420594367,-934089162,12643804,5788977,18144,92,18809,449,100000
0$$HAR,14:15:39,420597850,-934083508,12667958,5786938,25431,92,18728,443,100000
1$$HAR,14:15:42,420600223,-934076097,12691650,6996705,19469,92,18649,438,100000
0$$HAR,14:15:45,420601287,-934070745,12723140,5833392,14640,92,18572,434,100000
0$$HAR,14:15:48,420604895,-934063909,12748934,5996104,26100,92,18491,430,100000
0$$HAR,14:15:51,420608117,-934057915,12775392,4442678,21491,92,18409,425,100000
0$$HAR,14:15:54,420611766,-934051684,12800554,6600971,23102,92,18330,419,100000
0$$HAR,14:15:57,420612926,-934044393,12827757,9394878,17128,92,18253,415,100000
0$$HAR,14:16:00,420614169,-934039377,12854043,5374028,14539,92,18174,410,100000
0$$HAR,14:16:03,420617022,-934034328,12886069,6278943,20780,92,18097,406,100000
0$$HAR,14:16:06,420618729,-934026204,12915132,8324137,23862,92,18014,398,100000
0$$HAR,14:16:09,420619501,-934020250,12938462,6056432,17690,92,17930,387,100000
0$$HAR,14:16:12,420622725,-934014046,12967628,5138034,25232,92,17851,380,100000
0$$HAR,14:16:15,420626300,-934005391,12993757,6730545,28815,92,17770,372,100000
0$$HAR,14:16:18,420628750,-933996178,13015999,7579527,25275,92,17690,365,100000
1$$HAR,14:16:21,420629884,-933988668,13045340,7007271,18568,92,17615,359,100000
0$$HAR,14:16:24,420633159,-933982273,13070786,5499450,26402,92,17536,353,100000
0$$HAR,14:16:27,420636024,-933973274,13096887,7048110,26982,92,17460,348,100000
0$$HAR,14:16:30,420636940,-933965202,13126550,7921191,20721,92,17384,343,100000
0$$HAR,14:16:33,420639042,-933959273,13152583,5692759,16250,92,17306,338,100000
0$$HAR,14:16:36,420640240,-933952827,13177278,8849184,19430,92,17228,334,100000
0$$HAR,14:16:39,420640400,-933944767,13201147,8485920,23483,92,17153,327,100000
0$$HAR,14:16:42,420640760,-933935781,13231623,8725678,29244,97,17080,323,100000
0$$HAR,14:16:45,420642573,-933924942,13255370,6737841,27827,97,17005,319,100000
0$$HAR,14:16:48,420644712,-933917159,13279319,7143408,19559,97,16929,314,100000
0$$HAR,14:16:51,420645827,-933910290,13304236,7913380,20459,97,16858,310,100000
0$$HAR,14:16:54,420645776,-933903056,13330743,9750920,20443,124,16786,306,100000
0$$HAR,14:16:57,420645541,-933893278,13355331,8526798,28650,97,16714,302,100000
0$$HAR,14:17:00,420647702,-933883593,13382035,6119534,25107,97,16643,296,100000
0$$HAR,14:17:03,420650102,-933876764,13406095,7445850,18347,97,16570,287,100000
0$$HAR,14:17:06,420651205,-933869674,13427042,8083660,20319,97,16499,276,100000
0$$HAR,14:17:09,420651905,-933861184,13451354,8164395,28539,97,16432,270,100000
0$$HAR,14:17:12,420654328,-933850932,13478287,6697546,28756,97,16366,264,100000
0$$HAR,14:17:15,420657005,-933841082,13497452,7287133,29331,97,16298,258,100000
0$$HAR,14:17:18,420659747,-933832255,13524650,5896900,22576,97,16234,253,100000
0$$HAR,14:17:21,420661310,-933826280,13546850,8713596,18417,97,16169,249,100000
0$$HAR,14:17:24,420661752,-933818831,13575977,8075845,22539,97,16105,244,100000
0$$HAR,14:17:27,420664227,-933809879,13600433,6161706,25757,97,16035,236,100000
0$$HAR,14:17:30,420666031,-933802800,13629222,8620978,16486,97,15969,230,100000
0$$HAR,14:17:33,420666391,-933796217,13658559,8295554,22966,97,15900,220,100000
0$$HAR,14:17:36,420667887,-933786849,13684719,7537804,28104,97,15827,213,100000
0$$HAR,14:17:39,420669405,-933779395,13716235,7844923,15356,97,15758,206,100000
0$$HAR,14:17:39,420669405,-933779395,13716235,7844923,15356,97,15685,200,100000
0$$HAR,14:17:45,420670132,-933768269,13764195,7417857,17963,97,73878,3499,100000
0$$HAR,14:17:48,420671122,-933759365,13790720,9431910,25999,97,73878,3499,100000
0$$HAR,14:17:51,420669756,-933751952,13816011,10669106,18174,97,73878,3499,100000
0$$HAR,14:17:54,420669460,-933746417,13844317,7529116,16766,97,73878,3499,100000
0$$HAR,14:17:57,420670766,-933739216,13868162,8696044,23643,97,73878,3499,100000
0$$HAR,14:18:00,420670421,-933730737,13894591,10388754,23692,97,73878,3499,100000
0$$HAR,14:18:03,420668134,-933724079,13919331,12362998,15777,97,73878,3499,100000
0$$HAR,14:18:06,420666640,-933718050,13953099,9979332,20035,97,73878,3499,100000
0$$HAR,14:18:09,420666925,-933710361,13977727,9012486,25473,97,73878,3499,100000
0$$HAR,14:18:12,420665639,-933701397,14000301,10616192,24232,115,73878,3499,100000
0$$HAR,14:18:15,420663202,-933694462,14029030,11554214,16050,105,73878,3499,100000
0$$HAR,14:18:18,420662649,-933689982,14057388,8625346,15495,105,73878,3499,100000
0$$HAR,14:18:21,420662671,-933684917,14079862,8697464,11646,105,73878,3499,100000
0$$HAR,14:18:24,420661765,-933679560,14109189,11765336,17253,105,73878,3499,100000
0$$HAR,14:18:27,420659267,-933673215,14131468,10613622,19506,105,73878,3499,100000
0$$HAR,14:18:30,420658744,-933667493,14163301,8447824,16333,105,73878,3499,100000
0$$HAR,14:18:33,420659786,-933660525,14192972,9751238,22585,98,73878,3499,100000
0$$HAR,14:18:36,420658461,-933651128,14220023,9825590,28808,98,73878,3499,100000
0$$HAR,14:18:39,420657699,-933643057,14252835,8437062,15812,98,73878,3499,100000
0$$HAR,14:18:42,420657460,-933638235,14275692,8396370,13390,98,73878,3499,100000
0$$HAR,14:18:45,420657789,-933631806,14307488,8874128,23257,98,73878,3499,100000
0$$HAR,14:18:48,420657069,-933622912,14336667,11093462,18613,98,73878,3499,100000
0$$HAR,14:18:51,420656591,-933617950,14366563,8623080,14275,98,73878,3499,100000
0$$HAR,14:18:54,420656769,-933612623,14386235,8824904,14023,98,73878,3499,100000
0$$HAR,14:18:57,420656724,-933607241,14416305,10122106,15673,98,73878,3499,100000
0$$HAR,14:19:00,420655259,-933600279,14448671,10493758,25039,98,73878,3499,100000
0$$HAR,14:19:03,420654187,-933591774,14467214,8859124,21691,98,73878,3499,100000
0$$HAR,14:19:06,420654809,-933585506,14493149,7038316,13817,98,73878,3499,100000
0$$HAR,14:19:09,420655362,-933582182,14520456,10440346,11065,98,73878,3499,100000
1$$HAR,14:19:12,420654138,-933576989,14547743,10900172,17075,98,73878,3499,100000
1$$HAR,14:19:15,420652916,-933571720,14570904,11008588,13783,98,73878,3499,100000
1$$HAR,14:19:18,420652309,-933567487,14605204,8713286,7227,98,73878,3499,100000
0$$HAR,14:19:21,420653322,-933564236,14627421,7152624,16691,98,73878,3499,100000
0$$HAR,14:19:24,420653825,-933558190,14650610,8943542,19315,99,73878,3499,100000
0$$HAR,14:19:27,420652592,-933551068,14679651,12393318,21248,99,73878,3499,100000
0$$HAR,14:19:30,420650560,-933546157,14708937,10928388,10885,99,73878,3499,100000
0$$HAR,14:19:33,420650734,-933542009,14735212,7049570,16128,99,73878,3499,100000
0$$HAR,14:19:36,420651386,-933535001,14762556,8698080,18900,99,73878,3499,100000
0$$HAR,14:19:39,420652230,-933527968,14796377,7205379,22494,99,73878,3499,100000
0$$HAR,14:19:42,420654425,-933521616,14819892,5988205,16452,99,73878,3499,100000
0$$HAR,14:19:45,420656475,-933515263,14841317,7576146,21424,99,73878,3499,100000
0$$HAR,14:19:48,420657910,-933509265,14874973,5644837,15049,99,73878,3499,100000
0$$HAR,14:19:51,420660525,-933505290,14903737,5853313,9396,99,73878,3499,100000
0$$HAR,14:19:54,420660378,-933500401,14934593,10116954,18532,99,73878,3499,100000
0$$HAR,14:19:57,420660411,-933492971,14961570,7758579,20577,99,73878,3499,100000
0$$HAR,14:20:00,420662142,-933486008,14989465,7611192,18270,99,73878,3499,100000
0$$HAR,14:20:03,420663895,-933480874,15017251,5178480,11284,99,73878,3499,100000
0$$HAR,14:20:06,420664263,-933476756,15042615,8774766,13598,99,73878,3499,100000
0$$HAR,14:20:09,420663572,-933471536,15067148,10894008,19972,99,73878,3499,100000
0$$HAR,14:20:12,420662933,-933464462,15096875,9167302,16746,99,73878,3499,100000
0$$HAR,14:20:15,420663520,-933458972,15128853,6411332,15302,99,73878,3499,100000
0$$HAR,14:20:18,420665016,-933453177,15152569,8341319,20174,99,73878,3499,100000
0$$HAR,14:20:21,420665820,-933445250,15185405,9515880,25590,99,73878,3499,100000
0$$HAR,14:20:24,420663763,-933437034,15208893,11217268,20123,99,73878,3499,100000
0$$HAR,14:20:27,420662020,-933431020,15233222,11726702,16542,99,73878,3499,100000
0$$HAR,14:20:30,420661503,-933425106,15268328,7515219,19408,99,73878,3499,100000
0$$HAR,14:20:33,420662778,-933417821,15292080,9002810,21900,99,73878,3499,100000
0$$HAR,14:20:36,420662343,-933411813,15327947,10806066,10485,99,73878,3499,100000
0$$HAR,14:20:39,420660853,-933408665,15350183,12653638,13319,99,73878,3499,100000
0$$HAR,14:20:42,420659383,-933403260,15383127,9553788,15432,99,73878,3499,100000
0$$HAR,14:20:45,420660239,-933398397,15415181,4786234,8125,99,73878,3499,100000
0$$HAR,14:20:48,420660253,-933396083,15440316,10069806,10866,99,73878,3499,100000
0$$HAR,14:20:51,420659164,-933392206,15473582,10298658,17488,99,73878,3499,100000
0$$HAR,14:20:54,420659912,-933385267,15497299,6622315,17397,99,73878,3499,100000
0$$HAR,14:20:57,420661337,-933380950,15520616,6529686,14562,99,73878,3499,100000
0$$HAR,14:21:00,420662537,-933375567,15555251,8950526,17953,99,73878,3499,100000
0$$HAR,14:21:03,420661091,-933369829,15585776,14179754,15431,101,73878,3499,100000
0$$HAR,14:21:06,420659199,-933367722,15609938,11096156,7878,101,73878,3499,100000
0$$HAR,14:21:09,420659382,-933365238,15638048,5947185,11624,101,73878,3499,100000
0$$HAR,14:21:12,420658832,-933361251,15670141,13366370,12961,101,73878,3499,100000
0$$HAR,14:21:15,420656842,-933358698,15700894,12248268,5880,101,73878,3499,100000
0$$HAR,14:21:18,420656701,-933358283,15729569,1013385,5499,101,73878,3499,100000
0$$HAR,14:21:21,420657693,-933356162,15758407,8241788,7709,101,73878,3499,100000
0$$HAR,14:21:24,420657880,-933351922,15782007,10297068,13747,101,73878,3499,100000
0$$HAR,14:21:27,420656434,-933348505,15805277,12646782,10596,101,73878,3499,100000
0$$HAR,14:21:30,420655027,-933345657,15836161,11842144,6915,101,73878,3499,100000
0$$HAR,14:21:33,420654665,-933344113,15874320,3677144,2086,101,73878,3499,100000
0$$HAR,14:21:36,420656648,-933341633,15903893,6919750,17334,101,73878,3499,100000
0$$HAR,14:21:39,420657028,-933336717,15929546,8003717,13674,101,73878,3499,100000
0$$HAR,14:21:42,420657318,-933331843,15961871,9341894,5809,101,73878,3499,100000
0$$HAR,14:21:45,420657122,-933330640,15987773,10603524,6837,98,73878,3499,100000
0$$HAR,14:21:48,420658177,-933327036,16023375,7546090,18816,98,73878,3499,100000
0$$HAR,14:21:51,420657319,-933320335,16048306,10602328,17044,98,73878,3499,100000
0$$HAR,14:21:54,420655818,-933315393,16076337,13877466,14215,98,73878,3499,100000
0$$HAR,14:21:57,420654181,-933313853,16102414,10132608,3385,98,73878,3499,100000
0$$HAR,14:22:00,420653482,-933312428,16128235,15466448,3117,98,73878,3499,100000
0$$HAR,14:22:03,420653219,-933308887,16161274,9051640,18184,98,73878,3499,100000
0$$HAR,14:22:06,420652869,-933303008,16191763,10939864,12183,98,73878,3499,100000
0$$HAR,14:22:09,420652655,-933300864,16220779,5370601,3272,98,73878,3499,100000
0$$HAR,14:22:12,420653378,-933298225,16250620,8638352,8832,98,73878,3499,100000
0$$HAR,14:22:15,420654044,-933295377,16287282,7007465,8903,98,73878,3499,100000
0$$HAR,14:22:18,420653822,-933294173,16318047,17262248,6162,98,73878,3499,100000
0$$HAR,14:22:21,420651932,-933292397,16348998,9684788,7256,98,73878,3499,100000
0$$HAR,14:22:24,420651847,-933288686,16386424,8552068,17043,98,73878,3499,100000
0$$HAR,14:22:27,420652366,-933281792,16409052,10343622,17013,98,73878,3499,100000
0$$HAR,14:22:30,420651016,-933276008,16439165,10009120,18548,98,73878,3499,100000
0$$HAR,14:22:33,420650319,-933269532,16473821,8492938,19824,98,73878,3499,100000
0$$HAR,14:22:36,420651760,-933263076,16497284,7280854,12522,98,73878,3499,100000
0$$HAR,14:22:39,420652762,-933259028,16529830,6759728,9552,98,73878,3499,100000
0$$HAR,14:22:42,420652775,-933257055,16558411,13623774,6586,99,73878,3499,100000
0$$HAR,14:22:45,420651626,-933253795,16587445,8981554,9892,99,73878,3499,100000
0$$HAR,14:22:48,420651120,-933249355,16618410,9688914,18511,99,73878,3499,100000
0$$HAR,14:22:51,420651074,-933244438,16651416,5353433,6905,99,73878,3499,100000
0$$HAR,14:22:54,420653260,-933241904,16681072,2160751,8758,99,73878,3499,100000
0$$HAR,14:22:57,420653862,-933241004,16713017,6788697,8475,99,73878,3499,100000
0$$HAR,14:23:00,420654754,-933239655,16753072,11544604,3415,99,73878,3499,100000
0$$HAR,14:23:03,420654823,-933235441,16790717,7234815,17175,99,73878,3499,100000
0$$HAR,14:23:06,420656971,-933229255,16811790,6626656,14475,99,73878,3499,100000
0$$HAR,14:23:09,420658856,-933225135,16847784,4419395,16848,99,73878,3499,100000
0$$HAR,14:23:12,420661269,-933222831,16879557,3014556,5099,99,73878,3499,100000
0$$HAR,14:23:15,420662120,-933220593,16911543,6810700,14716,99,73878,3499,100000
0$$HAR,14:23:18,420662738,-933215543,16942152,9301714,13220,99,73878,3499,100000
0$$HAR,14:23:21,420662952,-933213412,16974210,33671780,2789,99,73878,3499,100000
0$$HAR,14:23:24,420665213,-933212599,17007380,3825687,9165,99,73878,3499,100000
0$$HAR,14:23:27,420665613,-933208777,17040615,9010404,14445,99,73878,3499,100000
0$$HAR,14:23:30,420665483,-933206007,17069315,7239186,5273,99,73878,3499,100000
0$$HAR,14:23:33,420665740,-933203723,17102560,9613940,5875,99,73878,3499,100000
0$$HAR,14:23:36,420665509,-933199852,17134309,8830508,16616,99,73878,3499,100000
0$$HAR,14:23:39,420666573,-933193730,17157765,6859936,15308,99,73878,3499,100000
0$$HAR,14:23:42,420668386,-933188011,17185552,5462882,18749,99,73878,3499,100000
0$$HAR,14:23:45,420671444,-933184383,17214547,4039911,12839,99,73878,3499,100000
0$$HAR,14:23:48,420673496,-933182168,17247574,3862261,5304,99,73878,3499,100000
0$$HAR,14:23:51,420673357,-933177740,17283290,9824476,19146,99,73878,3499,100000
0$$HAR,14:23:54,420673976,-933172824,17320700,6242148,8344,99,73878,3499,100000
0$$HAR,14:23:57,420675913,-933170848,17350143,2349673,7771,99,73878,3499,100000
0$$HAR,14:24:00,420677373,-933168772,17374681,3859278,10420,99,73878,3499,100000
0$$HAR,14:24:03,420679436,-933166683,17399154,5870036,7484,99,73878,3499,100000
0$$HAR,14:24:06,420680031,-933165566,17428231,7218667,3551,99,73878,3499,100000
0$$HAR,14:24:09,420679057,-933162773,17461110,11163468,10918,99,73878,3499,100000
0$$HAR,14:24:12,420680340,-933157787,17497907,5486696,17478,99,73878,3499,100000
0$$HAR,14:24:15,420682114,-933155795,17533876,4555859,1442,99,73878,3499,100000
0$$HAR,14:24:18,420681457,-933155003,17565374,13914162,4347,99,73878,3499,100000
0$$HAR,14:24:21,420680856,-933154326,17599180,12713982,5331,99,73878,3499,100000
0$$HAR,14:24:24,420679859,-933150997,17634644,11266640,14122,99,73878,3499,100000
0$$HAR,14:24:27,420678870,-933147436,17656901,12890252,6430,99,73878,3499,100000
0$$HAR,14:24:30,420677538,-933145560,17679253,14342598,4531,98,73878,3499,100000
0$$HAR,14:24:33,420676744,-933145127,17708415,12224898,6586,98,73878,3499,100000
0$$HAR,14:24:36,420677437,-933142908,17748200,3417843,12677,98,73878,3499,100000
0$$HAR,14:24:39,420680205,-933143431,17777968,29870328,7277,98,73878,3499,100000
1$$HAR,14:24:42,420681474,-933144595,17816836,31105048,5540,98,73878,3499,100000
0$$HAR,14:24:45,420680483,-933145238,17848200,14033662,7362,98,73878,3499,100000
0$$HAR,14:24:48,420680614,-933143573,17881974,1230567,6695,98,73878,3499,100000
0$$HAR,14:24:51,420683091,-933141810,17913237,3170656,11506,98,73878,3499,100000
0$$HAR,14:24:54,420685591,-933141869,17943820,34639648,9377,98,73878,3499,100000
0$$HAR,14:24:57,420687635,-933141934,17967685,35893096,7200,98,73878,3499,100000
0$$HAR,14:25:00,420688610,-933142466,17994038,18894356,2523,98,73878,3499,100000
0$$HAR,14:25:03,420687526,-933140866,18019703,11346516,9664,98,73878,3499,100000
0$$HAR,14:25:06,420686778,-933137014,18047048,9499794,13468,98,73878,3499,100000
0$$HAR,14:25:09,420687399,-933131910,18075990,6401489,14264,98,73878,3499,100000
0$$HAR,14:25:12,420689492,-933127967,18102945,5736667,11806,98,73878,3499,100000
0$$HAR,14:25:15,420691837,-933124996,18133971,4371307,12226,98,73878,3499,100000
0$$HAR,14:25:18,420691811,-933121570,18174039,11579408,9571,98,73878,3499,100000
0$$HAR,14:25:21,420690418,-933118482,18200923,13308044,12113,98,73878,3499,100000
0$$HAR,14:25:24,420690073,-933115543,18243137,6161392,9938,98,73878,3499,100000
0$$HAR,14:25:27,420692137,-933110540,18276061,6490086,20733,99,73878,3499,100000
0$$HAR,14:25:30,420694251,-933105261,18307213,5521023,7412,100,73878,3499,100000
0$$HAR,14:25:33,420694814,-933103751,18343547,5448117,3125,100,73878,3499,100000
0$$HAR,14:25:36,420694710,-933102424,18373943,12322586,7426,100,73878,3499,100000
0$$HAR,14:25:39,420695439,-933099457,18415483,6308200,12410,97,73878,3499,100000
0$$HAR,14:25:42,420696189,-933093089,18448370,8976850,23598,97,73878,3499,100000
0$$HAR,14:25:45,420695426,-933087565,18481886,11646048,11910,97,73878,3499,100000
0$$HAR,14:25:48,420693206,-933085210,18515554,17024294,5249,97,73878,3499,100000
0$$HAR,14:25:51,420693090,-933084103,18552303,4850235,5947,97,73878,3499,100000
0$$HAR,14:25:54,420694689,-933082535,18580871,3318795,5853,97,73878,3499,100000
0$$HAR,14:25:57,420696028,-933081322,18612710,5632739,10171,97,73878,3499,100000
0$$HAR,14:26:00,420696639,-933076844,18647352,9189574,15115,97,73878,3499,100000
0$$HAR,14:26:03,420695655,-933073015,18674512,11947138,6860,97,73878,3499,100000
0$$HAR,14:26:06,420696104,-933070040,18715671,3413236,7782,97,73878,3499,100000
0$$HAR,14:26:09,420698354,-933069174,18745106,1634351,8053,97,73878,3499,100000
0$$HAR,14:26:12,420699687,-933066668,18785252,5965847,10691,97,73878,3499,100000
0$$HAR,14:26:15,420699119,-933061991,18825366,12986718,18093,97,73878,3499,100000
0$$HAR,14:26:18,420696893,-933059318,18845281,10409308,5923,97,73878,3499,100000
0$$HAR,14:26:21,420695451,-933056919,18875949,13051168,7988,97,73878,3499,100000
0$$HAR,14:26:24,420696536,-933054232,18913005,4543437,10806,95,73878,3499,100000
0$$HAR,14:26:27,420696951,-933054084,18952357,25301244,6680,95,73878,3499,100000
0$$HAR,14:26:30,420696427,-933055618,18992232,6164988,1650,95,73878,3499,100000
0$$HAR,14:26:33,420696169,-933056374,19037959,21361164,5381,95,73878,3499,100000
0$$HAR,14:26:36,420695254,-933056187,19078172,14820878,7118,95,73878,3499,100000
0$$HAR,14:26:39,420693176,-933055424,19104352,15034022,959,95,73878,3499,100000
0$$HAR,14:26:42,420694574,-933055524,19139217,226689,7163,95,73878,3499,100000
0$$HAR,14:26:45,420695304,-933052983,19173187,7424010,9337,95,73878,3499,100000
0$$HAR,14:26:48,420694700,-933051835,19210063,18347634,8329,95,73878,3499,100000
0$$HAR,14:26:51,420693396,-933053624,19242408,27546716,9891,95,73878,3499,100000
0$$HAR,14:26:54,420693759,-933056232,19270055,25638210,6843,95,73878,3499,100000
0$$HAR,14:26:57,420693618,-933059439,19298986,28318506,8121,95,73878,3499,100000
0$$HAR,14:27:00,420693640,-933062807,19325808,26277328,11062,95,73878,3499,100000
0$$HAR,14:27:03,420693992,-933065238,19367652,28813224,7031,95,73878,3499,100000
0$$HAR,14:27:06,420694956,-933067067,19418923,184519,9053,95,73878,3499,100000
0$$HAR,14:27:09,420698215,-933066767,19461058,34301412,13740,95,73878,3499,100000
0$$HAR,14:27:12,420701653,-933068603,19501678,31482842,11218,95,73878,3499,100000
0$$HAR,14:27:15,420702600,-933072487,19524715,27900284,4667,89,73878,3499,100000
0$$HAR,14:27:18,420703316,-933072182,19562325,7421629,4794,89,73878,3499,100000
0$$HAR,14:27:21,420704169,-933069198,19590270,7072648,10225,89,73878,3499,100000
0$$HAR,14:27:24,420705061,-933066493,19615849,5395352,9215,89,73878,3499,100000
0$$HAR,14:27:27,420705964,-933065710,19655866,29419666,5722,89,73878,3499,100000
0$$HAR,14:27:30,420706723,-933067580,19681877,25703764,4436,89,73878,3499,100000
0$$HAR,14:27:33,420706048,-933067253,19711172,13551538,5803,84,73878,3499,100000
0$$HAR,14:27:36,420704792,-933065314,19745066,11628586,7541,84,73878,3499,100000
0$$HAR,14:27:39,420704190,-933060705,19775526,8979840,16562,84,73878,3499,100000
0$$HAR,14:27:42,420704336,-933058004,19814998,35089752,256,84,73878,3499,100000
0$$HAR,14:27:45,420704524,-933058125,19850521,388627,2717,84,73878,3499,100000
0$$HAR,14:27:48,420704660,-933058091,19886570,17850434,6556,84,73878,3499,100000
0$$HAR,14:27:51,420701757,-933058320,19914233,18586004,10069,84,73878,3499,100000
0$$HAR,14:27:54,420699378,-933056978,19943725,15280644,12787,84,73878,3499,100000
0$$HAR,14:27:57,420696805,-933055350,19977564,14002586,9483,98,73878,3499,100000
0$$HAR,14:28:00,420694327,-933052213,20004514,13375766,11593,85,73878,3499,100000
0$$HAR,14:28:03,420693032,-933048817,20024576,10626430,10310,85,73878,3499,100000
1$$HAR,14:28:06,420693312,-933045760,20049797,4914361,7141,85,73878,3499,100000
0$$HAR,14:28:09,420693960,-933043356,20075128,7997964,8593,85,73878,3499,100000
0$$HAR,14:28:12,420694896,-933041586,20097587,4059413,4808,85,73878,3499,100000
0$$HAR,14:28:15,420695129,-933040053,20123545,8622414,615,85,73878,3499,100000
0$$HAR,14:28:18,420693804,-933041553,20158845,19245968,12115,85,73878,3499,100000
0$$HAR,14:28:21,420691423,-933042637,20199236,22317730,8062,85,73878,3499,100000
0$$HAR,14:28:24,420687918,-933043752,20227324,16343892,16236,85,73878,3499,100000
0$$HAR,14:28:27,420686277,-933044531,20265388,24996812,10054,85,73878,3499,100000
0$$HAR,14:28:30,420686612,-933046709,20305021,30397172,7808,85,73878,3499,100000
0$$HAR,14:28:33,420688101,-933049007,20338417,32845972,9873,85,73878,3499,100000
0$$HAR,14:28:36,420690296,-933050696,20365875,33735672,6664,85,73878,3499,100000
0$$HAR,14:28:39,420691589,-933050506,20393239,34651592,2333,85,73878,3499,100000
0$$HAR,14:28:42,420690512,-933050446,20431910,14379766,3707,85,73878,3499,100000
0$$HAR,14:28:45,420691748,-933051639,20474106,31726142,10287,85,73878,3499,100000
0$$HAR,14:28:48,420694092,-933053521,20503645,33538822,13808,85,73878,3499,100000
0$$HAR,14:28:51,420696107,-933055479,20534167,31574732,6471,85,73878,3499,100000
0$$HAR,14:28:54,420698806,-933055884,20568769,2451556,9980,85,73878,3499,100000
0$$HAR,14:28:57,420699852,-933053757,20601832,5985370,8281,85,73878,3499,100000
0$$HAR,14:29:00,420701974,-933052943,20646146,1016257,9587,85,73878,3499,100000
0$$HAR,14:29:03,420704639,-933050520,20675903,4940715,13088,85,73878,3499,100000
1$$HAR,14:29:06,420706049,-933048047,20705916,3305769,5013,85,73878,3499,100000
0$$HAR,14:29:09,420707725,-933045297,20744663,3646658,11749,85,73878,3499,100000
0$$HAR,14:29:12,420710901,-933044912,20778550,35354340,12174,85,73878,3499,100000
0$$HAR,14:29:15,420713946,-933045383,20807976,34444636,11644,85,73878,3499,100000
0$$HAR,14:29:18,420716370,-933047650,20833299,29866078,10226,85,73878,3499,100000
0$$HAR,14:29:21,420717135,-933050064,20856565,31568588,6349,85,73878,3499,100000
0$$HAR,14:29:24,420718569,-933050142,20885551,6076971,7594,85,73878,3499,100000
0$$HAR,14:29:27,420718547,-933047986,20914190,9446504,2380,85,73878,3499,100000
0$$HAR,14:29:30,420719124,-933045778,20946278,4932905,5454,85,73878,3499,100000
0$$HAR,14:29:33,420720346,-933047324,20983762,31950710,8641,85,73878,3499,100000
0$$HAR,14:29:36,420721028,-933046190,21030728,13842578,4948,85,73878,3499,100000
0$$HAR,14:29:39,420719446,-933045390,21069309,14141722,9464,85,73878,3499,100000
0$$HAR,14:29:42,420717877,-933043238,21093960,19538750,3347,85,73878,3499,100000
0$$HAR,14:29:45,420717710,-933044161,21128379,31137524,3633,85,73878,3499,100000
0$$HAR,14:29:48,420717202,-933045603,21160688,20168258,8053,85,73878,3499,100000
0$$HAR,14:29:51,420717612,-933046626,21195909,32734690,10612,85,73878,3499,100000
0$$HAR,14:29:54,420719132,-933047690,21229471,1820451,5806,85,73878,3499,100000
0$$HAR,14:29:57,420721113,-933047371,21258344,30737054,7295,85,73878,3499,100000
0$$HAR,14:30:00,420721290,-933049909,21293803,28826532,4946,85,73878,3499,100000
0$$HAR,14:30:03,420720634,-933052442,21323881,24202182,12213,85,73878,3499,100000
0$$HAR,14:30:06,420720934,-933055836,21357387,31850964,7541,85,73878,3499,100000
0$$HAR,14:30:09,420720252,-933058456,21396164,20869970,8865,85,73878,3499,100000
0$$HAR,14:30:12,420719383,-933057298,21430172,8631598,6474,85,73878,3499,100000
0$$HAR,14:30:15,420719362,-933055115,21461857,7846138,6401,85,73878,3499,100000
0$$HAR,14:30:18,420719559,-933052325,21485900,8736496,7740,85,73878,3499,100000
0$$HAR,14:30:21,420720866,-933050651,21518845,215693,8203,85,73878,3499,100000
0$$HAR,14:30:24,420723326,-933051027,21553843,35843276,11352,85,73878,3499,100000
0$$HAR,14:30:27,420726088,-933051870,21589054,33672944,9085,107,73878,3499,100000
0$$HAR,14:30:30,420727493,-933053278,21623771,1780874,9584,84,73878,3499,100000
0$$HAR,14:30:33,420728311,-933051324,21668038,14158318,7023,84,73878,3499,100000
0$$HAR,14:30:36,420726529,-933048711,21701875,12333372,9476,84,73878,3499,100000
0$$HAR,14:30:39,420725426,-933046387,21730004,11532370,8026,84,73878,3499,100000
0$$HAR,14:30:42,420725278,-933044378,21768399,8610764,3148,84,73878,3499,100000
0$$HAR,14:30:45,420726190,-933041881,21799638,4793411,10804,84,73878,3499,100000
0$$HAR,14:30:48,420726929,-933040283,21826066,11101064,5225,84,73878,3499,100000
0$$HAR,14:30:51,420726616,-933039435,21865715,24568858,5881,84,73878,3499,100000
0$$HAR,14:30:54,420726276,-933042731,21907837,30721754,6111,84,73878,3499,100000
0$$HAR,14:30:57,420728806,-933045072,21945582,30535038,15015,84,73878,3499,100000
0$$HAR,14:31:00,420730318,-933048555,21978902,32211852,12151,79,73878,3499,100000
0$$HAR,14:31:03,420733476,-933051437,22011767,33523790,13647,79,73878,3499,100000
0$$HAR,14:31:06,420736833,-933051691,22041906,1771829,12640,79,73878,3499,100000
0$$HAR,14:31:09,420740197,-933051878,22070421,34222860,15363,79,73878,3499,100000
0$$HAR,14:31:12,420743399,-933051699,22100238,2909704,11286,79,73878,3499,100000
0$$HAR,14:31:15,420746323,-933050109,22121730,498894,10227,79,73878,3499,100000
0$$HAR,14:31:18,420747583,-933049707,22158261,28566078,2302,79,73878,3499,100000
0$$HAR,14:31:21,420748894,-933052204,22192590,33250834,8158,79,73878,3499,100000
0$$HAR,14:31:24,420749329,-933051486,22236124,2220798,3350,79,73878,3499,100000
0$$HAR,14:31:27,420751824,-933054062,22275862,30921140,18050,79,73878,3499,100000
0$$HAR,14:31:30,420753600,-933057853,22311806,30198824,8927,79,73878,3499,100000
0$$HAR,14:31:33,420756469,-933061706,22351313,31823870,14579,79,73878,3499,100000
0$$HAR,14:31:36,420758508,-933063905,22395218,33090490,11370,79,73878,3499,100000
0$$HAR,14:31:39,420761646,-933064450,22446738,3991802,7223,79,73878,3499,100000
0$$HAR,14:31:42,420761844,-933061914,22479147,10632564,5939,79,73878,3499,100000
0$$HAR,14:31:45,420761750,-933061295,22509614,12291344,2951,79,73878,3499,100000
0$$HAR,14:31:48,420761048,-933061722,22540536,25702104,8487,79,73878,3499,100000
0$$HAR,14:31:51,420761119,-933063812,22570420,9778232,3056,79,73878,3499,100000
0$$HAR,14:31:54,420762724,-933063744,22610315,32115810,13047,79,73878,3499,100000
0$$HAR,14:31:57,420765036,-933066345,22651896,713008,10678,79,73878,3499,100000
0$$HAR,14:32:00,420767744,-933063995,22690030,5384002,9255,79,73878,3499,100000
0$$HAR,14:32:03,420767599,-933063081,22728487,12897054,2493,79,73878,3499,100000
0$$HAR,14:32:06,420768690,-933064149,22778179,31054586,7457,79,73878,3499,100000
0$$HAR,14:32:09,420769011,-933062791,22828133,8247583,11785,79,73878,3499,100000
0$$HAR,14:32:12,420769182,-933058604,22859446,10716336,5421,79,73878,3499,100000
0$$HAR,14:32:15,420768056,-933059036,22899994,21296432,5581,79,73878,3499,100000
0$$HAR,14:32:18,420766976,-933060064,22939077,24920918,8118,79,73878,3499,100000
0$$HAR,14:32:21,420766666,-933062949,22977744,30195386,4312,77,73878,3499,100000
0$$HAR,14:32:24,420768980,-933062960,23012408,299208,11412,77,73878,3499,100000
0$$HAR,14:32:27,420769722,-933063276,23053054,17031684,4633,77,73878,3499,100000
0$$HAR,14:32:30,420768743,-933064777,23095845,25047012,8621,77,73878,3499,100000
0$$HAR,14:32:33,420767644,-933065526,23139948,14860224,9198,77,73878,3499,100000
0$$HAR,14:32:36,420765782,-933066021,23182255,25962054,10964,77,73878,3499,100000
0$$HAR,14:32:39,420767289,-933068597,23228553,33342422,4011,77,73878,3499,100000
0$$HAR,14:32:42,420768938,-933073117,23269155,31787184,23228,77,73878,3499,100000
0$$HAR,14:32:45,420771906,-933075684,23292590,28426112,11463,77,73878,3499,100000
0$$HAR,14:32:48,420774158,-933080095,23318408,32977292,9178,77,73878,3499,100000
0$$HAR,14:32:51,420774235,-933083467,23348743,27442578,15656,77,73878,3499,100000
0$$HAR,14:32:54,420774942,-933085298,23382358,14356182,3040,77,73878,3499,100000
0$$HAR,14:32:57,420774861,-933086956,23423167,32025098,8169,77,73878,3499,100000
0$$HAR,14:33:00,420776984,-933087013,23459809,35959784,7912,77,73878,3499,100000
0$$HAR,14:33:03,420779389,-933089384,23484571,31331308,14623,101,73878,3499,100000
0$$HAR,14:33:06,420780090,-933092312,23520150,23866432,6636,81,73878,3499,100000
0$$HAR,14:33:09,420779335,-933094960,23550668,26689126,8080,76,73878,3499,100000
0$$HAR,14:33:12,420780100,-933095727,23583392,1995197,5974,76,73878,3499,100000
0$$HAR,14:33:15,420781585,-933097163,23620537,29699264,6648,76,73878,3499,100000
0$$HAR,14:33:18,420782042,-933096792,23651579,5525744,7725,76,73878,3499,100000
0$$HAR,14:33:21,420782966,-933099420,23692966,24554356,12586,76,73878,3499,100000
0$$HAR,14:33:24,420783218,-933099542,23731217,992340,13079,80,73878,3499,100000
0$$HAR,14:33:27,420784136,-933099773,23771927,11662138,8504,76,73878,3499,100000
0$$HAR,14:33:30,420785350,-933100606,23821883,28232196,13594,76,73878,3499,100000
0$$HAR,14:33:33,420784361,-933105027,23864327,27978394,8732,77,73878,3499,100000
0$$HAR,14:33:36,420784797,-933108354,23914961,22710850,12255,76,73878,3499,100000
0$$HAR,14:33:39,420782978,-933110582,23942640,19090684,1442,80,73878,3499,100000
0$$HAR,14:33:42,420784538,-933113396,23973134,30103964,13098,81,73878,3499,100000
0$$HAR,14:33:45,420784336,-933113766,24015498,18447056,7693,77,73878,3499,100000
0$$HAR,14:33:48,420784946,-933116928,24064800,28811172,8088,77,73878,3499,100000
0$$HAR,14:33:51,420784789,-933120750,24111479,24629898,12560,76,73878,3499,100000
0$$HAR,14:33:54,420784413,-933124715,24166591,31212306,10301,78,73878,3499,100000
0$$HAR,14:33:57,420787023,-933125637,24207337,388180,10600,77,73878,3499,100000
0$$HAR,14:34:00,420788457,-933127610,24242341,28507554,14500,78,73878,3499,100000
0$$HAR,14:34:03,420789793,-933130535,24281231,393020,2372,77,73878,3499,100000
0$$HAR,14:34:06,420790076,-933132668,24324875,29312328,14246,77,73878,3499,100000
0$$HAR,14:34:09,420791755,-933134752,24372155,5799322,1994,78,73878,3499,100000
0$$HAR,14:34:12,420791098,-933134628,24405150,32799782,7836,77,73878,3499,100000
0$$HAR,14:34:15,420793423,-933135921,24438227,34428412,7919,78,73878,3499,100000
0$$HAR,14:34:18,420792719,-933135841,24469303,19557924,12537,83,73878,3499,100000
0$$HAR,14:34:21,420792674,-933135724,24515369,2518837,9134,79,73878,3499,100000
0$$HAR,14:34:24,420794860,-933135828,24556840,27434786,6340,77,73878,3499,100000
0$$HAR,14:34:27,420794534,-933135980,24608374,2581724,6155,78,73878,3499,100000
0$$HAR,14:34:30,420794862,-933134069,24655679,12746536,11129,78,73878,3499,100000
0$$HAR,14:34:33,420792901,-933131964,24694623,17262634,7288,77,73878,3499,100000
0$$HAR,14:34:36,420791950,-933133187,24719581,26476078,4374,78,73878,3499,100000
0$$HAR,14:34:39,420791791,-933133707,24755393,4704931,2942,77,73878,3499,100000
0$$HAR,14:34:42,420793108,-933131745,24784970,7130284,7171,77,73878,3499,100000
0$$HAR,14:34:45,420792746,-933129912,24814979,5609171,953,77,73878,3499,100000
0$$HAR,14:34:48,420792680,-933130220,24846155,20612438,6011,77,73878,3499,100000
0$$HAR,14:34:51,420790687,-933130604,24873955,20544138,2515,77,73878,3499,100000
0$$HAR,14:34:54,420791181,-933130221,24913626,8828028,5559,77,73878,3499,100000
0$$HAR,14:34:57,420789931,-933129111,24954356,24112674,6500,77,73878,3499,100000
0$$HAR,14:35:00,420790029,-933131510,24989535,20739100,6534,77,73878,3499,100000
0$$HAR,14:35:03,420787824,-933131525,25027903,16517746,6303,111,73878,3499,100000
0$$HAR,14:35:06,420789264,-933132836,25066978,33654612,14146,78,73878,3499,100000
0$$HAR,14:35:09,420789428,-933135898,25108695,25093526,7272,78,73878,3499,100000
0$$HAR,14:35:12,420789590,-933140421,25151486,30243778,15745,77,73878,3499,100000
0$$HAR,14:35:15,420790219,-933142430,25197128,21031408,8385,77,73878,3499,100000
0$$HAR,14:35:18,420788791,-933144318,25233996,18838146,1637,78,73878,3499,100000
0$$HAR,14:35:21,420789486,-933145142,25276936,32244052,10783,77,73878,3499,100000
0$$HAR,14:35:24,420791887,-933146025,25316622,219285,7318,77,73878,3499,100000
0$$HAR,14:35:27,420792415,-933145739,25359119,29927734,5387,77,73878,3499,100000
0$$HAR,14:35:30,420793741,-933148231,25412073,25874368,9971,77,73878,3499,100000
0$$HAR,14:35:33,420792489,-933151581,25446479,23099310,9515,113,73878,3499,100000
0$$HAR,14:35:36,420792494,-933154414,25485612,25551030,17009,79,73878,3499,100000
0$$HAR,14:35:39,420791064,-933154802,25524337,7263937,5954,78,73878,3499,100000
0$$HAR,14:35:42,420789781,-933155711,25566200,21323010,11423,81,73878,3499,100000
0$$HAR,14:35:45,420787656,-933158015,25550139,22410822,7693,80,73878,3499,100000
0$$HAR,14:35:48,420786283,-933159659,25472659,22995250,5369,80,73878,3499,100000
0$$HAR,14:35:51,420785751,-933161215,25374175,27884482,4838,80,73878,3499,100000
0$$HAR,14:35:54,420786927,-933163349,25268522,32798810,4239,80,73878,3499,100000
0$$HAR,14:35:57,420787394,-933165291,25158918,30044368,5556,81,73878,3499,100000
0$$HAR,14:36:00,420787716,-933167465,25053488,28419310,2765,80,73878,3499,100000
0$$HAR,14:36:03,420787895,-933169139,24949437,29483408,1821,80,73878,3499,100000
0$$HAR,14:36:06,420787896,-933169762,24845893,5362002,1435,80,73878,3499,100000
0$$HAR,14:36:09,420787892,-933169399,24741362,3983777,4186,80,73878,3499,100000
0$$HAR,14:36:12,420787949,-933168981,24639969,12977580,3166,80,73878,3499,100000
0$$HAR,14:36:15,420787060,-933168895,24540566,18943660,3019,80,73878,3499,100000
0$$HAR,14:36:18,420786821,-933169215,24440854,6014170,2320,80,73878,3499,100000
0$$HAR,14:36:21,420787674,-933169863,24340680,33765840,5527,80,73878,3499,100000
0$$HAR,14:36:24,420788600,-933170851,24242249,31245466,6981,80,73878,3499,100000
0$$HAR,14:36:27,420789008,-933172529,24143596,29962052,7637,80,73878,3499,100000
0$$HAR,14:36:30,420789044,-933173984,24040593,25133340,8722,80,73878,3499,100000
0$$HAR,14:36:33,420789127,-933175913,23934675,25232574,8286,80,73878,3499,100000
0$$HAR,14:36:36,420789454,-933178506,23834081,27732488,5301,80,73878,3499,100000
0$$HAR,14:36:39,420789519,-933180108,23738892,26176228,5115,80,73878,3499,100000
0$$HAR,14:36:42,420789603,-933182159,23643567,26712402,3726,80,73878,3499,100000
0$$HAR,14:36:45,420789613,-933184353,23545041,29092782,5223,80,73878,3499,100000
0$$HAR,14:36:48,420789971,-933186783,23448533,30062152,6451,80,73878,3499,100000
0$$HAR,14:36:51,420790910,-933189125,23353874,31079932,8593,80,73878,3499,100000
0$$HAR,14:36:54,420792352,-933191193,23261041,32871766,5713,81,73878,3499,100000
0$$HAR,14:36:57,420793166,-933192547,23170462,33343206,5179,80,73878,3499,100000
0$$HAR,14:37:00,420793782,-933193937,23080348,33337528,3419,80,73878,3499,100000
0$$HAR,14:37:03,420794370,-933194422,22989298,689937,1398,80,73878,3499,100000
0$$HAR,14:37:06,420794378,-933193043,22897683,13308648,2651,80,73878,3499,100000
0$$HAR,14:37:09,420794248,-933192123,22809047,15431344,597,80,73878,3499,100000
0$$HAR,14:37:12,420794931,-933192085,22721499,4214234,3328,80,73878,3499,100000
0$$HAR,14:37:15,420795610,-933191560,22638930,2663651,3182,83,73878,3499,100000
0$$HAR,14:37:18,420796604,-933191667,22554751,759082,4883,80,73878,3499,100000
0$$HAR,14:37:21,420798155,-933192103,22468493,603948,3669,80,73878,3499,100000
0$$HAR,14:37:24,420799866,-933192721,22380609,33087652,5757,80,73878,3499,100000
0$$HAR,14:37:27,420801360,-933194588,22292637,32087046,5079,80,73878,3499,100000
0$$HAR,14:37:30,420802249,-933196282,22206227,35033164,3749,80,73878,3499,100000
0$$HAR,14:37:33,420803759,-933196916,22120720,2183930,6093,80,73878,3499,100000
0$$HAR,14:37:36,420805721,-933197616,22036118,35002252,4679,80,73878,3499,100000
0$$HAR,14:37:39,420807648,-933198226,21952789,35822844,3159,80,73878,3499,100000
0$$HAR,14:37:42,420808969,-933198560,21870274,34834168,4596,80,73878,3499,100000
0$$HAR,14:37:45,420809519,-933198514,21786311,31802678,4699,80,73878,3499,100000
0$$HAR,14:37:48,420809809,-933199008,21703696,26847064,3926,80,73878,3499,100000
0$$HAR,14:37:51,420810100,-933199019,21623667,35026764,1215,83,73878,3499,100000
0$$HAR,14:37:54,420811000,-933198870,21543363,32469914,533,80,73878,3499,100000
0$$HAR,14:37:57,420811982,-933198705,21461652,32876100,3237,80,73878,3499,100000
0$$HAR,14:38:00,420813167,-933199480,21381448,29778698,3144,80,73878,3499,100000
0$$HAR,14:38:03,420813519,-933200227,21305926,32356450,1432,80,73878,3499,100000
0$$HAR,14:38:06,420813811,-933200806,21231674,29801662,2823,80,73878,3499,100000
0$$HAR,14:38:09,420814306,-933200754,21152788,7436131,3948,81,73878,3499,100000
0$$HAR,14:38:12,420814776,-933199742,21074192,5203498,6151,81,73878,3499,100000
0$$HAR,14:38:15,420815781,-933199672,20996208,1517106,3883,89,73878,3499,100000
0$$HAR,14:38:18,420816291,-933200380,20921975,33085308,1637,83,73878,3499,100000
0$$HAR,14:38:21,420817011,-933200581,20847189,28493044,2252,79,73878,3499,100000
0$$HAR,14:38:24,420817538,-933200036,20770290,779566,6028,79,73878,3499,100000
0$$HAR,14:38:27,420818128,-933199829,20693741,1499065,4336,79,73878,3499,100000
0$$HAR,14:38:30,420819216,-933200081,20617605,1888025,3928,79,73878,3499,100000
0$$HAR,14:38:33,420820439,-933201077,20543494,30396446,4782,83,73878,3499,100000
0$$HAR,14:38:36,420821301,-933202583,20473069,28461966,5169,79,73878,3499,100000
0$$HAR,14:38:39,420821262,-933203552,20405476,24215956,4177,83,73878,3499,100000
0$$HAR,14:38:42,420821157,-933204292,20335789,23778812,4080,79,73878,3499,100000
0$$HAR,14:38:45,420820495,-933204343,20263945,1669160,566,79,73878,3499,100000
0$$HAR,14:38:48,420819185,-933204529,20192599,17811286,7815,79,73878,3499,100000
0$$HAR,14:38:51,420817741,-933204570,20120663,17094042,6425,83,73878,3499,100000
0$$HAR,14:38:54,420816252,-933203975,20052978,16994656,2228,79,73878,3499,100000
0$$HAR,14:38:57,420815978,-933203893,19983861,18733256,4555,79,73878,3499,100000
0$$HAR,14:39:00,420814666,-933203440,19915952,14417050,7588,79,73878,3499,100000
0$$HAR,14:39:03,420812887,-933201640,19848479,13316620,11987,79,73878,3499,100000
0$$HAR,14:39:06,420811755,-933198516,19779261,11342384,10190,79,73878,3499,100000
0$$HAR,14:39:09,420810685,-933195887,19711909,15226844,6674,79,73878,3499,100000
0$$HAR,14:39:12,420808835,-933193780,19644914,15048766,9794,79,73878,3499,100000
0$$HAR,14:39:15,420807902,-933192235,19580799,11459256,2403,79,73878,3499,100000
0$$HAR,14:39:18,420808146,-933190879,19513601,13046356,2624,79,73878,3499,100000
0$$HAR,14:39:21,420808530,-933190173,19443261,10607110,2786,79,73878,3499,100000
0$$HAR,14:39:24,420809341,-933190734,19373311,35162416,5127,79,73878,3499,100000
0$$HAR,14:39:27,420810459,-933191658,19303118,35748832,7999,79,73878,3499,100000
0$$HAR,14:39:30,420811418,-933193315,19230538,30472004,8153,79,73878,3499,100000
0$$HAR,14:39:33,420812049,-933194938,19163301,27162800,3196,79,73878,3499,100000
0$$HAR,14:39:36,420812120,-933194946,19094953,31950750,3420,79,73878,3499,100000
0$$HAR,14:39:39,420812435,-933194711,19029166,32387872,3242,79,73878,3499,100000
0$$HAR,14:39:42,420812984,-933194836,18962062,33520504,456,79,73878,3499,100000
0$$HAR,14:39:45,420813790,-933194668,18896463,8761688,4437,79,73878,3499,100000
0$$HAR,14:39:48,420813216,-933193032,18829731,13037174,5045,79,73878,3499,100000
0$$HAR,14:39:51,420812785,-933190859,18763891,12095160,6199,79,73878,3499,100000
0$$HAR,14:39:54,420813253,-933188041,18697990,9725088,7784,79,73878,3499,100000
0$$HAR,14:39:57,420814250,-933185633,18630662,5947202,10721,79,73878,3499,100000
0$$HAR,14:40:00,420814548,-933183331,18563669,7147278,9650,79,73878,3499,100000
0$$HAR,14:40:03,420814377,-933179648,18497549,7874945,13130,79,73878,3499,100000
0$$HAR,14:40:06,420814445,-933176258,18433508,7905691,11278,79,73878,3499,100000
1$$HAR,14:40:09,420815734,-933172668,18369565,5899794,5861,79,73878,3499,100000
0$$HAR,14:40:12,420816237,-933169249,18306546,9033406,10911,79,73878,3499,100000
0$$HAR,14:40:15,420816955,-933166172,18242798,8024337,10733,79,73878,3499,100000
0$$HAR,14:40:18,420817351,-933163369,18178759,9740372,11794,79,73878,3499,100000
0$$HAR,14:40:21,420817915,-933160645,18116546,6377250,10423,83,73878,3499,100000
0$$HAR,14:40:24,420818098,-933158033,18054418,6225975,7133,83,73878,3499,100000
0$$HAR,14:40:27,420818583,-933156094,17991604,4131487,8008,83,73878,3499,100000
0$$HAR,14:40:30,420819507,-933154313,17928356,2634640,6850,83,73878,3499,100000
0$$HAR,14:40:33,420820556,-933153147,17867991,865903,3565,83,73878,3499,100000
0$$HAR,14:40:36,420821856,-933152837,17811659,28835816,4429,106,73878,3499,100000
0$$HAR,14:40:39,420822770,-933152997,17752227,5784938,2147,85,73878,3499,100000
0$$HAR,14:40:42,420823348,-933151497,17692969,10480666,1117,86,73878,3499,100000
0$$HAR,14:40:45,420822227,-933149957,17633218,12407874,3763,85,73878,3499,100000
0$$HAR,14:40:48,420822079,-933147597,17572215,10050034,5183,85,73878,3499,100000
0$$HAR,14:40:51,420821887,-933144609,17511631,11478600,7991,83,73878,3499,100000
0$$HAR,14:40:54,420821132,-933140974,17454349,13104072,9983,83,73878,3499,100000
0$$HAR,14:40:57,420819748,-933137906,17399171,11311704,8598,83,73878,3499,100000
0$$HAR,14:41:00,420818670,-933134144,17344992,11015620,15357,83,73878,3499,100000
0$$HAR,14:41:03,420818365,-933128823,17289837,8469724,13515,83,73878,3499,100000
0$$HAR,14:41:06,420818803,-933124831,17234170,7408140,12933,83,73878,3499,100000
0$$HAR,14:41:09,420819862,-933121675,17179138,5860436,5109,83,73878,3499,100000
0$$HAR,14:41:12,420820959,-933118953,17124373,3996180,10901,83,73878,3499,100000
0$$HAR,14:41:15,420822770,-933115601,17066952,3442179,11511,83,73878,3499,100000
0$$HAR,14:41:18,420824311,-933112604,17008823,6021085,11390,83,73878,3499,100000
0$$HAR,14:41:21,420826328,-933108875,16954663,4006826,15531,83,73878,3499,100000
0$$HAR,14:41:24,420828818,-933104285,16900606,5542812,14318,83,73878,3499,100000
0$$HAR,14:41:27,420830181,-933099994,16848714,6165609,13227,83,73878,3499,100000
0$$HAR,14:41:30,420831893,-933096158,16796720,5247232,10965,83,73878,3499,100000
0$$HAR,14:41:33,420833244,-933092488,16742946,5012472,11137,83,73878,3499,100000
0$$HAR,14:41:36,420834317,-933089854,16690103,4685072,4069,83,73878,3499,100000
0$$HAR,14:41:39,420834726,-933086558,16633731,9226088,12980,83,73878,3499,100000
0$$HAR,14:41:42,420835075,-933082694,16579301,8299860,13475,83,73878,3499,100000
0$$HAR,14:41:45,420835366,-933078690,16528073,8406166,7438,83,73878,3499,100000
0$$HAR,14:41:48,420835106,-933074459,16475123,9413932,16170,83,73878,3499,100000
0$$HAR,14:41:51,420834392,-933068515,16421429,9340704,19085,84,73878,3499,100000
0$$HAR,14:41:54,420833815,-933063324,16367758,9314372,13802,84,73878,3499,100000
0$$HAR,14:41:57,420833392,-933059649,16316886,8633116,8984,84,73878,3499,100000
0$$HAR,14:42:00,420833867,-933056666,16263997,11790708,8856,84,73878,3499,100000
0$$HAR,14:42:03,420833353,-933053330,16210235,10824574,13257,84,73878,3499,100000
0$$HAR,14:42:06,420833254,-933049799,16156018,9464346,11166,84,73878,3499,100000
0$$HAR,14:42:09,420833354,-933045652,16105474,9638526,10839,84,73878,3499,100000
0$$HAR,14:42:12,420833395,-933042372,16055260,9903706,11727,84,73878,3499,100000
0$$HAR,14:42:15,420833625,-933038955,16005746,5948822,11647,84,73878,3499,100000
0$$HAR,14:42:18,420834231,-933034614,15955342,8930996,13612,84,73878,3499,100000
0$$HAR,14:42:21,420834507,-933029411,15906447,8685148,10616,84,73878,3499,100000
0$$HAR,14:42:24,420835292,-933025581,15856522,8968310,13492,84,73878,3499,100000
0$$HAR,14:42:27,420834763,-933020641,15808251,9263192,15862,84,73878,3499,100000
0$$HAR,14:42:30,420835055,-933017495,15759227,5995167,6530,84,73878,3499,100000
0$$HAR,14:42:33,420836120,-933014585,15709136,9622700,5147,84,73878,3499,100000
0$$HAR,14:42:36,420836569,-933012801,15660592,6545418,9301,84,73878,3499,100000
0$$HAR,14:42:39,420837144,-933009689,15615213,9422452,9041,84,73878,3499,100000
0$$HAR,14:42:42,420837464,-933004680,15567114,8703474,17376,84,73878,3499,100000
0$$HAR,14:42:45,420838435,-932999245,15521661,7519942,16395,84,73878,3499,100000
0$$HAR,14:42:48,420838466,-932994434,15474276,11145700,8982,84,73878,3499,100000
0$$HAR,14:42:51,420838464,-932990219,15427047,8742156,13879,84,73878,3499,100000
0$$HAR,14:42:54,420837978,-932985994,15382595,9136044,13181,84,73878,3499,100000
0$$HAR,14:42:57,420836824,-932980993,15334461,10550606,13026,84,73878,3499,100000
0$$HAR,14:43:00,420835612,-932975451,15286370,9954428,12550,84,73878,3499,100000
0$$HAR,14:43:03,420834714,-932969384,15235712,11331850,14610,84,73878,3499,100000
0$$HAR,14:43:06,420834595,-932964429,15184942,9431432,17486,94,73878,3499,100000
0$$HAR,14:43:09,420834092,-932958523,15136738,9784650,19546,84,73878,3499,100000
0$$HAR,14:43:12,420833770,-932951813,15090175,8321557,20850,84,73878,3499,100000
0$$HAR,14:43:15,420833631,-932944172,15042635,8400794,17144,84,73878,3499,100000
0$$HAR,14:43:18,420833454,-932937956,14995132,10586132,16108,84,73878,3499,100000
0$$HAR,14:43:21,420832336,-932930952,14949352,8587938,20075,84,73878,3499,100000
0$$HAR,14:43:24,420832439,-932924701,14901183,8934284,18674,84,73878,3499,100000
0$$HAR,14:43:27,420832460,-932919244,14856095,9757974,17117,84,73878,3499,100000
0$$HAR,14:43:30,420833467,-932913439,14809391,8359400,18562,84,73878,3499,100000
0$$HAR,14:43:33,420833412,-932908170,14762138,8325861,11325,84,73878,3499,100000
0$$HAR,14:43:36,420833166,-932903424,14715685,8309309,16711,84,73878,3499,100000
0$$HAR,14:43:39,420832792,-932898261,14670129,10717458,18267,84,73878,3499,100000
0$$HAR,14:43:42,420830693,-932892421,14626773,12473076,15145,84,73878,3499,100000
0$$HAR,14:43:45,420829165,-932886890,14581464,8690084,15657,84,73878,3499,100000
0$$HAR,14:43:48,420828733,-932881931,14536740,8467902,13737,84,73878,3499,100000
0$$HAR,14:43:51,420828706,-932878189,14491828,11594722,12436,84,73878,3499,100000
0$$HAR,14:43:54,420828589,-932873249,14443849,6448889,9282,84,73878,3499,100000
0$$HAR,14:43:57,420828884,-932868863,14394770,7501491,15072,84,73878,3499,100000
1$$HAR,14:44:00,420829355,-932865330,14348981,6888069,12325,84,73878,3499,100000
0$$HAR,14:44:03,420829520,-932858145,14303453,8955380,24596,84,73878,3499,100000
0$$HAR,14:44:06,420830286,-932849540,14261667,9290164,24044,84,73878,3499,100000
0$$HAR,14:44:09,420830109,-932842704,14217662,8922598,17936,84,73878,3499,100000
0$$HAR,14:44:12,420830361,-932835238,14173058,8073252,15593,84,73878,3499,100000
0$$HAR,14:44:15,420829643,-932829422,14127343,9305454,21277,84,73878,3499,100000
0$$HAR,14:44:18,420829127,-932822572,14082281,10583648,21768,84,73878,3499,100000
0$$HAR,14:44:21,420828630,-932815270,14038556,10575998,19002,84,73878,3499,100000
0$$HAR,14:44:24,420827054,-932808041,13997486,9319982,22434,84,73878,3499,100000
0$$HAR,14:44:27,420827125,-932801543,13953532,9892276,18081,84,73878,3499,100000
0$$HAR,14:44:30,420827234,-932795707,13910270,9090160,20796,84,73878,3499,100000
0$$HAR,14:44:33,420827772,-932788065,13869440,8551220,23161,84,73878,3499,100000
0$$HAR,14:44:36,420828676,-932779593,13830348,8772648,23479,84,73878,3499,100000
0$$HAR,14:44:39,420828617,-932772301,13787448,7620108,19252,84,73878,3499,100000
0$$HAR,14:44:42,420829150,-932765896,13745031,7286302,20239,84,73878,3499,100000
0$$HAR,14:44:45,420829802,-932758456,13701106,9009106,18491,84,73878,3499,100000
0$$HAR,14:44:48,420831057,-932751028,13657606,8466114,24569,86,73878,3499,100000
0$$HAR,14:44:51,420831015,-932743052,13616442,9288248,17876,84,73878,3499,100000
0$$HAR,14:44:54,420832249,-932735411,13573043,8198283,27236,84,73878,3499,100000
0$$HAR,14:44:57,420833059,-932727616,13529169,7119662,21215,84,73878,3499,100000
0$$HAR,14:45:00,420835245,-932719261,13486815,6989260,20648,84,73878,3499,100000
0$$HAR,14:45:03,420838148,-932711977,13446410,5994528,27961,84,73878,3499,100000
0$$HAR,14:45:06,420840355,-932702225,13404348,7812109,23255,84,73878,3499,100000
0$$HAR,14:45:09,420842497,-932693092,13360620,8135878,30357,84,73878,3499,100000
0$$HAR,14:45:12,420843226,-932682155,13321956,7979850,30374,84,73878,3499,100000
0$$HAR,14:45:15,420844751,-932673508,13280557,8938792,20354,84,73878,3499,100000
0$$HAR,14:45:18,420845507,-932666347,13239322,7249829,24659,84,73878,3499,100000
0$$HAR,14:45:21,420846370,-932657505,13196160,8126740,23786,84,73878,3499,100000
0$$HAR,14:45:24,420847913,-932648629,13154773,7325214,20889,84,73878,3499,100000
0$$HAR,14:45:27,420848515,-932640160,13112889,7670826,25988,84,73878,3499,100000
0$$HAR,14:45:30,420849703,-932632047,13069721,8274680,26972,84,73878,3499,100000
0$$HAR,14:45:33,420852055,-932623557,13027521,7129320,20616,84,73878,3499,100000
0$$HAR,14:45:36,420854901,-932615403,12985741,5712919,22059,84,73878,3499,100000
0$$HAR,14:45:39,420856708,-932609345,12943850,7477573,15522,94,73878,3499,100000
0$$HAR,14:45:42,420859069,-932603335,12903523,6815248,24713,87,73878,3499,100000
0$$HAR,14:45:45,420861326,-932595340,12863739,6974326,26106,87,73878,3499,100000
0$$HAR,14:45:48,420862637,-932587739,12824221,6872209,15773,87,73878,3499,100000
0$$HAR,14:45:51,420865716,-932581813,12784678,5477784,24389,88,73878,3499,100000
1$$HAR,14:45:54,420868462,-932575903,12746490,8033756,16807,84,73878,3499,100000
0$$HAR,14:45:57,420870241,-932568304,12706050,5794897,24164,84,73878,3499,100000
0$$HAR,14:46:00,420873870,-932562439,12670224,4563626,19118,84,73878,3499,100000
0$$HAR,14:46:03,420876495,-932558208,12635938,5657642,13245,84,73878,3499,100000
0$$HAR,14:46:06,420879508,-932553214,12599524,5772804,23891,84,73878,3499,100000
0$$HAR,14:46:09,420881360,-932546029,12559775,7243007,14004,84,73878,3499,100000
0$$HAR,14:46:12,420884118,-932540219,12519727,5872791,23876,84,73878,3499,100000
0$$HAR,14:46:15,420886770,-932532597,12483838,8204995,19787,84,73878,3499,100000
0$$HAR,14:46:18,420887361,-932526800,12446477,8446160,17819,84,73878,3499,100000
0$$HAR,14:46:21,420889296,-932520954,12406571,7136041,14327,84,73878,3499,100000
0$$HAR,14:46:24,420890908,-932515251,12366457,6027887,13387,84,73878,3499,100000
0$$HAR,14:46:27,420892030,-932509410,12327614,6914813,21611,84,73878,3499,100000
0$$HAR,14:46:30,420894225,-932503470,12287907,7771026,18740,84,73878,3499,100000
0$$HAR,14:46:33,420896283,-932497537,12247353,7276211,13940,84,73878,3499,100000
0$$HAR,14:46:36,420898379,-932491349,12207857,5637867,17480,84,73878,3499,100000
0$$HAR,14:46:39,420899800,-932484307,12169699,7568574,22739,84,73878,3499,100000
0$$HAR,14:46:42,420902187,-932477228,12133749,7137786,16580,84,73878,3499,100000
0$$HAR,14:46:45,420903275,-932471406,12094099,6156665,14288,84,73878,3499,100000
0$$HAR,14:46:48,420904326,-932465666,12056485,8088200,20281,84,73878,3499,100000
0$$HAR,14:46:51,420906155,-932459799,12019835,6618415,12116,84,73878,3499,100000
0$$HAR,14:46:54,420907648,-932455300,11982206,6267720,19973,84,73878,3499,100000
0$$HAR,14:46:57,420909158,-932449456,11943227,5588923,16419,84,73878,3499,100000
0$$HAR,14:47:00,420910720,-932444004,11903227,5601284,14594,84,73878,3499,100000
0$$HAR,14:47:03,420912790,-932438533,11864434,8088941,14716,84,73878,3499,100000
0$$HAR,14:47:06,420914700,-932432049,11825082,7254370,20570,84,73878,3499,100000
0$$HAR,14:47:09,420915918,-932425444,11787886,6421277,21340,84,73878,3499,100000
0$$HAR,14:47:12,420917954,-932418093,11752308,8452912,21231,84,73878,3499,100000
0$$HAR,14:47:15,420918597,-932412900,11716518,5481151,11984,85,73878,3499,100000
0$$HAR,14:47:18,420920485,-932407446,11679664,7862609,19919,85,73878,3499,100000
0$$HAR,14:47:21,420922143,-932402123,11642970,7537703,13359,85,73878,3499,100000
0$$HAR,14:47:24,420923633,-932395838,11607079,6181770,16728,85,73878,3499,100000
0$$HAR,14:47:27,420924490,-932389840,11569349,8115484,21879,85,73878,3499,100000
0$$HAR,14:47:30,420926174,-932384104,11531649,7769787,16346,85,73878,3499,100000
0$$HAR,14:47:33,420928062,-932378501,11494465,5702865,13500,85,73878,3499,100000
0$$HAR,14:47:36,420929567,-932374688,11461104,5086282,13224,85,73878,3499,100000
0$$HAR,14:47:39,420931162,-932368776,11424495,8038418,15153,85,73878,3499,100000
0$$HAR,14:47:42,420932835,-932363369,11386336,7611352,20993,85,73878,3499,100000
0$$HAR,14:47:45,420934295,-932357790,11349528,5475696,16828,85,73878,3499,100000
0$$HAR,14:47:48,420935593,-932353491,11314696,8624186,14354,85,73878,3499,100000
0$$HAR,14:47:51,420936801,-932348040,11278289,7276909,11279,85,73878,3499,100000
0$$HAR,14:47:54,420937900,-932342574,11241760,7839911,12197,85,73878,3499,100000
0$$HAR,14:47:57,420938872,-932336992,11205352,7051859,14114,85,73878,3499,100000
0$$HAR,14:48:00,420939020,-932332003,11169761,8378070,10722,85,73878,3499,100000
0$$HAR,14:48:03,420940165,-932326743,11132317,9021926,19136,85,73878,3499,100000
0$$HAR,14:48:06,420940899,-932321408,11095907,6597833,17495,85,73878,3499,100000
0$$HAR,14:48:09,420941819,-932315598,11059915,6999914,11160,98,73878,3499,100000
0$$HAR,14:48:12,420943034,-932310333,11023127,7956902,12629,87,73878,3499,100000
0$$HAR,14:48:15,420944578,-932306625,10988461,5165198,15921,86,73878,3499,100000
0$$HAR,14:48:18,420946089,-932300838,10952370,8320947,12934,86,73878,3499,100000
0$$HAR,14:48:21,420948006,-932295751,10914971,7550753,16158,86,73878,3499,100000
0$$HAR,14:48:24,420950016,-932291408,10879467,4993753,17771,86,73878,3499,100000
0$$HAR,14:48:27,420951760,-932285503,10843992,8363678,13639,86,73878,3499,100000
0$$HAR,14:48:30,420952435,-932281531,10811967,6559551,10103,86,73878,3499,100000
0$$HAR,14:48:33,420954360,-932277217,10779767,7153431,19380,86,73878,3499,100000
0$$HAR,14:48:36,420955407,-932271985,10744565,6202854,16277,86,73878,3499,100000
0$$HAR,14:48:39,420956749,-932265512,10709659,6768083,17887,86,73878,3499,100000
0$$HAR,14:48:42,420958899,-932260990,10677028,4990597,13717,81,73878,3499,100000
0$$HAR,14:48:45,420960966,-932257546,10647799,4931372,11832,81,73878,3499,100000
0$$HAR,14:48:48,420963211,-932252420,10615887,7221152,16987,81,73878,3499,100000
0$$HAR,14:48:51,420964176,-932247749,10580855,5631601,14540,81,73878,3499,100000
0$$HAR,14:48:54,420966450,-932243119,10547749,6817187,11934,81,73878,3499,100000
0$$HAR,14:48:57,420966562,-932238977,10514991,9243992,14153,81,73878,3499,100000
0$$HAR,14:49:00,420966917,-932232884,10481999,6907514,15532,81,73878,3499,100000
0$$HAR,14:49:03,420967309,-932227419,10445697,8074136,19588,81,73878,3499,100000
0$$HAR,14:49:06,420968402,-932222488,10410957,6692720,12974,81,73878,3499,100000
0$$HAR,14:49:09,420970424,-932217358,10379263,6097533,14772,81,73878,3499,100000
0$$HAR,14:49:12,420971212,-932212206,10343995,7207314,18192,81,73878,3499,100000
0$$HAR,14:49:15,420972247,-932207982,10309679,8767186,10033,81,73878,3499,100000
0$$HAR,14:49:18,420973522,-932203522,10275515,6930591,12099,81,73878,3499,100000
0$$HAR,14:49:21,420973936,-932197882,10240314,7141850,16940,81,73878,3499,100000
0$$HAR,14:49:24,420974483,-932191614,10206887,9363284,17586,81,73878,3499,100000
0$$HAR,14:49:27,420975036,-932186111,10173523,8131386,18363,81,73878,3499,100000
0$$HAR,14:49:30,420975559,-932180614,10138989,7963294,18477,81,73878,3499,100000
0$$HAR,14:49:33,420975582,-932175240,10104990,7584680,10382,81,73878,3499,100000
0$$HAR,14:49:36,420976709,-932170178,10068838,9040448,12218,81,73878,3499,100000
0$$HAR,14:49:39,420977655,-932165135,10033654,7166387,15160,81,73878,3499,100000
0$$HAR,14:49:42,420978065,-932161020,10000761,9464120,12781,81,73878,3499,100000
0$$HAR,14:49:45,420979227,-932156366,9967111,6962471,18053,81,73878,3499,100000
0$$HAR,14:49:48,420979909,-932151125,9931637,7109950,15068,81,73878,3499,100000
0$$HAR,14:49:51,420980614,-932144689,9899755,9400258,16860,81,73878,3499,100000
0$$HAR,14:49:54,420980729,-932140160,9866603,6975173,15603,81,73878,3499,100000
0$$HAR,14:49:57,420980848,-932135168,9832748,8419496,15305,81,73878,3499,100000
0$$HAR,14:50:00,420980902,-932129859,9800400,8152848,12248,81,73878,3499,100000
0$$HAR,14:50:03,420981695,-932125330,9768603,9890926,11754,81,73878,3499,100000
0$$HAR,14:50:06,420981703,-932119953,9735066,8396534,11394,81,73878,3499,100000
0$$HAR,14:50:09,420980884,-932115865,9703386,11218722,15772,81,73878,3499,100000
0$$HAR,14:50:12,420979848,-932109525,9673894,8961650,19656,81,73878,3499,100000
0$$HAR,14:50:15,420979317,-932102701,9644280,11172566,17092,81,73878,3499,100000
0$$HAR,14:50:18,420978892,-932097546,9611837,7777409,17111,81,73878,3499,100000
0$$HAR,14:50:21,420978803,-932092213,9579162,9069666,18116,81,73878,3499,100000
0$$HAR,14:50:24,420978310,-932086787,9546881,10377330,10873,81,73878,3499,100000
0$$HAR,14:50:27,420978440,-932081385,9514105,9748646,20156,81,73878,3499,100000
0$$HAR,14:50:30,420978117,-932075270,9481387,8090496,14866,91,73878,3499,100000
1$$HAR,14:50:33,420977743,-932070684,9449041,8283112,13139,82,73878,3499,100000
0$$HAR,14:50:36,420977545,-932064405,9415466,11292034,16701,84,73878,3499,100000
0$$HAR,14:50:39,420976342,-932059209,9383337,11318238,17531,81,73878,3499,100000
0$$HAR,14:50:42,420976056,-932053546,9352408,8273016,18927,80,73878,3499,100000
0$$HAR,14:50:45,420975483,-932046527,9321761,10692276,16102,80,73878,3499,100000
0$$HAR,14:50:48,420974826,-932040625,9287698,10991998,15819,80,73878,3499,100000
0$$HAR,14:50:51,420974155,-932035042,9253712,10709836,20178,80,73878,3499,100000
0$$HAR,14:50:54,420973327,-932029447,9220533,8654768,17919,80,73878,3499,100000
0$$HAR,14:50:57,420972253,-932023034,9187874,10747756,13225,80,73878,3499,100000
0$$HAR,14:51:00,420971647,-932016995,9154901,10682736,17980,80,73878,3499,100000
0$$HAR,14:51:03,420970099,-932011227,9123416,10868352,20726,80,73878,3499,100000
0$$HAR,14:51:06,420969344,-932005575,9091502,10450908,16558,80,73878,3499,100000
0$$HAR,14:51:09,420967524,-931999788,9060116,12297168,14852,83,73878,3499,100000
0$$HAR,14:51:12,420965267,-931993878,9030044,10574476,22089,83,73878,3499,100000
0$$HAR,14:51:15,420964416,-931988333,8998395,10025988,13825,83,73878,3499,100000
0$$HAR,14:51:18,420963503,-931981291,8967548,10069448,21995,83,73878,3499,100000
0$$HAR,14:51:21,420962468,-931974737,8937390,12183996,16445,83,73878,3499,100000
0$$HAR,14:51:24,420960074,-931968315,8906341,10336110,22490,83,73878,3499,100000
0$$HAR,14:51:27,420958704,-931961601,8874397,11376162,22381,83,73878,3499,100000
0$$HAR,14:51:30,420957356,-931954037,8843966,8966882,21287,83,73878,3499,100000
0$$HAR,14:51:33,420957125,-931947943,8813779,10875424,17613,83,73878,3499,100000
0$$HAR,14:51:36,420956362,-931940271,8782976,8766552,21019,83,73878,3499,100000
0$$HAR,14:51:39,420956564,-931933871,8754653,9923442,13770,83,73878,3499,100000
0$$HAR,14:51:42,420955388,-931927661,8722699,8907546,17323,83,73878,3499,100000
0$$HAR,14:51:45,420954724,-931922326,8692172,11467404,17437,83,73878,3499,100000
0$$HAR,14:51:48,420953248,-931915958,8662296,11233900,15212,83,73878,3499,100000
0$$HAR,14:51:51,420953070,-931910416,8632913,8239649,19205,83,73878,3499,100000
0$$HAR,14:51:54,420952147,-931903234,8603097,11551010,18923,83,73878,3499,100000
0$$HAR,14:51:57,420950906,-931897869,8575383,8894418,17123,83,73878,3499,100000
0$$HAR,14:52:00,420949889,-931891212,8544032,10360720,14052,83,73878,3499,100000
0$$HAR,14:52:03,420949328,-931884720,8512292,10854574,17738,83,73878,3499,100000
0$$HAR,14:52:06,420948318,-931879338,8483333,9197118,17678,83,73878,3499,100000
0$$HAR,14:52:09,420948161,-931872771,8454054,10413000,20857,83,73878,3499,100000
0$$HAR,14:52:12,420946779,-931865384,8423445,9436516,21994,83,73878,3499,100000
0$$HAR,14:52:15,420946734,-931859096,8395344,9939364,13677,83,73878,3499,100000
0$$HAR,14:52:18,420945778,-931852469,8363845,9175136,17178,83,73878,3499,100000
0$$HAR,14:52:21,420944812,-931846563,8332888,9137654,18099,83,73878,3499,100000
0$$HAR,14:52:24,420945017,-931840193,8304631,8744360,19864,83,73878,3499,100000
0$$HAR,14:52:27,420943688,-931833122,8275890,12047358,18733,83,73878,3499,100000
0$$HAR,14:52:30,420942631,-931827279,8245485,9271490,20900,83,73878,3499,100000
0$$HAR,14:52:33,420941296,-931821219,8214995,11006554,13173,83,73878,3499,100000
0$$HAR,14:52:36,420940395,-931815252,8185203,11560620,18478,83,73878,3499,100000
0$$HAR,14:52:39,420939138,-931810075,8155178,10068896,16103,83,73878,3499,100000
0$$HAR,14:52:42,420937482,-931803923,8125404,9715598,19643,83,73878,3499,100000
0$$HAR,14:52:45,420936111,-931796930,8094354,12031108,19283,83,73878,3499,100000
0$$HAR,14:52:48,420933996,-931791702,8067434,10838470,13737,83,73878,3499,100000
0$$HAR,14:52:51,420933278,-931785293,8037641,10922288,22217,83,73878,3499,100000
0$$HAR,14:52:54,420931794,-931778921,8006504,8853802,18012,83,73878,3499,100000
0$$HAR,14:52:57,420930672,-931771863,7977217,10525758,20862,83,73878,3499,100000
0$$HAR,14:53:00,420929116,-931765791,7947459,10582264,21463,83,73878,3499,100000
0$$HAR,14:53:03,420928513,-931758776,7917773,10402240,14379,83,73878,3499,100000
0$$HAR,14:53:06,420926947,-931752094,7886851,9543770,21576,83,73878,3499,100000
0$$HAR,14:53:09,420925192,-931745938,7857068,11822552,19622,83,73878,3499,100000
0$$HAR,14:53:09,420925192,-931745938,7857068,11822552,19622,83,73878,3499,100000
0$$HAR,14:53:15,420920341,-931734580,7805737,11207768,17861,83,73878,3499,100000
0$$HAR,14:53:18,420918929,-931728304,7775246,12023806,14770,84,73878,3499,100000
0$$HAR,14:53:18,420918929,-931728304,7775246,12023806,14770,84,73878,3499,100000
0$$HAR,14:53:24,420915739,-931715538,7722357,11215098,13553,86,73878,3499,100000
0$$HAR,14:53:27,420914561,-931709453,7690809,8977500,18770,83,73878,3499,100000
0$$HAR,14:53:30,420914326,-931703714,7662790,9716262,20329,83,73878,3499,100000
0$$HAR,14:53:30,420914326,-931703714,7662790,9716262,20329,83,73878,3499,100000
0$$HAR,14:53:36,420912234,-931692362,7606911,8437136,16942,83,73878,3499,100000
0$$HAR,14:53:36,420912234,-931692362,7606911,8437136,16942,83,73878,3499,100000
0$$HAR,14:53:36,420912234,-931692362,7606911,8437136,16942,83,73878,3499,100000
0$$HAR,14:53:45,420909067,-931674740,7518882,8984212,18683,83,73878,3499,100000
0$$HAR,14:53:45,420909067,-931674740,7518882,8984212,18683,83,73878,3499,100000
0$$HAR,14:53:51,420906805,-931662359,7460554,8733364,17289,83,73878,3499,100000
0$$HAR,14:53:54,420906615,-931656786,7431766,9425720,18895,83,73878,3499,100000
0$$HAR,14:53:57,420906165,-931650233,7401676,11374304,19118,83,73878,3499,100000
0$$HAR,14:54:00,420905139,-931643144,7373895,9236960,15195,83,73878,3499,100000
0$$HAR,14:54:03,420905069,-931636529,7345225,8106511,18061,83,73878,3499,100000
0$$HAR,14:54:06,420905159,-931631310,7318060,8983712,14466,83,73878,3499,100000
0$$HAR,14:54:09,420904815,-931625814,7288790,8770904,12583,83,73878,3499,100000
0$$HAR,14:54:12,420904806,-931619308,7260331,10182616,20474,83,73878,3499,100000
0$$HAR,14:54:15,420904775,-931613328,7231367,8410800,17671,83,73878,3499,100000
0$$HAR,14:54:18,420904175,-931606382,7204299,10977134,17326,83,73878,3499,100000
0$$HAR,14:54:21,420903786,-931601372,7176543,8029332,17270,83,73878,3499,100000
0$$HAR,14:54:24,420903376,-931594269,7148386,10759118,16816,83,73878,3499,100000
0$$HAR,14:54:27,420903383,-931588411,7118853,9347296,19744,83,73878,3499,100000
0$$HAR,14:54:30,420902463,-931582089,7090343,8657528,14101,83,73878,3499,100000
0$$HAR,14:54:33,420902571,-931575091,7060805,9416984,20229,83,73878,3499,100000
0$$HAR,14:54:36,420902315,-931568822,7030860,10865342,18639,83,73878,3499,100000
0$$HAR,14:54:39,420901893,-931561293,7002247,8001912,19716,83,73878,3499,100000
0$$HAR,14:54:42,420901669,-931555597,6973508,10838170,19164,83,73878,3499,100000
0$$HAR,14:54:45,420901456,-931548219,6943982,8583836,15784,83,73878,3499,100000
0$$HAR,14:54:48,420900740,-931541539,6914527,9064146,21980,83,73878,3499,100000
0$$HAR,14:54:51,420900138,-931534842,6884745,10167524,21540,83,73878,3499,100000
0$$HAR,14:54:54,420899937,-931526740,6858090,8763890,21955,83,73878,3499,100000
0$$HAR,14:54:57,420899077,-931519452,6829492,9759934,15301,83,73878,3499,100000
0$$HAR,14:55:00,420899127,-931514124,6802299,10028980,13701,83,73878,3499,100000
0$$HAR,14:55:03,420899373,-931508328,6775045,8623554,20588,83,73878,3499,100000
0$$HAR,14:55:06,420898726,-931500886,6746701,9542746,16567,83,73878,3499,100000
0$$HAR,14:55:09,420898799,-931494138,6717552,9531706,21894,83,73878,3499,100000
0$$HAR,14:55:12,420898117,-931488242,6688753,8440514,12615,83,73878,3499,100000
0$$HAR,14:55:15,420898595,-931481913,6661233,9626096,21522,83,73878,3499,100000
0$$HAR,14:55:18,420897819,-931475591,6632934,8853372,11810,83,73878,3499,100000
0$$HAR,14:55:21,420898158,-931471447,6607001,9609154,11347,83,73878,3499,100000
0$$HAR,14:55:24,420898194,-931465996,6577291,8078281,11662,83,73878,3499,100000
0$$HAR,14:55:27,420897615,-931461027,6547896,8962266,16921,83,73878,3499,100000
0$$HAR,14:55:30,420897572,-931456815,6519386,11079564,12073,83,73878,3499,100000
0$$HAR,14:55:33,420897703,-931451893,6491397,8026400,15237,83,73878,3499,100000
0$$HAR,14:55:36,420897096,-931446290,6465823,11528192,14412,85,73878,3499,100000
1$$HAR,14:55:39,420896400,-931442637,6439718,7544762,12214,83,73878,3499,100000
0$$HAR,14:55:42,420896386,-931436936,6411667,11124378,15989,83,73878,3499,100000
0$$HAR,14:55:45,420895708,-931431260,6383587,7974229,15353,83,73878,3499,100000
0$$HAR,14:55:48,420895319,-931427111,6355264,11037350,13570,83,73878,3499,100000
0$$HAR,14:55:51,420895299,-931421567,6327048,7704803,13237,83,73878,3499,100000
0$$HAR,14:55:54,420895014,-931417657,6300428,11279556,13966,83,73878,3499,100000
0$$HAR,14:55:57,420893859,-931411802,6273029,11133608,13618,83,73878,3499,100000
0$$HAR,14:56:00,420893805,-931407161,6244689,8448568,17513,83,73878,3499,100000
0$$HAR,14:56:03,420893726,-931400503,6220177,9423192,17990,83,73878,3499,100000
0$$HAR,14:56:06,420893172,-931394275,6194879,9625054,12326,83,73878,3499,100000
0$$HAR,14:56:09,420893061,-931389644,6166428,10974174,15748,83,73878,3499,100000
0$$HAR,14:56:12,420892444,-931386168,6137625,7903223,10279,83,73878,3499,100000
0$$HAR,14:56:15,420892473,-931381508,6112612,11261348,14288,83,73878,3499,100000
0$$HAR,14:56:18,420891787,-931377527,6083325,10555282,15314,83,73878,3499,100000
0$$HAR,14:56:21,420890321,-931374046,6055901,10114352,6265,83,73878,3499,100000
0$$HAR,14:56:24,420889769,-931369977,6028826,12008082,13905,83,73878,3499,100000
0$$HAR,14:56:27,420888611,-931366833,6000603,9419794,12122,83,73878,3499,100000
0$$HAR,14:56:30,420887636,-931363524,5972113,9953310,7396,83,73878,3499,100000
0$$HAR,14:56:33,420887179,-931360157,5945325,9834836,5204,83,73878,3499,100000
0$$HAR,14:56:36,420886189,-931357750,5917842,13411192,12637,83,73878,3499,100000
0$$HAR,14:56:39,420885435,-931354454,5889984,10049046,11609,83,73878,3499,100000
0$$HAR,14:56:42,420883895,-931351569,5863248,13718018,4214,83,73878,3499,100000
0$$HAR,14:56:45,420882761,-931348500,5836033,12943282,13967,82,73878,3499,100000
0$$HAR,14:56:48,420880423,-931346254,5810996,13892580,5582,82,73878,3499,100000
0$$HAR,14:56:51,420879541,-931343222,5783779,13177640,11943,82,73878,3499,100000
0$$HAR,14:56:54,420877849,-931341313,5756112,10496106,4615,82,73878,3499,100000
0$$HAR,14:56:57,420877092,-931337866,5729946,12210208,13187,82,73878,3499,100000
0$$HAR,14:57:00,420875874,-931334812,5702706,9429872,11937,82,73878,3499,100000
0$$HAR,14:57:03,420874981,-931332335,5675346,14186124,5104,82,73878,3499,100000
0$$HAR,14:57:06,420873658,-931331004,5651615,14330554,8855,82,73878,3499,100000
0$$HAR,14:57:09,420872452,-931327422,5626196,8686168,9357,82,73878,3499,100000
0$$HAR,14:57:12,420871402,-931324917,5598303,11972196,12585,82,73878,3499,100000
0$$HAR,14:57:15,420870661,-931321703,5570992,14328296,6702,82,73878,3499,100000
0$$HAR,14:57:18,420869156,-931318901,5546423,10150086,10911,82,73878,3499,100000
0$$HAR,14:57:21,420869224,-931316455,5520177,7875993,7856,82,73878,3499,100000
0$$HAR,14:57:24,420869034,-931312593,5495363,11820660,12324,82,73878,3499,100000
0$$HAR,14:57:27,420868438,-931309663,5468268,9563050,12289,82,73878,3499,100000
0$$HAR,14:57:30,420866839,-931306414,5442249,14463372,7795,82,73878,3499,100000
0$$HAR,14:57:33,420866220,-931304737,5418394,7205145,6270,82,73878,3499,100000
0$$HAR,14:57:36,420866059,-931300957,5392728,12083614,10599,82,73878,3499,100000
0$$HAR,14:57:39,420865813,-931298324,5365974,8680538,11225,82,73878,3499,100000
0$$HAR,14:57:42,420864820,-931294333,5339866,13066646,7261,82,73878,3499,100000
0$$HAR,14:57:45,420864824,-931291988,5315008,8023878,11431,82,73878,3499,100000
1$$HAR,14:57:48,420863936,-931287805,5290266,11789688,9180,82,73878,3499,100000
0$$HAR,14:57:51,420863247,-931285706,5266816,10164350,6176,82,73878,3499,100000
0$$HAR,14:57:54,420863440,-931281962,5241924,9735856,14612,82,73878,3499,100000
0$$HAR,14:57:57,420862437,-931278300,5216706,8387435,8264,82,73878,3499,100000
0$$HAR,14:58:00,420862303,-931273541,5190250,11037718,12030,82,73878,3499,100000
0$$HAR,14:58:03,420862115,-931270270,5165019,7872099,13452,82,73878,3499,100000
0$$HAR,14:58:06,420861893,-931265481,5140981,10385546,9496,86,73878,3499,100000
0$$HAR,14:58:09,420862661,-931261788,5115213,7204795,15160,86,73878,3499,100000
0$$HAR,14:58:12,420862738,-931256786,5090014,9244430,7883,84,73878,3499,100000
0$$HAR,14:58:15,420863888,-931252864,5064887,7123250,16316,84,73878,3499,100000
0$$HAR,14:58:18,420864288,-931247210,5041626,9724712,13630,84,73878,3499,100000
0$$HAR,14:58:21,420864538,-931241749,5019089,7072201,17296,84,73878,3499,100000
0$$HAR,14:58:24,420866565,-931237065,4997130,5368979,12761,84,73878,3499,100000
0$$HAR,14:58:27,420868584,-931233214,4975449,5550401,14736,84,73878,3499,100000
0$$HAR,14:58:30,420870006,-931227815,4952230,8995114,13913,84,73878,3499,100000
0$$HAR,14:58:33,420871373,-931224045,4927534,5113541,16289,83,73878,3499,100000
0$$HAR,14:58:36,420873153,-931218410,4904459,7666453,15758,83,73878,3499,100000
0$$HAR,14:58:39,420874147,-931214677,4880355,4737307,11010,83,73878,3499,100000
0$$HAR,14:58:42,420876387,-931210289,4855700,7746990,13881,83,73878,3499,100000
0$$HAR,14:58:45,420876987,-931206590,4832490,7974410,11163,83,73878,3499,100000
0$$HAR,14:58:48,420877980,-931202125,4809947,5273217,15872,83,73878,3499,100000
0$$HAR,14:58:51,420880496,-931198676,4786428,3890534,9779,83,73878,3499,100000
0$$HAR,14:58:54,420881384,-931195409,4763734,8397132,12672,83,73878,3499,100000
0$$HAR,14:58:57,420881744,-931190950,4743346,8212735,10982,83,73878,3499,100000
0$$HAR,14:59:00,420882750,-931187928,4721738,3837420,11195,83,73878,3499,100000
0$$HAR,14:59:03,420885022,-931183386,4697249,7488284,14411,83,73878,3499,100000
0$$HAR,14:59:06,420886728,-931180162,4673023,4107455,13905,83,73878,3499,100000
0$$HAR,14:59:09,420889093,-931175722,4648979,6328658,10285,83,73878,3499,100000
0$$HAR,14:59:12,420891439,-931173156,4625085,4407919,15873,83,73878,3499,100000
0$$HAR,14:59:15,420893229,-931168627,4600673,5756521,8966,83,73878,3499,100000
0$$HAR,14:59:18,420895968,-931165179,4576941,5007816,16584,83,73878,3499,100000
0$$HAR,14:59:21,420898503,-931161369,4553588,6904651,12091,87,73878,3499,100000
0$$HAR,14:59:24,420900845,-931157610,4527784,3794745,9527,83,73878,3499,100000
0$$HAR,14:59:27,420902627,-931153402,4502984,5027226,16531,83,73878,3499,100000
0$$HAR,14:59:30,420904890,-931150390,4479045,6606010,10418,83,73878,3499,100000
0$$HAR,14:59:33,420906733,-931145733,4455357,4446776,16389,83,73878,3499,100000
0$$HAR,14:59:36,420908769,-931142711,4432172,7541545,10949,83,73878,3499,100000
0$$HAR,14:59:39,420909806,-931139130,4410291,4363761,9068,83,73878,3499,100000
0$$HAR,14:59:42,420912372,-931135294,4386546,6383277,13471,83,73878,3499,100000
0$$HAR,14:59:45,420914338,-931132312,4363204,3737706,14585,83,73878,3499,100000
0$$HAR,14:59:48,420917207,-931128252,4342589,6518788,15763,83,73878,3499,100000
0$$HAR,14:59:51,420918330,-931124607,4320115,4997705,8691,83,73878,3499,100000
0$$HAR,14:59:54,420920878,-931121689,4299302,4431621,16549,83,73878,3499,100000
0$$HAR,14:59:57,420924060,-931117603,4278644,3913943,16286,83,73878,3499,100000
0$$HAR,15:00:00,420926998,-931112955,4258102,6526093,16871,83,73878,3499,100000
0$$HAR,15:00:03,420928238,-931109265,4236042,4056448,8257,83,73878,3499,100000
0$$HAR,15:00:06,420931010,-931105807,4213584,5218417,16206,83,73878,3499,100000
1$$HAR,15:00:09,420933116,-931102878,4189984,2586164,12262,83,73878,3499,100000
0$$HAR,15:00:12,420935295,-931099351,4166681,6630286,8570,83,73878,3499,100000
0$$HAR,15:00:15,420937530,-931096814,4143952,4651521,15888,83,73878,3499,100000
0$$HAR,15:00:18,420938948,-931093222,4120850,5349617,7089,83,73878,3499,100000
0$$HAR,15:00:21,420941528,-931090831,4098403,4386433,15399,83,73878,3499,100000
0$$HAR,15:00:24,420943559,-931087278,4076340,3307811,7791,83,73878,3499,100000
0$$HAR,15:00:27,420946456,-931085386,4054975,3095185,14317,83,73878,3499,100000
0$$HAR,15:00:30,420948524,-931081940,4032219,6123158,7142,83,73878,3499,100000
0$$HAR,15:00:33,420950003,-931080374,4012044,2060438,10643,84,73878,3499,100000
0$$HAR,15:00:36,420952992,-931077535,3990319,5783932,12754,83,73878,3499,100000
0$$HAR,15:00:39,420954401,-931074876,3968498,2605625,7365,83,73878,3499,100000
0$$HAR,15:00:42,420956950,-931073582,3948844,2332088,12319,83,73878,3499,100000
0$$HAR,15:00:45,420959934,-931070191,3928277,5625740,15814,83,73878,3499,100000
0$$HAR,15:00:48,420961670,-931065978,3908542,6648450,10123,83,73878,3499,100000
0$$HAR,15:00:51,420963303,-931063400,3886349,5564570,13900,83,73878,3499,100000
0$$HAR,15:00:54,420964682,-931060034,3865205,5576256,7028,83,73878,3499,100000
0$$HAR,15:00:57,420966714,-931057682,3842148,6223887,11368,87,73878,3499,100000
0$$HAR,15:01:00,420968456,-931055476,3819535,2399776,12540,87,73878,3499,100000
0$$HAR,15:01:03,420970917,-931051769,3797709,6821423,12228,87,73878,3499,100000
0$$HAR,15:01:06,420971858,-931048501,3777963,6670910,9808,87,73878,3499,100000
0$$HAR,15:01:09,420972960,-931045055,3757825,6378695,14591,87,73878,3499,100000
0$$HAR,15:01:12,420975437,-931042118,3734820,3052376,7099,87,73878,3499,100000
0$$HAR,15:01:15,420976795,-931038875,3713410,5922760,15294,87,73878,3499,100000
0$$HAR,15:01:18,420979770,-931035637,3691978,2345572,10139,87,73878,3499,100000
0$$HAR,15:01:21,420981567,-931032790,3669230,4966231,15855,87,73878,3499,100000
0$$HAR,15:01:24,420984230,-931029828,3646486,6198119,11684,87,73878,3499,100000
0$$HAR,15:01:27,420986803,-931025936,3624500,2818064,12709,87,73878,3499,100000
0$$HAR,15:01:30,420988456,-931023541,3602409,6818542,12527,87,73878,3499,100000
0$$HAR,15:01:33,420990974,-931019867,3580367,2302338,10982,87,73878,3499,100000
0$$HAR,15:01:36,420992604,-931017573,3558887,6170613,13554,87,73878,3499,100000
0$$HAR,15:01:39,420995207,-931014839,3536067,2535111,9016,87,73878,3499,100000
0$$HAR,15:01:42,420996620,-931012286,3516033,7049319,12056,87,73878,3499,100000
0$$HAR,15:01:45,420998646,-931007629,3496760,5478783,16440,87,73878,3499,100000
0$$HAR,15:01:48,421001768,-931003846,3477405,2520571,13367,87,73878,3499,100000
0$$HAR,15:01:51,421004121,-931001883,3457981,5144974,7788,87,73878,3499,100000
0$$HAR,15:01:54,421005945,-930998117,3437144,4649996,16561,87,73878,3499,100000
0$$HAR,15:01:57,421009264,-930995253,3417363,2509823,11622,87,73878,3499,100000
0$$HAR,15:02:00,421011115,-930993148,3397253,6638719,10758,87,73878,3499,100000
0$$HAR,15:02:03,421012828,-930988707,3377847,5198865,16053,87,73878,3499,100000
0$$HAR,15:02:06,421015021,-930985654,3355012,6973970,10574,87,73878,3499,100000
0$$HAR,15:02:09,421017507,-930982034,3332651,2394959,12697,87,73878,3499,100000
0$$HAR,15:02:12,421019381,-930979950,3312508,6640046,10769,87,73878,3499,100000
0$$HAR,15:02:15,421021845,-930975680,3290914,3249080,13935,87,73878,3499,100000
0$$HAR,15:02:18,421023725,-930973092,3269481,6836529,12303,87,73878,3499,100000
0$$HAR,15:02:21,421026259,-930968351,3248989,4819735,17188,87,73878,3499,100000
0$$HAR,15:02:24,421029288,-930964915,3228882,4272838,9489,87,73878,3499,100000
0$$HAR,15:02:27,421031451,-930961123,3206490,3951494,17801,87,73878,3499,100000
0$$HAR,15:02:30,421034335,-930958303,3185964,4989915,8434,87,73878,3499,100000
0$$HAR,15:02:33,421035954,-930954411,3165472,5043618,17023,87,73878,3499,100000
0$$HAR,15:02:36,421039484,-930950706,3145915,3227203,14811,87,73878,3499,100000
0$$HAR,15:02:39,421042845,-930947880,3127843,3467906,16014,87,73878,3499,100000
0$$HAR,15:02:42,421045504,-930943099,3107763,6661400,16019,87,73878,3499,100000
0$$HAR,15:02:45,421047220,-930939645,3087619,3286823,12205,87,73878,3499,100000
0$$HAR,15:02:48,421049893,-930935569,3065081,6979461,13481,87,73878,3499,100000
0$$HAR,15:02:51,421051183,-930931785,3046285,5952152,10276,87,73878,3499,100000
0$$HAR,15:02:54,421052965,-930929154,3027999,3309203,10671,87,73878,3499,100000
0$$HAR,15:02:57,421056277,-930926138,3009049,4172387,17968,87,73878,3499,100000
0$$HAR,15:03:00,421058500,-930921340,2988565,6815097,11394,87,73878,3499,100000
0$$HAR,15:03:03,421060709,-930918273,2968573,3852309,16026,87,73878,3499,100000
0$$HAR,15:03:06,421063522,-930913399,2947899,6898787,15633,87,73878,3499,100000
0$$HAR,15:03:09,421064973,-930909665,2928270,3793873,11118,87,73878,3499,100000
0$$HAR,15:03:12,421067849,-930906043,2907665,6096473,14183,87,73878,3499,100000
0$$HAR,15:03:15,421070316,-930900979,2885603,4590699,17981,87,73878,3499,100000
0$$HAR,15:03:18,421073270,-930897457,2865972,4141431,11242,87,73878,3499,100000
0$$HAR,15:03:21,421074690,-930893506,2845464,6535577,17079,87,73878,3499,100000
0$$HAR,15:03:24,421077659,-930889230,2824121,4085386,12475,87,73878,3499,100000
0$$HAR,15:03:27,421079208,-930886247,2804852,6990402,11062,87,73878,3499,100000
0$$HAR,15:03:30,421080312,-930881767,2786194,6928578,15832,87,73878,3499,100000
0$$HAR,15:03:33,421082605,-930876298,2767365,4981405,18090,87,73878,3499,100000
0$$HAR,15:03:36,421085606,-930872752,2748408,3869861,13607,87,73878,3499,100000
0$$HAR,15:03:39,421088348,-930868247,2728360,7003798,16570,83,73878,3499,100000
0$$HAR,15:03:42,421089709,-930864403,2707049,3671686,11160,83,73878,3499,100000
0$$HAR,15:03:45,421092481,-930860597,2687648,6027782,17006,83,73878,3499,100000
0$$HAR,15:03:48,421093579,-930856391,2667092,5725576,8020,83,73878,3499,100000
0$$HAR,15:03:51,421095554,-930853842,2647748,3873900,12874,83,73878,3499,100000
0$$HAR,15:03:54,421098229,-930849902,2629126,6056959,16428,83,73878,3499,100000
0$$HAR,15:03:57,421099597,-930845736,2607511,4512048,10611,83,73878,3499,100000
0$$HAR,15:04:00,421101585,-930841503,2584858,8043814,11836,87,73878,3499,100000
0$$HAR,15:04:03,421102503,-930838946,2563529,4558514,8202,87,73878,3499,100000
0$$HAR,15:04:06,421103731,-930836832,2544249,7611923,7431,87,73878,3499,100000
0$$HAR,15:04:09,421104738,-930832415,2522259,6175051,15346,87,73878,3499,100000
0$$HAR,15:04:12,421106640,-930829361,2501820,3757561,6413,87,73878,3499,100000
0$$HAR,15:04:15,421107253,-930827196,2481065,9302344,10062,87,73878,3499,100000
0$$HAR,15:04:18,421107613,-930822900,2461510,7406106,13465,87,73878,3499,100000
0$$HAR,15:04:21,421109055,-930818424,2442132,6517850,13950,87,73878,3499,100000
0$$HAR,15:04:24,421111112,-930815095,2422299,3742275,7918,87,73878,3499,100000
0$$HAR,15:04:27,421111573,-930813216,2401910,9031892,7147,87,73878,3499,100000
0$$HAR,15:04:30,421112430,-930809731,2380380,4068669,10901,87,73878,3499,100000
0$$HAR,15:04:33,421113753,-930807842,2358914,8220702,7858,87,73878,3499,100000
0$$HAR,15:04:36,421114298,-930803555,2337752,8704424,11495,87,73878,3499,100000
0$$HAR,15:04:39,421114741,-930800711,2317781,3862589,6876,87,73878,3499,100000
0$$HAR,15:04:42,421116152,-930798986,2298536,4070527,7056,87,73878,3499,100000
0$$HAR,15:04:45,421117460,-930796155,2277873,9030738,11139,87,73878,3499,100000
0$$HAR,15:04:48,421117934,-930793555,2254977,4951846,9807,87,73878,3499,100000
0$$HAR,15:04:51,421119171,-930789756,2234609,8243986,12476,87,73878,3499,100000
0$$HAR,15:04:54,421119349,-930786993,2212287,4249647,6837,87,73878,3499,100000
0$$HAR,15:04:57,421120678,-930784040,2191296,9113560,10290,87,73878,3499,100000
0$$HAR,15:05:00,421120626,-930782337,2169131,4584293,4055,85,73878,3499,100000
0$$HAR,15:05:03,421121924,-930780224,2149763,6617923,9883,85,73878,3499,100000
0$$HAR,15:05:06,421121867,-930777198,2128964,11068398,4169,85,73878,3499,100000
0$$HAR,15:05:09,421122369,-930776267,2109681,3784523,5227,85,73878,3499,100000
0$$HAR,15:05:12,421123470,-930773793,2088932,8833384,10270,85,73878,3499,100000
0$$HAR,15:05:15,421123329,-930771713,2067613,6571938,3229,85,73878,3499,100000
0$$HAR,15:05:18,421124503,-930768984,2045869,8336055,10788,85,73878,3499,100000
0$$HAR,15:05:21,421124652,-930765481,2027022,8055546,10614,85,73878,3499,100000
0$$HAR,15:05:24,421126156,-930762452,2007462,4002370,8877,85,73878,3499,100000
0$$HAR,15:05:27,421127147,-930761349,1987840,6535605,3368,85,73878,3499,100000
0$$HAR,15:05:30,421127303,-930758476,1967364,6199398,10698,85,73878,3499,100000
0$$HAR,15:05:33,421128821,-930756460,1945667,6923795,3009,85,73878,3499,100000
0$$HAR,15:05:36,421128802,-930753922,1925004,8346168,9565,85,73878,3499,100000
0$$HAR,15:05:39,421129833,-930751058,1902248,6467214,3326,111,73878,3499,100000
0$$HAR,15:05:42,421129687,-930748447,1881747,8301754,11026,88,73878,3499,100000
0$$HAR,15:05:45,421130698,-930744566,1863411,7088668,11271,88,73878,3499,100000
0$$HAR,15:05:48,421130700,-930741390,1843678,11411564,4796,88,73878,3499,100000
0$$HAR,15:05:51,421130804,-930740229,1825294,8131821,3280,88,73878,3499,100000
0$$HAR,15:05:54,421130384,-930738008,1806695,9902210,10109,88,73878,3499,100000
0$$HAR,15:05:57,421130758,-930733930,1788080,7211531,11825,88,73878,3499,100000
0$$HAR,15:06:00,421131960,-930731091,1769885,5164041,4849,88,73878,3499,100000
0$$HAR,15:06:03,421132180,-930729835,1751036,7500475,3756,88,73878,3499,100000
0$$HAR,15:06:06,421131938,-930727950,1732144,10923606,10253,88,73878,3499,100000
0$$HAR,15:06:09,421132316,-930724133,1712218,5855479,10351,88,73878,3499,100000
0$$HAR,15:06:12,421133586,-930722016,1693656,5087874,4079,88,73878,3499,100000
0$$HAR,15:06:15,421133975,-930720706,1675749,6245803,4746,88,73878,3499,100000
0$$HAR,15:06:18,421134664,-930717444,1654780,9747494,11542,88,73878,3499,100000
0$$HAR,15:06:21,421135140,-930713659,1635401,5354116,7833,88,73878,3499,100000
0$$HAR,15:06:24,421135213,-930711749,1615008,11768246,6881,88,73878,3499,100000
0$$HAR,15:06:27,421135391,-930708299,1594421,5700627,10502,88,73878,3499,100000
0$$HAR,15:06:30,421136564,-930705034,1575752,7639747,11896,88,73878,3499,100000
0$$HAR,15:06:33,421136417,-930702216,1554676,5930639,3731,88,73878,3499,100000
0$$HAR,15:06:36,421137414,-930700197,1536271,6557969,10253,88,73878,3499,100000
0$$HAR,15:06:39,421137925,-930696151,1518012,9115128,11693,88,73878,3499,100000
0$$HAR,15:06:42,421137119,-930693126,1499328,12451706,5617,88,73878,3499,100000
0$$HAR,15:06:45,421137363,-930691321,1480877,6047161,8468,88,73878,3499,100000
0$$HAR,15:06:48,421137763,-930687447,1462123,10160920,11750,89,73878,3499,100000
0$$HAR,15:06:51,421136790,-930684582,1443753,11578328,5148,89,73878,3499,100000
0$$HAR,15:06:54,421137535,-930681847,1424397,7510089,11627,89,73878,3499,100000
0$$HAR,15:06:57,421136995,-930678629,1404699,12598270,5295,89,73878,3499,100000
0$$HAR,15:07:00,421137183,-930676523,1385741,7883573,11492,89,73878,3499,100000
0$$HAR,15:07:03,421136655,-930672435,1366475,11445496,8300,89,73878,3499,100000
0$$HAR,15:07:06,421136446,-930670541,1348878,6674579,6200,88,73878,3499,100000
0$$HAR,15:07:09,421137349,-930667632,1331431,7795454,11680,88,73878,3499,100000
0$$HAR,15:07:12,421136956,-930663160,1312981,10835520,11422,88,73878,3499,100000
0$$HAR,15:07:15,421136168,-930660143,1295392,8543338,4767,88,73878,3499,100000
0$$HAR,15:07:18,421137028,-930657224,1276968,7446528,12467,88,73878,3499,100000
0$$HAR,15:07:21,421137954,-930653123,1259263,6549345,9431,88,73878,3499,100000
0$$HAR,15:07:24,421137616,-930650403,1239268,11157372,12285,88,73878,3499,100000
0$$HAR,15:07:27,421137479,-930645475,1221145,7419969,12849,88,73878,3499,100000
0$$HAR,15:07:30,421138354,-930642447,1203151,8556906,6633,88,73878,3499,100000
0$$HAR,15:07:33,421137807,-930639171,1185049,10009944,13789,88,73878,3499,100000
0$$HAR,15:07:36,421138204,-930634237,1166599,6895009,12406,88,73878,3499,100000
1$$HAR,15:07:39,421139178,-930631154,1148632,7520153,6148,88,73878,3499,100000
0$$HAR,15:07:42,421138482,-930628321,1129559,11010330,12592,88,73878,3499,100000
0$$HAR,15:07:45,421137636,-930623839,1112296,10408732,12415,88,73878,3499,100000
0$$HAR,15:07:48,421136914,-930619382,1095243,10104400,12711,88,73878,3499,100000
0$$HAR,15:07:51,421136186,-930614894,1077865,10681932,12525,88,73878,3499,100000
0$$HAR,15:07:54,421134706,-930611632,1058432,13827662,7242,88,73878,3499,100000
0$$HAR,15:07:57,421134188,-930609841,1040018,8169531,7037,88,73878,3499,100000
0$$HAR,15:08:00,421133799,-930606264,1018961,12850644,11273,88,73878,3499,100000
0$$HAR,15:08:03,421132981,-930604499,1000009,10084156,5199,88,73878,3499,100000
0$$HAR,15:08:06,421132916,-930602449,982940,11877254,5143,88,73878,3499,100000
0$$HAR,15:08:09,421131631,-930600479,964578,11426560,8200,123,73878,3499,100000
0$$HAR,15:08:12,421130846,-930596609,946545,7752155,8914,91,73878,3499,100000
0$$HAR,15:08:15,421130627,-930594338,926329,10591368,5906,91,73878,3499,100000
0$$HAR,15:08:18,421130663,-930591292,906175,9728866,12091,91,73878,3499,100000
0$$HAR,15:08:21,421130083,-930589071,885035,10158116,4220,90,73878,3499,100000
0$$HAR,15:08:24,421130417,-930586494,867439,8256530,10233,90,73878,3499,100000
0$$HAR,15:08:27,421129553,-930582733,850945,12124244,10925,90,73878,3499,100000
0$$HAR,15:08:30,421128172,-930580632,834535,13353042,3980,90,73878,3499,100000
0$$HAR,15:08:33,421128325,-930578263,817454,8992446,11675,90,73878,3499,100000
0$$HAR,15:08:36,421127337,-930574754,799341,13628334,7289,90,73878,3499,100000
0$$HAR,15:08:39,421127191,-930572427,780690,8387010,11065,87,73878,3499,100000
0$$HAR,15:08:42,421126258,-930568759,762219,13279788,8833,87,73878,3499,100000
0$$HAR,15:08:45,421125291,-930567050,744734,10315730,4784,87,73878,3499,100000
0$$HAR,15:08:48,421125344,-930563788,727351,10217968,12545,87,73878,3499,100000
0$$HAR,15:08:51,421125398,-930560010,711333,7590075,7687,87,73878,3499,100000
0$$HAR,15:08:54,421124860,-930558385,694111,12889322,6918,87,73878,3499,100000
0$$HAR,15:08:57,421123381,-930555361,677957,11441212,11736,87,73878,3499,100000
0$$HAR,15:09:00,421121880,-930551850,662415,13063338,9874,87,73878,3499,100000
0$$HAR,15:09:03,421120929,-930550033,646232,9625256,5112,87,73878,3499,100000
0$$HAR,15:09:06,421121062,-930546841,630390,10404990,11998,87,73878,3499,100000
0$$HAR,15:09:09,421119625,-930543912,614495,12732580,7787,87,73878,3499,100000
0$$HAR,15:09:12,421119544,-930541315,596400,7354525,11940,87,73878,3499,100000
0$$HAR,15:09:15,421120316,-930537051,579075,6690262,11327,87,73878,3499,100000
0$$HAR,15:09:18,421121552,-930534023,561324,5827300,7424,87,73878,3499,100000
0$$HAR,15:09:21,421122592,-930531971,543283,6087891,4880,87,73878,3499,100000
0$$HAR,15:09:24,421122592,-930530132,525705,10782794,8384,87,73878,3499,100000
0$$HAR,15:09:27,421122671,-930527839,509638,4099925,7933,87,73878,3499,100000
0$$HAR,15:09:30,421124006,-930524184,491727,8081535,9853,87,73878,3499,100000
0$$HAR,15:09:33,421124653,-930522617,475997,1845268,7698,87,73878,3499,100000
0$$HAR,15:09:36,421126727,-930519884,459833,4906470,11298,87,73878,3499,100000
0$$HAR,15:09:39,421128851,-930518059,442967,904549,6010,87,73878,3499,100000
0$$HAR,15:09:42,421129501,-930516157,424729,7560088,9803,87,73878,3499,100000
0$$HAR,15:09:45,421130200,-930513478,408212,5930237,4749,87,73878,3499,100000
0$$HAR,15:09:48,421131728,-930512511,389882,2468588,9410,87,73878,3499,100000
0$$HAR,15:09:51,421133727,-930509883,372998,7154934,10643,87,73878,3499,100000
0$$HAR,15:09:54,421134105,-930507336,355010,7526098,4870,87,73878,3499,100000
0$$HAR,15:09:57,421134778,-930504644,339046,5783562,12306,87,73878,3499,100000
0$$HAR,15:10:00,421136550,-930502610,321617,2627778,3620,87,73878,3499,100000
0$$HAR,15:10:03,421136899,-930501474,305390,8187061,4922,87,73878,3499,100000
0$$HAR,15:10:06,421136925,-930499079,289928,7894459,10077,87,73878,3499,100000
0$$HAR,15:10:09,421138087,-930496635,273987,3831015,3658,87,73878,3499,100000
0$$HAR,15:10:12,421138795,-930496080,256946,2360972,4722,87,73878,3499,100000
0$$HAR,15:10:15,421139772,-930495283,246410,3520479,838,91,73878,3499,100000
0$$HAR,15:10:18,421139802,-930495198,247274,3520479,165,90,73878,3499,100000
0$$HAR,15:10:21,421139775,-930495212,247576,3520479,123,92,73878,3499,100000
0$$HAR,15:10:24,421139746,-930495272,247937,3520479,54,92,73878,3499,100000
0$$HAR,15:10:27,421139730,-930495314,248004,3520479,103,88,73878,3499,100000
0$$HAR,15:10:30,421139714,-930495360,248465,3520479,86,93,73878,3499,100000
0$$HAR,15:10:33,421139688,-930495386,248682,3520479,55,92,73878,3499,100000